[11-May-2025 16:20:43 Europe/Berlin] Session already active in TokenHandler. Session ID: 2goe9gs7mhelqhr12neqjl0p3h
[11-May-2025 16:20:43 Europe/Berlin] Current session data: {"csrf_token":"696064f4051ef34923eebf5735c06a13b0d77230a1f6b3adb472c1afafab869e","csrf_token_time":1746972852,"student_id":1,"usertype":"user","srcode":"23-32966","student_name":"Lourence Reguis","email":"23-32966@g.batstate-u.edu.ph","course_id":16,"section":"2201"}
[11-May-2025 16:20:43 Europe/Berlin] Session already active in TokenHandler. Session ID: 2goe9gs7mhelqhr12neqjl0p3h
[11-May-2025 16:20:43 Europe/Berlin] Current session data: {"csrf_token":"696064f4051ef34923eebf5735c06a13b0d77230a1f6b3adb472c1afafab869e","csrf_token_time":1746972852,"student_id":1,"usertype":"user","srcode":"23-32966","student_name":"Lourence Reguis","email":"23-32966@g.batstate-u.edu.ph","course_id":16,"section":"2201"}
[11-May-2025 16:21:20 Europe/Berlin] Session already active in TokenHandler. Session ID: 2goe9gs7mhelqhr12neqjl0p3h
[11-May-2025 16:21:20 Europe/Berlin] Current session data: {"csrf_token":"696064f4051ef34923eebf5735c06a13b0d77230a1f6b3adb472c1afafab869e","csrf_token_time":1746972852,"student_id":1,"usertype":"user","srcode":"23-32966","student_name":"Lourence Reguis","email":"23-32966@g.batstate-u.edu.ph","course_id":16,"section":"2201"}
[11-May-2025 16:21:20 Europe/Berlin] Session already active in TokenHandler. Session ID: 2goe9gs7mhelqhr12neqjl0p3h
[11-May-2025 16:21:20 Europe/Berlin] Current session data: {"csrf_token":"696064f4051ef34923eebf5735c06a13b0d77230a1f6b3adb472c1afafab869e","csrf_token_time":1746972852,"student_id":1,"usertype":"user","srcode":"23-32966","student_name":"Lourence Reguis","email":"23-32966@g.batstate-u.edu.ph","course_id":16,"section":"2201"}
[11-May-2025 16:22:56 Europe/Berlin] Session already active in TokenHandler. Session ID: 2goe9gs7mhelqhr12neqjl0p3h
[11-May-2025 16:22:56 Europe/Berlin] Current session data: {"csrf_token":"696064f4051ef34923eebf5735c06a13b0d77230a1f6b3adb472c1afafab869e","csrf_token_time":1746972852,"student_id":1,"usertype":"user","srcode":"23-32966","student_name":"Lourence Reguis","email":"23-32966@g.batstate-u.edu.ph","course_id":16,"section":"2201"}
[11-May-2025 16:22:56 Europe/Berlin] Session already active in TokenHandler. Session ID: 2goe9gs7mhelqhr12neqjl0p3h
[11-May-2025 16:22:56 Europe/Berlin] Current session data: {"csrf_token":"696064f4051ef34923eebf5735c06a13b0d77230a1f6b3adb472c1afafab869e","csrf_token_time":1746972852,"student_id":1,"usertype":"user","srcode":"23-32966","student_name":"Lourence Reguis","email":"23-32966@g.batstate-u.edu.ph","course_id":16,"section":"2201"}
[11-May-2025 16:22:56 Europe/Berlin] Session already active in TokenHandler. Session ID: 2goe9gs7mhelqhr12neqjl0p3h
[11-May-2025 16:22:56 Europe/Berlin] Current session data: {"csrf_token":"696064f4051ef34923eebf5735c06a13b0d77230a1f6b3adb472c1afafab869e","csrf_token_time":1746972852,"student_id":1,"usertype":"user","srcode":"23-32966","student_name":"Lourence Reguis","email":"23-32966@g.batstate-u.edu.ph","course_id":16,"section":"2201"}
[11-May-2025 16:22:56 Europe/Berlin] Session already active in TokenHandler. Session ID: 2goe9gs7mhelqhr12neqjl0p3h
[11-May-2025 16:22:56 Europe/Berlin] Current session data: {"csrf_token":"696064f4051ef34923eebf5735c06a13b0d77230a1f6b3adb472c1afafab869e","csrf_token_time":1746972852,"student_id":1,"usertype":"user","srcode":"23-32966","student_name":"Lourence Reguis","email":"23-32966@g.batstate-u.edu.ph","course_id":16,"section":"2201"}
[11-May-2025 16:24:35 Europe/Berlin] Session already active in TokenHandler. Session ID: 2goe9gs7mhelqhr12neqjl0p3h
[11-May-2025 16:24:35 Europe/Berlin] Current session data: {"csrf_token":"696064f4051ef34923eebf5735c06a13b0d77230a1f6b3adb472c1afafab869e","csrf_token_time":1746972852,"student_id":1,"usertype":"user","srcode":"23-32966","student_name":"Lourence Reguis","email":"23-32966@g.batstate-u.edu.ph","course_id":16,"section":"2201"}
[11-May-2025 16:24:35 Europe/Berlin] Session already active in TokenHandler. Session ID: 2goe9gs7mhelqhr12neqjl0p3h
[11-May-2025 16:24:35 Europe/Berlin] Current session data: {"csrf_token":"696064f4051ef34923eebf5735c06a13b0d77230a1f6b3adb472c1afafab869e","csrf_token_time":1746972852,"student_id":1,"usertype":"user","srcode":"23-32966","student_name":"Lourence Reguis","email":"23-32966@g.batstate-u.edu.ph","course_id":16,"section":"2201"}
[11-May-2025 16:24:45 Europe/Berlin] Starting CSRF validation for action: applyForJob
[11-May-2025 16:24:45 Europe/Berlin] CSRF token missing in request headers
[11-May-2025 16:24:45 Europe/Berlin] Available headers: {"HOST":"localhost","CONNECTION":"keep-alive","CONTENT-LENGTH":"509","PRAGMA":"no-cache","CACHE-CONTROL":"no-cache","SEC-CH-UA-PLATFORM":"\"Windows\"","USER-AGENT":"Mozilla\/5.0 (Windows NT 10.0; Win64; x64) AppleWebKit\/537.36 (KHTML, like Gecko) Chrome\/136.0.0.0 Safari\/537.36","SEC-CH-UA":"\"Chromium\";v=\"136\", \"Brave\";v=\"136\", \"Not.A\/Brand\";v=\"99\"","CONTENT-TYPE":"multipart\/form-data; boundary=----WebKitFormBoundarygIK26D9AdlI9n829","SEC-CH-UA-MOBILE":"?0","ACCEPT":"*\/*","SEC-GPC":"1","ACCEPT-LANGUAGE":"en-US,en;q=0.9","ORIGIN":"http:\/\/localhost","SEC-FETCH-SITE":"same-origin","SEC-FETCH-MODE":"cors","SEC-FETCH-DEST":"empty","REFERER":"http:\/\/localhost\/Reguis\/JobListing\/Dashboard\/job_listings.php","ACCEPT-ENCODING":"gzip, deflate, br, zstd","COOKIE":"PHPSESSID=2goe9gs7mhelqhr12neqjl0p3h"}
[11-May-2025 16:24:45 Europe/Berlin] CSRF token missing
[11-May-2025 16:27:13 Europe/Berlin] Session already active in TokenHandler. Session ID: 2goe9gs7mhelqhr12neqjl0p3h
[11-May-2025 16:27:13 Europe/Berlin] Current session data: {"csrf_token":"696064f4051ef34923eebf5735c06a13b0d77230a1f6b3adb472c1afafab869e","csrf_token_time":1746972852,"student_id":1,"usertype":"user","srcode":"23-32966","student_name":"Lourence Reguis","email":"23-32966@g.batstate-u.edu.ph","course_id":16,"section":"2201"}
[11-May-2025 16:27:13 Europe/Berlin] Session already active in TokenHandler. Session ID: 2goe9gs7mhelqhr12neqjl0p3h
[11-May-2025 16:27:13 Europe/Berlin] Current session data: {"csrf_token":"696064f4051ef34923eebf5735c06a13b0d77230a1f6b3adb472c1afafab869e","csrf_token_time":1746972852,"student_id":1,"usertype":"user","srcode":"23-32966","student_name":"Lourence Reguis","email":"23-32966@g.batstate-u.edu.ph","course_id":16,"section":"2201"}
[11-May-2025 16:28:58 Europe/Berlin] Session already active in TokenHandler. Session ID: 2goe9gs7mhelqhr12neqjl0p3h
[11-May-2025 16:28:58 Europe/Berlin] Current session data: {"csrf_token":"696064f4051ef34923eebf5735c06a13b0d77230a1f6b3adb472c1afafab869e","csrf_token_time":1746972852,"student_id":1,"usertype":"user","srcode":"23-32966","student_name":"Lourence Reguis","email":"23-32966@g.batstate-u.edu.ph","course_id":16,"section":"2201"}
[11-May-2025 16:28:58 Europe/Berlin] Session already active in TokenHandler. Session ID: 2goe9gs7mhelqhr12neqjl0p3h
[11-May-2025 16:28:58 Europe/Berlin] Current session data: {"csrf_token":"696064f4051ef34923eebf5735c06a13b0d77230a1f6b3adb472c1afafab869e","csrf_token_time":1746972852,"student_id":1,"usertype":"user","srcode":"23-32966","student_name":"Lourence Reguis","email":"23-32966@g.batstate-u.edu.ph","course_id":16,"section":"2201"}
[11-May-2025 16:29:02 Europe/Berlin] Starting CSRF validation for action: applyForJob
[11-May-2025 16:29:02 Europe/Berlin] CSRF token missing in request headers
[11-May-2025 16:29:02 Europe/Berlin] Available headers: {"HOST":"localhost","CONNECTION":"keep-alive","CONTENT-LENGTH":"509","PRAGMA":"no-cache","CACHE-CONTROL":"no-cache","SEC-CH-UA-PLATFORM":"\"Windows\"","USER-AGENT":"Mozilla\/5.0 (Windows NT 10.0; Win64; x64) AppleWebKit\/537.36 (KHTML, like Gecko) Chrome\/136.0.0.0 Safari\/537.36","SEC-CH-UA":"\"Chromium\";v=\"136\", \"Brave\";v=\"136\", \"Not.A\/Brand\";v=\"99\"","CONTENT-TYPE":"multipart\/form-data; boundary=----WebKitFormBoundaryYiEslHhihSII6sTt","SEC-CH-UA-MOBILE":"?0","ACCEPT":"*\/*","SEC-GPC":"1","ACCEPT-LANGUAGE":"en-US,en;q=0.9","ORIGIN":"http:\/\/localhost","SEC-FETCH-SITE":"same-origin","SEC-FETCH-MODE":"cors","SEC-FETCH-DEST":"empty","REFERER":"http:\/\/localhost\/Reguis\/JobListing\/Dashboard\/job_listings.php","ACCEPT-ENCODING":"gzip, deflate, br, zstd","COOKIE":"PHPSESSID=2goe9gs7mhelqhr12neqjl0p3h"}
[11-May-2025 16:29:02 Europe/Berlin] CSRF token missing
[11-May-2025 16:29:03 Europe/Berlin] Starting CSRF validation for action: applyForJob
[11-May-2025 16:29:03 Europe/Berlin] CSRF token missing in request headers
[11-May-2025 16:29:03 Europe/Berlin] Available headers: {"HOST":"localhost","CONNECTION":"keep-alive","CONTENT-LENGTH":"509","PRAGMA":"no-cache","CACHE-CONTROL":"no-cache","SEC-CH-UA-PLATFORM":"\"Windows\"","USER-AGENT":"Mozilla\/5.0 (Windows NT 10.0; Win64; x64) AppleWebKit\/537.36 (KHTML, like Gecko) Chrome\/136.0.0.0 Safari\/537.36","SEC-CH-UA":"\"Chromium\";v=\"136\", \"Brave\";v=\"136\", \"Not.A\/Brand\";v=\"99\"","CONTENT-TYPE":"multipart\/form-data; boundary=----WebKitFormBoundary1Ko93GbC2PqyFee8","SEC-CH-UA-MOBILE":"?0","ACCEPT":"*\/*","SEC-GPC":"1","ACCEPT-LANGUAGE":"en-US,en;q=0.9","ORIGIN":"http:\/\/localhost","SEC-FETCH-SITE":"same-origin","SEC-FETCH-MODE":"cors","SEC-FETCH-DEST":"empty","REFERER":"http:\/\/localhost\/Reguis\/JobListing\/Dashboard\/job_listings.php","ACCEPT-ENCODING":"gzip, deflate, br, zstd","COOKIE":"PHPSESSID=2goe9gs7mhelqhr12neqjl0p3h"}
[11-May-2025 16:29:03 Europe/Berlin] CSRF token missing
[11-May-2025 16:29:04 Europe/Berlin] Starting CSRF validation for action: applyForJob
[11-May-2025 16:29:04 Europe/Berlin] CSRF token missing in request headers
[11-May-2025 16:29:04 Europe/Berlin] Available headers: {"HOST":"localhost","CONNECTION":"keep-alive","CONTENT-LENGTH":"509","PRAGMA":"no-cache","CACHE-CONTROL":"no-cache","SEC-CH-UA-PLATFORM":"\"Windows\"","USER-AGENT":"Mozilla\/5.0 (Windows NT 10.0; Win64; x64) AppleWebKit\/537.36 (KHTML, like Gecko) Chrome\/136.0.0.0 Safari\/537.36","SEC-CH-UA":"\"Chromium\";v=\"136\", \"Brave\";v=\"136\", \"Not.A\/Brand\";v=\"99\"","CONTENT-TYPE":"multipart\/form-data; boundary=----WebKitFormBoundarydVCl6D72PGojvaiT","SEC-CH-UA-MOBILE":"?0","ACCEPT":"*\/*","SEC-GPC":"1","ACCEPT-LANGUAGE":"en-US,en;q=0.9","ORIGIN":"http:\/\/localhost","SEC-FETCH-SITE":"same-origin","SEC-FETCH-MODE":"cors","SEC-FETCH-DEST":"empty","REFERER":"http:\/\/localhost\/Reguis\/JobListing\/Dashboard\/job_listings.php","ACCEPT-ENCODING":"gzip, deflate, br, zstd","COOKIE":"PHPSESSID=2goe9gs7mhelqhr12neqjl0p3h"}
[11-May-2025 16:29:04 Europe/Berlin] CSRF token missing
[11-May-2025 16:39:52 Europe/Berlin] Session already active in TokenHandler. Session ID: 2goe9gs7mhelqhr12neqjl0p3h
[11-May-2025 16:39:52 Europe/Berlin] Current session data: {"csrf_token":"696064f4051ef34923eebf5735c06a13b0d77230a1f6b3adb472c1afafab869e","csrf_token_time":1746972852,"student_id":1,"usertype":"admin","srcode":"21-00001","student_name":"Lourence Reguis","email":"admin@admin.com","course_id":16,"section":"2201","admin_id":1,"admin_name":"Admin User","is_super_admin":true}
[11-May-2025 16:39:52 Europe/Berlin] Session already active in TokenHandler. Session ID: 2goe9gs7mhelqhr12neqjl0p3h
[11-May-2025 16:39:52 Europe/Berlin] Current session data: {"csrf_token":"696064f4051ef34923eebf5735c06a13b0d77230a1f6b3adb472c1afafab869e","csrf_token_time":1746972852,"student_id":1,"usertype":"admin","srcode":"21-00001","student_name":"Lourence Reguis","email":"admin@admin.com","course_id":16,"section":"2201","admin_id":1,"admin_name":"Admin User","is_super_admin":true}
[11-May-2025 16:39:54 Europe/Berlin] Session already active in TokenHandler. Session ID: 2goe9gs7mhelqhr12neqjl0p3h
[11-May-2025 16:39:54 Europe/Berlin] Current session data: {"csrf_token":"696064f4051ef34923eebf5735c06a13b0d77230a1f6b3adb472c1afafab869e","csrf_token_time":1746972852,"student_id":1,"usertype":"admin","srcode":"21-00001","student_name":"Lourence Reguis","email":"admin@admin.com","course_id":16,"section":"2201","admin_id":1,"admin_name":"Admin User","is_super_admin":true}
[11-May-2025 16:39:54 Europe/Berlin] Session already active in TokenHandler. Session ID: 2goe9gs7mhelqhr12neqjl0p3h
[11-May-2025 16:39:54 Europe/Berlin] Current session data: {"csrf_token":"696064f4051ef34923eebf5735c06a13b0d77230a1f6b3adb472c1afafab869e","csrf_token_time":1746972852,"student_id":1,"usertype":"admin","srcode":"21-00001","student_name":"Lourence Reguis","email":"admin@admin.com","course_id":16,"section":"2201","admin_id":1,"admin_name":"Admin User","is_super_admin":true}
[11-May-2025 16:39:56 Europe/Berlin] Session already active in TokenHandler. Session ID: 2goe9gs7mhelqhr12neqjl0p3h
[11-May-2025 16:39:56 Europe/Berlin] Current session data: {"csrf_token":"696064f4051ef34923eebf5735c06a13b0d77230a1f6b3adb472c1afafab869e","csrf_token_time":1746972852,"student_id":1,"usertype":"admin","srcode":"21-00001","student_name":"Lourence Reguis","email":"admin@admin.com","course_id":16,"section":"2201","admin_id":1,"admin_name":"Admin User","is_super_admin":true}
[11-May-2025 16:39:56 Europe/Berlin] Session already active in TokenHandler. Session ID: 2goe9gs7mhelqhr12neqjl0p3h
[11-May-2025 16:39:56 Europe/Berlin] Current session data: {"csrf_token":"696064f4051ef34923eebf5735c06a13b0d77230a1f6b3adb472c1afafab869e","csrf_token_time":1746972852,"student_id":1,"usertype":"admin","srcode":"21-00001","student_name":"Lourence Reguis","email":"admin@admin.com","course_id":16,"section":"2201","admin_id":1,"admin_name":"Admin User","is_super_admin":true}
[11-May-2025 16:39:56 Europe/Berlin] Session already active in TokenHandler. Session ID: 2goe9gs7mhelqhr12neqjl0p3h
[11-May-2025 16:39:56 Europe/Berlin] Current session data: {"csrf_token":"696064f4051ef34923eebf5735c06a13b0d77230a1f6b3adb472c1afafab869e","csrf_token_time":1746972852,"student_id":1,"usertype":"admin","srcode":"21-00001","student_name":"Lourence Reguis","email":"admin@admin.com","course_id":16,"section":"2201","admin_id":1,"admin_name":"Admin User","is_super_admin":true}
[11-May-2025 16:39:56 Europe/Berlin] Session already active in TokenHandler. Session ID: 2goe9gs7mhelqhr12neqjl0p3h
[11-May-2025 16:39:56 Europe/Berlin] Current session data: {"csrf_token":"696064f4051ef34923eebf5735c06a13b0d77230a1f6b3adb472c1afafab869e","csrf_token_time":1746972852,"student_id":1,"usertype":"admin","srcode":"21-00001","student_name":"Lourence Reguis","email":"admin@admin.com","course_id":16,"section":"2201","admin_id":1,"admin_name":"Admin User","is_super_admin":true}
[11-May-2025 16:41:07 Europe/Berlin] Session already active in TokenHandler. Session ID: 2goe9gs7mhelqhr12neqjl0p3h
[11-May-2025 16:41:07 Europe/Berlin] Current session data: {"csrf_token":"696064f4051ef34923eebf5735c06a13b0d77230a1f6b3adb472c1afafab869e","csrf_token_time":1746972852,"student_id":1,"usertype":"admin","srcode":"21-00001","student_name":"Lourence Reguis","email":"admin@admin.com","course_id":16,"section":"2201","admin_id":1,"admin_name":"Admin User","is_super_admin":true}
[11-May-2025 16:41:07 Europe/Berlin] Session already active in TokenHandler. Session ID: 2goe9gs7mhelqhr12neqjl0p3h
[11-May-2025 16:41:07 Europe/Berlin] Current session data: {"csrf_token":"696064f4051ef34923eebf5735c06a13b0d77230a1f6b3adb472c1afafab869e","csrf_token_time":1746972852,"student_id":1,"usertype":"admin","srcode":"21-00001","student_name":"Lourence Reguis","email":"admin@admin.com","course_id":16,"section":"2201","admin_id":1,"admin_name":"Admin User","is_super_admin":true}
[11-May-2025 16:41:11 Europe/Berlin] Starting CSRF validation for action: applyForJob
[11-May-2025 16:41:11 Europe/Berlin] CSRF token missing in request headers
[11-May-2025 16:41:11 Europe/Berlin] Available headers: {"HOST":"localhost","CONNECTION":"keep-alive","CONTENT-LENGTH":"507","PRAGMA":"no-cache","CACHE-CONTROL":"no-cache","SEC-CH-UA-PLATFORM":"\"Windows\"","USER-AGENT":"Mozilla\/5.0 (Windows NT 10.0; Win64; x64) AppleWebKit\/537.36 (KHTML, like Gecko) Chrome\/136.0.0.0 Safari\/537.36","SEC-CH-UA":"\"Chromium\";v=\"136\", \"Brave\";v=\"136\", \"Not.A\/Brand\";v=\"99\"","CONTENT-TYPE":"multipart\/form-data; boundary=----WebKitFormBoundary5bAeE6amOfKZTkA2","SEC-CH-UA-MOBILE":"?0","ACCEPT":"*\/*","SEC-GPC":"1","ACCEPT-LANGUAGE":"en-US,en;q=0.9","ORIGIN":"http:\/\/localhost","SEC-FETCH-SITE":"same-origin","SEC-FETCH-MODE":"cors","SEC-FETCH-DEST":"empty","REFERER":"http:\/\/localhost\/Reguis\/JobListing\/Dashboard\/job_listings.php","ACCEPT-ENCODING":"gzip, deflate, br, zstd","COOKIE":"PHPSESSID=2goe9gs7mhelqhr12neqjl0p3h"}
[11-May-2025 16:41:11 Europe/Berlin] CSRF token missing
[11-May-2025 16:41:15 Europe/Berlin] Session already active in TokenHandler. Session ID: 2goe9gs7mhelqhr12neqjl0p3h
[11-May-2025 16:41:15 Europe/Berlin] Current session data: {"csrf_token":"696064f4051ef34923eebf5735c06a13b0d77230a1f6b3adb472c1afafab869e","csrf_token_time":1746972852,"student_id":1,"usertype":"admin","srcode":"21-00001","student_name":"Lourence Reguis","email":"admin@admin.com","course_id":16,"section":"2201","admin_id":1,"admin_name":"Admin User","is_super_admin":true}
[11-May-2025 16:41:15 Europe/Berlin] Session already active in TokenHandler. Session ID: 2goe9gs7mhelqhr12neqjl0p3h
[11-May-2025 16:41:15 Europe/Berlin] Current session data: {"csrf_token":"696064f4051ef34923eebf5735c06a13b0d77230a1f6b3adb472c1afafab869e","csrf_token_time":1746972852,"student_id":1,"usertype":"admin","srcode":"21-00001","student_name":"Lourence Reguis","email":"admin@admin.com","course_id":16,"section":"2201","admin_id":1,"admin_name":"Admin User","is_super_admin":true}
[11-May-2025 16:41:17 Europe/Berlin] Starting CSRF validation for action: applyForJob
[11-May-2025 16:41:17 Europe/Berlin] CSRF token missing in request headers
[11-May-2025 16:41:17 Europe/Berlin] Available headers: {"HOST":"localhost","CONNECTION":"keep-alive","CONTENT-LENGTH":"505","PRAGMA":"no-cache","CACHE-CONTROL":"no-cache","SEC-CH-UA-PLATFORM":"\"Windows\"","USER-AGENT":"Mozilla\/5.0 (Windows NT 10.0; Win64; x64) AppleWebKit\/537.36 (KHTML, like Gecko) Chrome\/136.0.0.0 Safari\/537.36","SEC-CH-UA":"\"Chromium\";v=\"136\", \"Brave\";v=\"136\", \"Not.A\/Brand\";v=\"99\"","CONTENT-TYPE":"multipart\/form-data; boundary=----WebKitFormBoundaryqf0UuYZJzwSL5HHM","SEC-CH-UA-MOBILE":"?0","ACCEPT":"*\/*","SEC-GPC":"1","ACCEPT-LANGUAGE":"en-US,en;q=0.9","ORIGIN":"http:\/\/localhost","SEC-FETCH-SITE":"same-origin","SEC-FETCH-MODE":"cors","SEC-FETCH-DEST":"empty","REFERER":"http:\/\/localhost\/Reguis\/JobListing\/Dashboard\/job_listings.php","ACCEPT-ENCODING":"gzip, deflate, br, zstd","COOKIE":"PHPSESSID=2goe9gs7mhelqhr12neqjl0p3h"}
[11-May-2025 16:41:17 Europe/Berlin] CSRF token missing
[11-May-2025 16:41:36 Europe/Berlin] Session already active in TokenHandler. Session ID: 2goe9gs7mhelqhr12neqjl0p3h
[11-May-2025 16:41:36 Europe/Berlin] Current session data: {"csrf_token":"696064f4051ef34923eebf5735c06a13b0d77230a1f6b3adb472c1afafab869e","csrf_token_time":1746972852,"student_id":1,"usertype":"admin","srcode":"21-00001","student_name":"Lourence Reguis","email":"admin@admin.com","course_id":16,"section":"2201","admin_id":1,"admin_name":"Admin User","is_super_admin":true}
[11-May-2025 16:41:36 Europe/Berlin] Session already active in TokenHandler. Session ID: 2goe9gs7mhelqhr12neqjl0p3h
[11-May-2025 16:41:36 Europe/Berlin] Current session data: {"csrf_token":"696064f4051ef34923eebf5735c06a13b0d77230a1f6b3adb472c1afafab869e","csrf_token_time":1746972852,"student_id":1,"usertype":"admin","srcode":"21-00001","student_name":"Lourence Reguis","email":"admin@admin.com","course_id":16,"section":"2201","admin_id":1,"admin_name":"Admin User","is_super_admin":true}
[11-May-2025 16:53:42 Europe/Berlin] Session already active in TokenHandler. Session ID: 2goe9gs7mhelqhr12neqjl0p3h
[11-May-2025 16:53:42 Europe/Berlin] Current session data: {"csrf_token":"696064f4051ef34923eebf5735c06a13b0d77230a1f6b3adb472c1afafab869e","csrf_token_time":1746972852,"student_id":1,"usertype":"admin","srcode":"21-00001","student_name":"Lourence Reguis","email":"admin@admin.com","course_id":16,"section":"2201","admin_id":1,"admin_name":"Admin User","is_super_admin":true}
[11-May-2025 16:53:42 Europe/Berlin] Session already active in TokenHandler. Session ID: 2goe9gs7mhelqhr12neqjl0p3h
[11-May-2025 16:53:42 Europe/Berlin] Current session data: {"csrf_token":"696064f4051ef34923eebf5735c06a13b0d77230a1f6b3adb472c1afafab869e","csrf_token_time":1746972852,"student_id":1,"usertype":"admin","srcode":"21-00001","student_name":"Lourence Reguis","email":"admin@admin.com","course_id":16,"section":"2201","admin_id":1,"admin_name":"Admin User","is_super_admin":true}
[11-May-2025 16:53:42 Europe/Berlin] Session already active in TokenHandler. Session ID: 2goe9gs7mhelqhr12neqjl0p3h
[11-May-2025 16:53:42 Europe/Berlin] Current session data: {"csrf_token":"696064f4051ef34923eebf5735c06a13b0d77230a1f6b3adb472c1afafab869e","csrf_token_time":1746972852,"student_id":1,"usertype":"admin","srcode":"21-00001","student_name":"Lourence Reguis","email":"admin@admin.com","course_id":16,"section":"2201","admin_id":1,"admin_name":"Admin User","is_super_admin":true}
[11-May-2025 16:53:42 Europe/Berlin] Session already active in TokenHandler. Session ID: 2goe9gs7mhelqhr12neqjl0p3h
[11-May-2025 16:53:42 Europe/Berlin] Current session data: {"csrf_token":"696064f4051ef34923eebf5735c06a13b0d77230a1f6b3adb472c1afafab869e","csrf_token_time":1746972852,"student_id":1,"usertype":"admin","srcode":"21-00001","student_name":"Lourence Reguis","email":"admin@admin.com","course_id":16,"section":"2201","admin_id":1,"admin_name":"Admin User","is_super_admin":true}
[11-May-2025 16:54:05 Europe/Berlin] Starting CSRF validation for action: addCompany
[11-May-2025 16:54:05 Europe/Berlin] Received token: 696064f4051ef34923eebf5735c06a13b0d77230a1f6b3adb472c1afafab869e
[11-May-2025 16:54:05 Europe/Berlin] Current session status: 2
[11-May-2025 16:54:05 Europe/Berlin] Session ID: 2goe9gs7mhelqhr12neqjl0p3h
[11-May-2025 16:54:05 Europe/Berlin] Session already active in TokenHandler. Session ID: 2goe9gs7mhelqhr12neqjl0p3h
[11-May-2025 16:54:05 Europe/Berlin] Current session data: {"csrf_token":"696064f4051ef34923eebf5735c06a13b0d77230a1f6b3adb472c1afafab869e","csrf_token_time":1746972852,"student_id":1,"usertype":"admin","srcode":"21-00001","student_name":"Lourence Reguis","email":"admin@admin.com","course_id":16,"section":"2201","admin_id":1,"admin_name":"Admin User","is_super_admin":true}
[11-May-2025 16:54:05 Europe/Berlin] Session already active in TokenHandler. Session ID: 2goe9gs7mhelqhr12neqjl0p3h
[11-May-2025 16:54:05 Europe/Berlin] Current session data: {"csrf_token":"696064f4051ef34923eebf5735c06a13b0d77230a1f6b3adb472c1afafab869e","csrf_token_time":1746972852,"student_id":1,"usertype":"admin","srcode":"21-00001","student_name":"Lourence Reguis","email":"admin@admin.com","course_id":16,"section":"2201","admin_id":1,"admin_name":"Admin User","is_super_admin":true}
[11-May-2025 16:54:05 Europe/Berlin] CSRF validation successful for action: addCompany
[11-May-2025 16:54:05 Europe/Berlin] Session already active in TokenHandler. Session ID: 2goe9gs7mhelqhr12neqjl0p3h
[11-May-2025 16:54:05 Europe/Berlin] Current session data: {"csrf_token":"36f3055689b54fb636a965293729815f42caaf7085799465d065e89ddd15f392","csrf_token_time":1746975245,"student_id":1,"usertype":"admin","srcode":"21-00001","student_name":"Lourence Reguis","email":"admin@admin.com","course_id":16,"section":"2201","admin_id":1,"admin_name":"Admin User","is_super_admin":true}
[11-May-2025 16:54:26 Europe/Berlin] Session already active in TokenHandler. Session ID: 2goe9gs7mhelqhr12neqjl0p3h
[11-May-2025 16:54:26 Europe/Berlin] Current session data: {"csrf_token":"36f3055689b54fb636a965293729815f42caaf7085799465d065e89ddd15f392","csrf_token_time":1746975245,"student_id":1,"usertype":"admin","srcode":"21-00001","student_name":"Lourence Reguis","email":"admin@admin.com","course_id":16,"section":"2201","admin_id":1,"admin_name":"Admin User","is_super_admin":true}
[11-May-2025 16:54:26 Europe/Berlin] Session already active in TokenHandler. Session ID: 2goe9gs7mhelqhr12neqjl0p3h
[11-May-2025 16:54:26 Europe/Berlin] Current session data: {"csrf_token":"36f3055689b54fb636a965293729815f42caaf7085799465d065e89ddd15f392","csrf_token_time":1746975245,"student_id":1,"usertype":"admin","srcode":"21-00001","student_name":"Lourence Reguis","email":"admin@admin.com","course_id":16,"section":"2201","admin_id":1,"admin_name":"Admin User","is_super_admin":true}
[11-May-2025 16:54:26 Europe/Berlin] Session already active in TokenHandler. Session ID: 2goe9gs7mhelqhr12neqjl0p3h
[11-May-2025 16:54:26 Europe/Berlin] Current session data: {"csrf_token":"36f3055689b54fb636a965293729815f42caaf7085799465d065e89ddd15f392","csrf_token_time":1746975245,"student_id":1,"usertype":"admin","srcode":"21-00001","student_name":"Lourence Reguis","email":"admin@admin.com","course_id":16,"section":"2201","admin_id":1,"admin_name":"Admin User","is_super_admin":true}
[11-May-2025 16:54:26 Europe/Berlin] Session already active in TokenHandler. Session ID: 2goe9gs7mhelqhr12neqjl0p3h
[11-May-2025 16:54:26 Europe/Berlin] Current session data: {"csrf_token":"36f3055689b54fb636a965293729815f42caaf7085799465d065e89ddd15f392","csrf_token_time":1746975245,"student_id":1,"usertype":"admin","srcode":"21-00001","student_name":"Lourence Reguis","email":"admin@admin.com","course_id":16,"section":"2201","admin_id":1,"admin_name":"Admin User","is_super_admin":true}
[11-May-2025 16:57:19 Europe/Berlin] Session already active in TokenHandler. Session ID: 2goe9gs7mhelqhr12neqjl0p3h
[11-May-2025 16:57:19 Europe/Berlin] Current session data: {"csrf_token":"36f3055689b54fb636a965293729815f42caaf7085799465d065e89ddd15f392","csrf_token_time":1746975245,"student_id":1,"usertype":"admin","srcode":"21-00001","student_name":"Lourence Reguis","email":"admin@admin.com","course_id":16,"section":"2201","admin_id":1,"admin_name":"Admin User","is_super_admin":true}
[11-May-2025 16:57:19 Europe/Berlin] Session already active in TokenHandler. Session ID: 2goe9gs7mhelqhr12neqjl0p3h
[11-May-2025 16:57:19 Europe/Berlin] Current session data: {"csrf_token":"36f3055689b54fb636a965293729815f42caaf7085799465d065e89ddd15f392","csrf_token_time":1746975245,"student_id":1,"usertype":"admin","srcode":"21-00001","student_name":"Lourence Reguis","email":"admin@admin.com","course_id":16,"section":"2201","admin_id":1,"admin_name":"Admin User","is_super_admin":true}
[11-May-2025 16:57:22 Europe/Berlin] Starting CSRF validation for action: applyForJob
[11-May-2025 16:57:22 Europe/Berlin] Received token: 36f3055689b54fb636a965293729815f42caaf7085799465d065e89ddd15f392
[11-May-2025 16:57:22 Europe/Berlin] Current session status: 2
[11-May-2025 16:57:22 Europe/Berlin] Session ID: 2goe9gs7mhelqhr12neqjl0p3h
[11-May-2025 16:57:22 Europe/Berlin] Session already active in TokenHandler. Session ID: 2goe9gs7mhelqhr12neqjl0p3h
[11-May-2025 16:57:22 Europe/Berlin] Current session data: {"csrf_token":"36f3055689b54fb636a965293729815f42caaf7085799465d065e89ddd15f392","csrf_token_time":1746975245,"student_id":1,"usertype":"admin","srcode":"21-00001","student_name":"Lourence Reguis","email":"admin@admin.com","course_id":16,"section":"2201","admin_id":1,"admin_name":"Admin User","is_super_admin":true}
[11-May-2025 16:57:22 Europe/Berlin] CSRF validation successful for action: applyForJob
[11-May-2025 16:57:22 Europe/Berlin] You must be logged in to apply
[11-May-2025 16:57:26 Europe/Berlin] Session already active in TokenHandler. Session ID: 2goe9gs7mhelqhr12neqjl0p3h
[11-May-2025 16:57:26 Europe/Berlin] Current session data: []
[11-May-2025 16:57:26 Europe/Berlin] Session already active in TokenHandler. Session ID: 2goe9gs7mhelqhr12neqjl0p3h
[11-May-2025 16:57:26 Europe/Berlin] Current session data: {"csrf_token":"1be64690eaee55a5e99e5d932ed75f9fb267bf28f2d09705f871dfedfce88f22","csrf_token_time":1746975446}
[11-May-2025 16:57:33 Europe/Berlin] Session already active in TokenHandler. Session ID: 2goe9gs7mhelqhr12neqjl0p3h
[11-May-2025 16:57:33 Europe/Berlin] Current session data: {"csrf_token":"1be64690eaee55a5e99e5d932ed75f9fb267bf28f2d09705f871dfedfce88f22","csrf_token_time":1746975446,"student_id":1,"usertype":"user","srcode":"23-32966","student_name":"Lourence Reguis","email":"23-32966@g.batstate-u.edu.ph","course_id":16,"section":"2201"}
[11-May-2025 16:57:33 Europe/Berlin] Session already active in TokenHandler. Session ID: 2goe9gs7mhelqhr12neqjl0p3h
[11-May-2025 16:57:33 Europe/Berlin] Current session data: {"csrf_token":"1be64690eaee55a5e99e5d932ed75f9fb267bf28f2d09705f871dfedfce88f22","csrf_token_time":1746975446,"student_id":1,"usertype":"user","srcode":"23-32966","student_name":"Lourence Reguis","email":"23-32966@g.batstate-u.edu.ph","course_id":16,"section":"2201"}
[11-May-2025 16:57:35 Europe/Berlin] Session already active in TokenHandler. Session ID: 2goe9gs7mhelqhr12neqjl0p3h
[11-May-2025 16:57:35 Europe/Berlin] Current session data: {"csrf_token":"1be64690eaee55a5e99e5d932ed75f9fb267bf28f2d09705f871dfedfce88f22","csrf_token_time":1746975446,"student_id":1,"usertype":"user","srcode":"23-32966","student_name":"Lourence Reguis","email":"23-32966@g.batstate-u.edu.ph","course_id":16,"section":"2201"}
[11-May-2025 16:57:35 Europe/Berlin] Session already active in TokenHandler. Session ID: 2goe9gs7mhelqhr12neqjl0p3h
[11-May-2025 16:57:35 Europe/Berlin] Current session data: {"csrf_token":"1be64690eaee55a5e99e5d932ed75f9fb267bf28f2d09705f871dfedfce88f22","csrf_token_time":1746975446,"student_id":1,"usertype":"user","srcode":"23-32966","student_name":"Lourence Reguis","email":"23-32966@g.batstate-u.edu.ph","course_id":16,"section":"2201"}
[11-May-2025 16:57:38 Europe/Berlin] Session already active in TokenHandler. Session ID: 2goe9gs7mhelqhr12neqjl0p3h
[11-May-2025 16:57:38 Europe/Berlin] Current session data: {"csrf_token":"1be64690eaee55a5e99e5d932ed75f9fb267bf28f2d09705f871dfedfce88f22","csrf_token_time":1746975446,"student_id":1,"usertype":"user","srcode":"23-32966","student_name":"Lourence Reguis","email":"23-32966@g.batstate-u.edu.ph","course_id":16,"section":"2201"}
[11-May-2025 16:57:38 Europe/Berlin] Session already active in TokenHandler. Session ID: 2goe9gs7mhelqhr12neqjl0p3h
[11-May-2025 16:57:38 Europe/Berlin] Current session data: {"csrf_token":"1be64690eaee55a5e99e5d932ed75f9fb267bf28f2d09705f871dfedfce88f22","csrf_token_time":1746975446,"student_id":1,"usertype":"user","srcode":"23-32966","student_name":"Lourence Reguis","email":"23-32966@g.batstate-u.edu.ph","course_id":16,"section":"2201"}
[11-May-2025 16:57:42 Europe/Berlin] Starting CSRF validation for action: applyForJob
[11-May-2025 16:57:42 Europe/Berlin] Received token: 1be64690eaee55a5e99e5d932ed75f9fb267bf28f2d09705f871dfedfce88f22
[11-May-2025 16:57:42 Europe/Berlin] Current session status: 2
[11-May-2025 16:57:42 Europe/Berlin] Session ID: 2goe9gs7mhelqhr12neqjl0p3h
[11-May-2025 16:57:42 Europe/Berlin] Session already active in TokenHandler. Session ID: 2goe9gs7mhelqhr12neqjl0p3h
[11-May-2025 16:57:42 Europe/Berlin] Current session data: {"csrf_token":"1be64690eaee55a5e99e5d932ed75f9fb267bf28f2d09705f871dfedfce88f22","csrf_token_time":1746975446,"student_id":1,"usertype":"user","srcode":"23-32966","student_name":"Lourence Reguis","email":"23-32966@g.batstate-u.edu.ph","course_id":16,"section":"2201"}
[11-May-2025 16:57:42 Europe/Berlin] CSRF validation successful for action: applyForJob
[11-May-2025 16:57:42 Europe/Berlin] You must be logged in to apply
[11-May-2025 17:01:48 Europe/Berlin] Session already active in TokenHandler. Session ID: 2goe9gs7mhelqhr12neqjl0p3h
[11-May-2025 17:01:48 Europe/Berlin] Current session data: {"csrf_token":"1be64690eaee55a5e99e5d932ed75f9fb267bf28f2d09705f871dfedfce88f22","csrf_token_time":1746975446,"student_id":1,"usertype":"user","srcode":"23-32966","student_name":"Lourence Reguis","email":"23-32966@g.batstate-u.edu.ph","course_id":16,"section":"2201"}
[11-May-2025 17:01:48 Europe/Berlin] Session already active in TokenHandler. Session ID: 2goe9gs7mhelqhr12neqjl0p3h
[11-May-2025 17:01:48 Europe/Berlin] Current session data: {"csrf_token":"1be64690eaee55a5e99e5d932ed75f9fb267bf28f2d09705f871dfedfce88f22","csrf_token_time":1746975446,"student_id":1,"usertype":"user","srcode":"23-32966","student_name":"Lourence Reguis","email":"23-32966@g.batstate-u.edu.ph","course_id":16,"section":"2201"}
[11-May-2025 17:01:50 Europe/Berlin] Session already active in TokenHandler. Session ID: 2goe9gs7mhelqhr12neqjl0p3h
[11-May-2025 17:01:50 Europe/Berlin] Current session data: {"csrf_token":"1be64690eaee55a5e99e5d932ed75f9fb267bf28f2d09705f871dfedfce88f22","csrf_token_time":1746975446,"student_id":1,"usertype":"user","srcode":"23-32966","student_name":"Lourence Reguis","email":"23-32966@g.batstate-u.edu.ph","course_id":16,"section":"2201"}
[11-May-2025 17:01:50 Europe/Berlin] Session already active in TokenHandler. Session ID: 2goe9gs7mhelqhr12neqjl0p3h
[11-May-2025 17:01:50 Europe/Berlin] Current session data: {"csrf_token":"1be64690eaee55a5e99e5d932ed75f9fb267bf28f2d09705f871dfedfce88f22","csrf_token_time":1746975446,"student_id":1,"usertype":"user","srcode":"23-32966","student_name":"Lourence Reguis","email":"23-32966@g.batstate-u.edu.ph","course_id":16,"section":"2201"}
[11-May-2025 17:01:52 Europe/Berlin] Session already active in TokenHandler. Session ID: 2goe9gs7mhelqhr12neqjl0p3h
[11-May-2025 17:01:52 Europe/Berlin] Current session data: {"csrf_token":"1be64690eaee55a5e99e5d932ed75f9fb267bf28f2d09705f871dfedfce88f22","csrf_token_time":1746975446,"student_id":1,"usertype":"user","srcode":"23-32966","student_name":"Lourence Reguis","email":"23-32966@g.batstate-u.edu.ph","course_id":16,"section":"2201"}
[11-May-2025 17:01:52 Europe/Berlin] Session already active in TokenHandler. Session ID: 2goe9gs7mhelqhr12neqjl0p3h
[11-May-2025 17:01:52 Europe/Berlin] Current session data: {"csrf_token":"1be64690eaee55a5e99e5d932ed75f9fb267bf28f2d09705f871dfedfce88f22","csrf_token_time":1746975446,"student_id":1,"usertype":"user","srcode":"23-32966","student_name":"Lourence Reguis","email":"23-32966@g.batstate-u.edu.ph","course_id":16,"section":"2201"}
[11-May-2025 17:02:04 Europe/Berlin] Session already active in TokenHandler. Session ID: 2goe9gs7mhelqhr12neqjl0p3h
[11-May-2025 17:02:04 Europe/Berlin] Current session data: {"csrf_token":"1be64690eaee55a5e99e5d932ed75f9fb267bf28f2d09705f871dfedfce88f22","csrf_token_time":1746975446,"student_id":1,"usertype":"user","srcode":"23-32966","student_name":"Lourence Reguis","email":"23-32966@g.batstate-u.edu.ph","course_id":16,"section":"2201"}
[11-May-2025 17:02:04 Europe/Berlin] Session already active in TokenHandler. Session ID: 2goe9gs7mhelqhr12neqjl0p3h
[11-May-2025 17:02:04 Europe/Berlin] Current session data: {"csrf_token":"1be64690eaee55a5e99e5d932ed75f9fb267bf28f2d09705f871dfedfce88f22","csrf_token_time":1746975446,"student_id":1,"usertype":"user","srcode":"23-32966","student_name":"Lourence Reguis","email":"23-32966@g.batstate-u.edu.ph","course_id":16,"section":"2201"}
[11-May-2025 17:02:05 Europe/Berlin] Session already active in TokenHandler. Session ID: 2goe9gs7mhelqhr12neqjl0p3h
[11-May-2025 17:02:05 Europe/Berlin] Current session data: {"csrf_token":"1be64690eaee55a5e99e5d932ed75f9fb267bf28f2d09705f871dfedfce88f22","csrf_token_time":1746975446,"student_id":1,"usertype":"user","srcode":"23-32966","student_name":"Lourence Reguis","email":"23-32966@g.batstate-u.edu.ph","course_id":16,"section":"2201"}
[11-May-2025 17:02:05 Europe/Berlin] Session already active in TokenHandler. Session ID: 2goe9gs7mhelqhr12neqjl0p3h
[11-May-2025 17:02:05 Europe/Berlin] Current session data: {"csrf_token":"1be64690eaee55a5e99e5d932ed75f9fb267bf28f2d09705f871dfedfce88f22","csrf_token_time":1746975446,"student_id":1,"usertype":"user","srcode":"23-32966","student_name":"Lourence Reguis","email":"23-32966@g.batstate-u.edu.ph","course_id":16,"section":"2201"}
[11-May-2025 17:02:32 Europe/Berlin] Session already active in TokenHandler. Session ID: 2goe9gs7mhelqhr12neqjl0p3h
[11-May-2025 17:02:32 Europe/Berlin] Current session data: {"csrf_token":"1be64690eaee55a5e99e5d932ed75f9fb267bf28f2d09705f871dfedfce88f22","csrf_token_time":1746975446,"student_id":1,"usertype":"user","srcode":"23-32966","student_name":"Lourence Reguis","email":"23-32966@g.batstate-u.edu.ph","course_id":16,"section":"2201"}
[11-May-2025 17:02:32 Europe/Berlin] Session already active in TokenHandler. Session ID: 2goe9gs7mhelqhr12neqjl0p3h
[11-May-2025 17:02:32 Europe/Berlin] Current session data: {"csrf_token":"1be64690eaee55a5e99e5d932ed75f9fb267bf28f2d09705f871dfedfce88f22","csrf_token_time":1746975446,"student_id":1,"usertype":"user","srcode":"23-32966","student_name":"Lourence Reguis","email":"23-32966@g.batstate-u.edu.ph","course_id":16,"section":"2201"}
[11-May-2025 17:10:54 Europe/Berlin] Session already active in TokenHandler. Session ID: 2goe9gs7mhelqhr12neqjl0p3h
[11-May-2025 17:10:54 Europe/Berlin] Current session data: {"csrf_token":"1be64690eaee55a5e99e5d932ed75f9fb267bf28f2d09705f871dfedfce88f22","csrf_token_time":1746975446,"student_id":1,"usertype":"user","srcode":"23-32966","student_name":"Lourence Reguis","email":"23-32966@g.batstate-u.edu.ph","course_id":16,"section":"2201"}
[11-May-2025 17:10:54 Europe/Berlin] Session already active in TokenHandler. Session ID: 2goe9gs7mhelqhr12neqjl0p3h
[11-May-2025 17:10:54 Europe/Berlin] Current session data: {"csrf_token":"1be64690eaee55a5e99e5d932ed75f9fb267bf28f2d09705f871dfedfce88f22","csrf_token_time":1746975446,"student_id":1,"usertype":"user","srcode":"23-32966","student_name":"Lourence Reguis","email":"23-32966@g.batstate-u.edu.ph","course_id":16,"section":"2201"}
[11-May-2025 17:10:57 Europe/Berlin] Starting CSRF validation for action: applyForJob
[11-May-2025 17:10:57 Europe/Berlin] Received token: 1be64690eaee55a5e99e5d932ed75f9fb267bf28f2d09705f871dfedfce88f22
[11-May-2025 17:10:57 Europe/Berlin] Current session status: 2
[11-May-2025 17:10:57 Europe/Berlin] Session ID: 2goe9gs7mhelqhr12neqjl0p3h
[11-May-2025 17:10:57 Europe/Berlin] Session already active in TokenHandler. Session ID: 2goe9gs7mhelqhr12neqjl0p3h
[11-May-2025 17:10:57 Europe/Berlin] Current session data: {"csrf_token":"1be64690eaee55a5e99e5d932ed75f9fb267bf28f2d09705f871dfedfce88f22","csrf_token_time":1746975446,"student_id":1,"usertype":"user","srcode":"23-32966","student_name":"Lourence Reguis","email":"23-32966@g.batstate-u.edu.ph","course_id":16,"section":"2201"}
[11-May-2025 17:10:57 Europe/Berlin] CSRF validation successful for action: applyForJob
[11-May-2025 17:10:57 Europe/Berlin] You must be logged in to apply
[11-May-2025 17:11:13 Europe/Berlin] Starting CSRF validation for action: applyForJob
[11-May-2025 17:11:13 Europe/Berlin] Received token: 1be64690eaee55a5e99e5d932ed75f9fb267bf28f2d09705f871dfedfce88f22
[11-May-2025 17:11:13 Europe/Berlin] Current session status: 2
[11-May-2025 17:11:13 Europe/Berlin] Session ID: 2goe9gs7mhelqhr12neqjl0p3h
[11-May-2025 17:11:13 Europe/Berlin] Session already active in TokenHandler. Session ID: 2goe9gs7mhelqhr12neqjl0p3h
[11-May-2025 17:11:13 Europe/Berlin] Current session data: {"csrf_token":"1be64690eaee55a5e99e5d932ed75f9fb267bf28f2d09705f871dfedfce88f22","csrf_token_time":1746975446,"student_id":1,"usertype":"user","srcode":"23-32966","student_name":"Lourence Reguis","email":"23-32966@g.batstate-u.edu.ph","course_id":16,"section":"2201"}
[11-May-2025 17:11:13 Europe/Berlin] CSRF validation successful for action: applyForJob
[11-May-2025 17:11:13 Europe/Berlin] You must be logged in to apply
[11-May-2025 17:25:12 Europe/Berlin] Session already active in TokenHandler. Session ID: 2goe9gs7mhelqhr12neqjl0p3h
[11-May-2025 17:25:12 Europe/Berlin] Current session data: {"csrf_token":"1be64690eaee55a5e99e5d932ed75f9fb267bf28f2d09705f871dfedfce88f22","csrf_token_time":1746975446,"student_id":1,"usertype":"user","srcode":"23-32966","student_name":"Lourence Reguis","email":"23-32966@g.batstate-u.edu.ph","course_id":16,"section":"2201"}
[11-May-2025 17:25:12 Europe/Berlin] Session already active in TokenHandler. Session ID: 2goe9gs7mhelqhr12neqjl0p3h
[11-May-2025 17:25:12 Europe/Berlin] Current session data: {"csrf_token":"1be64690eaee55a5e99e5d932ed75f9fb267bf28f2d09705f871dfedfce88f22","csrf_token_time":1746975446,"student_id":1,"usertype":"user","srcode":"23-32966","student_name":"Lourence Reguis","email":"23-32966@g.batstate-u.edu.ph","course_id":16,"section":"2201"}
[11-May-2025 17:25:12 Europe/Berlin] Session already active in TokenHandler. Session ID: 2goe9gs7mhelqhr12neqjl0p3h
[11-May-2025 17:25:12 Europe/Berlin] Current session data: {"csrf_token":"1be64690eaee55a5e99e5d932ed75f9fb267bf28f2d09705f871dfedfce88f22","csrf_token_time":1746975446,"student_id":1,"usertype":"user","srcode":"23-32966","student_name":"Lourence Reguis","email":"23-32966@g.batstate-u.edu.ph","course_id":16,"section":"2201"}
[11-May-2025 17:25:12 Europe/Berlin] Session already active in TokenHandler. Session ID: 2goe9gs7mhelqhr12neqjl0p3h
[11-May-2025 17:25:12 Europe/Berlin] Current session data: {"csrf_token":"1be64690eaee55a5e99e5d932ed75f9fb267bf28f2d09705f871dfedfce88f22","csrf_token_time":1746975446,"student_id":1,"usertype":"user","srcode":"23-32966","student_name":"Lourence Reguis","email":"23-32966@g.batstate-u.edu.ph","course_id":16,"section":"2201"}
[11-May-2025 17:27:59 Europe/Berlin] Session already active in TokenHandler. Session ID: 2goe9gs7mhelqhr12neqjl0p3h
[11-May-2025 17:27:59 Europe/Berlin] Current session data: {"csrf_token":"1be64690eaee55a5e99e5d932ed75f9fb267bf28f2d09705f871dfedfce88f22","csrf_token_time":1746975446,"student_id":1,"usertype":"user","srcode":"23-32966","student_name":"Lourence Reguis","email":"23-32966@g.batstate-u.edu.ph","course_id":16,"section":"2201"}
[11-May-2025 17:27:59 Europe/Berlin] Session already active in TokenHandler. Session ID: 2goe9gs7mhelqhr12neqjl0p3h
[11-May-2025 17:27:59 Europe/Berlin] Current session data: {"csrf_token":"1be64690eaee55a5e99e5d932ed75f9fb267bf28f2d09705f871dfedfce88f22","csrf_token_time":1746975446,"student_id":1,"usertype":"user","srcode":"23-32966","student_name":"Lourence Reguis","email":"23-32966@g.batstate-u.edu.ph","course_id":16,"section":"2201"}
[11-May-2025 17:28:02 Europe/Berlin] Starting CSRF validation for action: applyForJob
[11-May-2025 17:28:02 Europe/Berlin] Received token: 1be64690eaee55a5e99e5d932ed75f9fb267bf28f2d09705f871dfedfce88f22
[11-May-2025 17:28:02 Europe/Berlin] Current session status: 2
[11-May-2025 17:28:02 Europe/Berlin] Session ID: 2goe9gs7mhelqhr12neqjl0p3h
[11-May-2025 17:28:02 Europe/Berlin] Session already active in TokenHandler. Session ID: 2goe9gs7mhelqhr12neqjl0p3h
[11-May-2025 17:28:02 Europe/Berlin] Current session data: {"csrf_token":"1be64690eaee55a5e99e5d932ed75f9fb267bf28f2d09705f871dfedfce88f22","csrf_token_time":1746975446,"student_id":1,"usertype":"user","srcode":"23-32966","student_name":"Lourence Reguis","email":"23-32966@g.batstate-u.edu.ph","course_id":16,"section":"2201"}
[11-May-2025 17:28:02 Europe/Berlin] Session already active in TokenHandler. Session ID: 2goe9gs7mhelqhr12neqjl0p3h
[11-May-2025 17:28:02 Europe/Berlin] Current session data: {"csrf_token":"1be64690eaee55a5e99e5d932ed75f9fb267bf28f2d09705f871dfedfce88f22","csrf_token_time":1746975446,"student_id":1,"usertype":"user","srcode":"23-32966","student_name":"Lourence Reguis","email":"23-32966@g.batstate-u.edu.ph","course_id":16,"section":"2201"}
[11-May-2025 17:28:02 Europe/Berlin] CSRF validation successful for action: applyForJob
[11-May-2025 17:28:02 Europe/Berlin] Please upload your resume before applying
[11-May-2025 17:28:28 Europe/Berlin] Session already active in TokenHandler. Session ID: 2goe9gs7mhelqhr12neqjl0p3h
[11-May-2025 17:28:28 Europe/Berlin] Current session data: {"csrf_token":"d09e48faaa853c54efefcd2ab915bef667fbeb6b240f5ab11111f51dc518ce8b","csrf_token_time":1746977282,"student_id":1,"usertype":"user","srcode":"23-32966","student_name":"Lourence Reguis","email":"23-32966@g.batstate-u.edu.ph","course_id":16,"section":"2201"}
[11-May-2025 17:28:28 Europe/Berlin] Session already active in TokenHandler. Session ID: 2goe9gs7mhelqhr12neqjl0p3h
[11-May-2025 17:28:28 Europe/Berlin] Current session data: {"csrf_token":"d09e48faaa853c54efefcd2ab915bef667fbeb6b240f5ab11111f51dc518ce8b","csrf_token_time":1746977282,"student_id":1,"usertype":"user","srcode":"23-32966","student_name":"Lourence Reguis","email":"23-32966@g.batstate-u.edu.ph","course_id":16,"section":"2201"}
[11-May-2025 17:28:30 Europe/Berlin] Session already active in TokenHandler. Session ID: 2goe9gs7mhelqhr12neqjl0p3h
[11-May-2025 17:28:30 Europe/Berlin] Current session data: {"csrf_token":"d09e48faaa853c54efefcd2ab915bef667fbeb6b240f5ab11111f51dc518ce8b","csrf_token_time":1746977282,"student_id":1,"usertype":"user","srcode":"23-32966","student_name":"Lourence Reguis","email":"23-32966@g.batstate-u.edu.ph","course_id":16,"section":"2201"}
[11-May-2025 17:28:30 Europe/Berlin] Session already active in TokenHandler. Session ID: 2goe9gs7mhelqhr12neqjl0p3h
[11-May-2025 17:28:30 Europe/Berlin] Current session data: {"csrf_token":"d09e48faaa853c54efefcd2ab915bef667fbeb6b240f5ab11111f51dc518ce8b","csrf_token_time":1746977282,"student_id":1,"usertype":"user","srcode":"23-32966","student_name":"Lourence Reguis","email":"23-32966@g.batstate-u.edu.ph","course_id":16,"section":"2201"}
[11-May-2025 17:28:34 Europe/Berlin] Starting CSRF validation for action: applyForJob
[11-May-2025 17:28:34 Europe/Berlin] Received token: d09e48faaa853c54efefcd2ab915bef667fbeb6b240f5ab11111f51dc518ce8b
[11-May-2025 17:28:34 Europe/Berlin] Current session status: 2
[11-May-2025 17:28:34 Europe/Berlin] Session ID: 2goe9gs7mhelqhr12neqjl0p3h
[11-May-2025 17:28:34 Europe/Berlin] Session already active in TokenHandler. Session ID: 2goe9gs7mhelqhr12neqjl0p3h
[11-May-2025 17:28:34 Europe/Berlin] Current session data: {"csrf_token":"d09e48faaa853c54efefcd2ab915bef667fbeb6b240f5ab11111f51dc518ce8b","csrf_token_time":1746977282,"student_id":1,"usertype":"user","srcode":"23-32966","student_name":"Lourence Reguis","email":"23-32966@g.batstate-u.edu.ph","course_id":16,"section":"2201"}
[11-May-2025 17:28:34 Europe/Berlin] CSRF validation successful for action: applyForJob
[11-May-2025 17:28:34 Europe/Berlin] Session already active in TokenHandler. Session ID: 2goe9gs7mhelqhr12neqjl0p3h
[11-May-2025 17:28:34 Europe/Berlin] Current session data: {"csrf_token":"d09e48faaa853c54efefcd2ab915bef667fbeb6b240f5ab11111f51dc518ce8b","csrf_token_time":1746977282,"student_id":1,"usertype":"user","srcode":"23-32966","student_name":"Lourence Reguis","email":"23-32966@g.batstate-u.edu.ph","course_id":16,"section":"2201"}
[11-May-2025 17:28:39 Europe/Berlin] Session already active in TokenHandler. Session ID: 2goe9gs7mhelqhr12neqjl0p3h
[11-May-2025 17:28:39 Europe/Berlin] Current session data: {"csrf_token":"d09e48faaa853c54efefcd2ab915bef667fbeb6b240f5ab11111f51dc518ce8b","csrf_token_time":1746977282,"student_id":1,"usertype":"user","srcode":"23-32966","student_name":"Lourence Reguis","email":"23-32966@g.batstate-u.edu.ph","course_id":16,"section":"2201"}
[11-May-2025 17:28:39 Europe/Berlin] Session already active in TokenHandler. Session ID: 2goe9gs7mhelqhr12neqjl0p3h
[11-May-2025 17:28:39 Europe/Berlin] Current session data: {"csrf_token":"d09e48faaa853c54efefcd2ab915bef667fbeb6b240f5ab11111f51dc518ce8b","csrf_token_time":1746977282,"student_id":1,"usertype":"user","srcode":"23-32966","student_name":"Lourence Reguis","email":"23-32966@g.batstate-u.edu.ph","course_id":16,"section":"2201"}
[11-May-2025 17:28:47 Europe/Berlin] Session already active in TokenHandler. Session ID: 2goe9gs7mhelqhr12neqjl0p3h
[11-May-2025 17:28:47 Europe/Berlin] Current session data: {"csrf_token":"d09e48faaa853c54efefcd2ab915bef667fbeb6b240f5ab11111f51dc518ce8b","csrf_token_time":1746977282,"student_id":1,"usertype":"admin","srcode":"21-00001","student_name":"Lourence Reguis","email":"admin@admin.com","course_id":16,"section":"2201","admin_id":1,"admin_name":"Admin User","is_super_admin":true}
[11-May-2025 17:28:47 Europe/Berlin] Session already active in TokenHandler. Session ID: 2goe9gs7mhelqhr12neqjl0p3h
[11-May-2025 17:28:47 Europe/Berlin] Current session data: {"csrf_token":"d09e48faaa853c54efefcd2ab915bef667fbeb6b240f5ab11111f51dc518ce8b","csrf_token_time":1746977282,"student_id":1,"usertype":"admin","srcode":"21-00001","student_name":"Lourence Reguis","email":"admin@admin.com","course_id":16,"section":"2201","admin_id":1,"admin_name":"Admin User","is_super_admin":true}
[11-May-2025 17:28:48 Europe/Berlin] Session already active in TokenHandler. Session ID: 2goe9gs7mhelqhr12neqjl0p3h
[11-May-2025 17:28:48 Europe/Berlin] Current session data: {"csrf_token":"d09e48faaa853c54efefcd2ab915bef667fbeb6b240f5ab11111f51dc518ce8b","csrf_token_time":1746977282,"student_id":1,"usertype":"admin","srcode":"21-00001","student_name":"Lourence Reguis","email":"admin@admin.com","course_id":16,"section":"2201","admin_id":1,"admin_name":"Admin User","is_super_admin":true}
[11-May-2025 17:28:48 Europe/Berlin] Session already active in TokenHandler. Session ID: 2goe9gs7mhelqhr12neqjl0p3h
[11-May-2025 17:28:48 Europe/Berlin] Current session data: {"csrf_token":"d09e48faaa853c54efefcd2ab915bef667fbeb6b240f5ab11111f51dc518ce8b","csrf_token_time":1746977282,"student_id":1,"usertype":"admin","srcode":"21-00001","student_name":"Lourence Reguis","email":"admin@admin.com","course_id":16,"section":"2201","admin_id":1,"admin_name":"Admin User","is_super_admin":true}
[11-May-2025 17:28:51 Europe/Berlin] Session already active in TokenHandler. Session ID: 2goe9gs7mhelqhr12neqjl0p3h
[11-May-2025 17:28:51 Europe/Berlin] Current session data: {"csrf_token":"d09e48faaa853c54efefcd2ab915bef667fbeb6b240f5ab11111f51dc518ce8b","csrf_token_time":1746977282,"student_id":1,"usertype":"admin","srcode":"21-00001","student_name":"Lourence Reguis","email":"admin@admin.com","course_id":16,"section":"2201","admin_id":1,"admin_name":"Admin User","is_super_admin":true}
[11-May-2025 17:28:51 Europe/Berlin] Session already active in TokenHandler. Session ID: 2goe9gs7mhelqhr12neqjl0p3h
[11-May-2025 17:28:51 Europe/Berlin] Current session data: {"csrf_token":"d09e48faaa853c54efefcd2ab915bef667fbeb6b240f5ab11111f51dc518ce8b","csrf_token_time":1746977282,"student_id":1,"usertype":"admin","srcode":"21-00001","student_name":"Lourence Reguis","email":"admin@admin.com","course_id":16,"section":"2201","admin_id":1,"admin_name":"Admin User","is_super_admin":true}
[11-May-2025 17:28:51 Europe/Berlin] Session already active in TokenHandler. Session ID: 2goe9gs7mhelqhr12neqjl0p3h
[11-May-2025 17:28:51 Europe/Berlin] Current session data: {"csrf_token":"d09e48faaa853c54efefcd2ab915bef667fbeb6b240f5ab11111f51dc518ce8b","csrf_token_time":1746977282,"student_id":1,"usertype":"admin","srcode":"21-00001","student_name":"Lourence Reguis","email":"admin@admin.com","course_id":16,"section":"2201","admin_id":1,"admin_name":"Admin User","is_super_admin":true}
[11-May-2025 17:28:51 Europe/Berlin] Session already active in TokenHandler. Session ID: 2goe9gs7mhelqhr12neqjl0p3h
[11-May-2025 17:28:51 Europe/Berlin] Current session data: {"csrf_token":"d09e48faaa853c54efefcd2ab915bef667fbeb6b240f5ab11111f51dc518ce8b","csrf_token_time":1746977282,"student_id":1,"usertype":"admin","srcode":"21-00001","student_name":"Lourence Reguis","email":"admin@admin.com","course_id":16,"section":"2201","admin_id":1,"admin_name":"Admin User","is_super_admin":true}
[11-May-2025 17:28:55 Europe/Berlin] Starting CSRF validation for action: 
[11-May-2025 17:28:55 Europe/Berlin] Received token: d09e48faaa853c54efefcd2ab915bef667fbeb6b240f5ab11111f51dc518ce8b
[11-May-2025 17:28:55 Europe/Berlin] Current session status: 2
[11-May-2025 17:28:55 Europe/Berlin] Session ID: 2goe9gs7mhelqhr12neqjl0p3h
[11-May-2025 17:28:55 Europe/Berlin] Session already active in TokenHandler. Session ID: 2goe9gs7mhelqhr12neqjl0p3h
[11-May-2025 17:28:55 Europe/Berlin] Current session data: {"csrf_token":"d09e48faaa853c54efefcd2ab915bef667fbeb6b240f5ab11111f51dc518ce8b","csrf_token_time":1746977282,"student_id":1,"usertype":"admin","srcode":"21-00001","student_name":"Lourence Reguis","email":"admin@admin.com","course_id":16,"section":"2201","admin_id":1,"admin_name":"Admin User","is_super_admin":true}
[11-May-2025 17:28:55 Europe/Berlin] CSRF validation successful for action: 
[11-May-2025 17:28:55 Europe/Berlin] No action specified
[11-May-2025 17:28:59 Europe/Berlin] Session already active in TokenHandler. Session ID: 2goe9gs7mhelqhr12neqjl0p3h
[11-May-2025 17:28:59 Europe/Berlin] Current session data: {"csrf_token":"d09e48faaa853c54efefcd2ab915bef667fbeb6b240f5ab11111f51dc518ce8b","csrf_token_time":1746977282,"student_id":1,"usertype":"admin","srcode":"21-00001","student_name":"Lourence Reguis","email":"admin@admin.com","course_id":16,"section":"2201","admin_id":1,"admin_name":"Admin User","is_super_admin":true}
[11-May-2025 17:29:28 Europe/Berlin] Session already active in TokenHandler. Session ID: 2goe9gs7mhelqhr12neqjl0p3h
[11-May-2025 17:29:28 Europe/Berlin] Current session data: {"csrf_token":"d09e48faaa853c54efefcd2ab915bef667fbeb6b240f5ab11111f51dc518ce8b","csrf_token_time":1746977282,"student_id":1,"usertype":"admin","srcode":"21-00001","student_name":"Lourence Reguis","email":"admin@admin.com","course_id":16,"section":"2201","admin_id":1,"admin_name":"Admin User","is_super_admin":true}
[11-May-2025 17:29:28 Europe/Berlin] Session already active in TokenHandler. Session ID: 2goe9gs7mhelqhr12neqjl0p3h
[11-May-2025 17:29:28 Europe/Berlin] Current session data: {"csrf_token":"d09e48faaa853c54efefcd2ab915bef667fbeb6b240f5ab11111f51dc518ce8b","csrf_token_time":1746977282,"student_id":1,"usertype":"admin","srcode":"21-00001","student_name":"Lourence Reguis","email":"admin@admin.com","course_id":16,"section":"2201","admin_id":1,"admin_name":"Admin User","is_super_admin":true}
[11-May-2025 17:29:54 Europe/Berlin] Session already active in TokenHandler. Session ID: 2goe9gs7mhelqhr12neqjl0p3h
[11-May-2025 17:29:54 Europe/Berlin] Current session data: {"csrf_token":"d09e48faaa853c54efefcd2ab915bef667fbeb6b240f5ab11111f51dc518ce8b","csrf_token_time":1746977282,"student_id":1,"usertype":"admin","srcode":"21-00001","student_name":"Lourence Reguis","email":"admin@admin.com","course_id":16,"section":"2201","admin_id":1,"admin_name":"Admin User","is_super_admin":true}
[11-May-2025 17:29:54 Europe/Berlin] Session already active in TokenHandler. Session ID: 2goe9gs7mhelqhr12neqjl0p3h
[11-May-2025 17:29:54 Europe/Berlin] Current session data: {"csrf_token":"d09e48faaa853c54efefcd2ab915bef667fbeb6b240f5ab11111f51dc518ce8b","csrf_token_time":1746977282,"student_id":1,"usertype":"admin","srcode":"21-00001","student_name":"Lourence Reguis","email":"admin@admin.com","course_id":16,"section":"2201","admin_id":1,"admin_name":"Admin User","is_super_admin":true}
[11-May-2025 17:29:54 Europe/Berlin] Session already active in TokenHandler. Session ID: 2goe9gs7mhelqhr12neqjl0p3h
[11-May-2025 17:29:54 Europe/Berlin] Current session data: {"csrf_token":"d09e48faaa853c54efefcd2ab915bef667fbeb6b240f5ab11111f51dc518ce8b","csrf_token_time":1746977282,"student_id":1,"usertype":"admin","srcode":"21-00001","student_name":"Lourence Reguis","email":"admin@admin.com","course_id":16,"section":"2201","admin_id":1,"admin_name":"Admin User","is_super_admin":true}
[11-May-2025 17:29:54 Europe/Berlin] Session already active in TokenHandler. Session ID: 2goe9gs7mhelqhr12neqjl0p3h
[11-May-2025 17:29:54 Europe/Berlin] Current session data: {"csrf_token":"d09e48faaa853c54efefcd2ab915bef667fbeb6b240f5ab11111f51dc518ce8b","csrf_token_time":1746977282,"student_id":1,"usertype":"admin","srcode":"21-00001","student_name":"Lourence Reguis","email":"admin@admin.com","course_id":16,"section":"2201","admin_id":1,"admin_name":"Admin User","is_super_admin":true}
[11-May-2025 17:30:49 Europe/Berlin] Session already active in TokenHandler. Session ID: 2goe9gs7mhelqhr12neqjl0p3h
[11-May-2025 17:30:49 Europe/Berlin] Current session data: {"csrf_token":"d09e48faaa853c54efefcd2ab915bef667fbeb6b240f5ab11111f51dc518ce8b","csrf_token_time":1746977282,"student_id":1,"usertype":"admin","srcode":"21-00001","student_name":"Lourence Reguis","email":"admin@admin.com","course_id":16,"section":"2201","admin_id":1,"admin_name":"Admin User","is_super_admin":true}
[11-May-2025 17:30:49 Europe/Berlin] Session already active in TokenHandler. Session ID: 2goe9gs7mhelqhr12neqjl0p3h
[11-May-2025 17:30:49 Europe/Berlin] Current session data: {"csrf_token":"d09e48faaa853c54efefcd2ab915bef667fbeb6b240f5ab11111f51dc518ce8b","csrf_token_time":1746977282,"student_id":1,"usertype":"admin","srcode":"21-00001","student_name":"Lourence Reguis","email":"admin@admin.com","course_id":16,"section":"2201","admin_id":1,"admin_name":"Admin User","is_super_admin":true}
[11-May-2025 17:30:53 Europe/Berlin] Session already active in TokenHandler. Session ID: 2goe9gs7mhelqhr12neqjl0p3h
[11-May-2025 17:30:53 Europe/Berlin] Current session data: {"csrf_token":"d09e48faaa853c54efefcd2ab915bef667fbeb6b240f5ab11111f51dc518ce8b","csrf_token_time":1746977282,"student_id":1,"usertype":"admin","srcode":"21-00001","student_name":"Lourence Reguis","email":"admin@admin.com","course_id":16,"section":"2201","admin_id":1,"admin_name":"Admin User","is_super_admin":true}
[11-May-2025 17:30:53 Europe/Berlin] Session already active in TokenHandler. Session ID: 2goe9gs7mhelqhr12neqjl0p3h
[11-May-2025 17:30:53 Europe/Berlin] Current session data: {"csrf_token":"d09e48faaa853c54efefcd2ab915bef667fbeb6b240f5ab11111f51dc518ce8b","csrf_token_time":1746977282,"student_id":1,"usertype":"admin","srcode":"21-00001","student_name":"Lourence Reguis","email":"admin@admin.com","course_id":16,"section":"2201","admin_id":1,"admin_name":"Admin User","is_super_admin":true}
[11-May-2025 17:37:44 Europe/Berlin] Session already active in TokenHandler. Session ID: 2goe9gs7mhelqhr12neqjl0p3h
[11-May-2025 17:37:44 Europe/Berlin] Current session data: {"csrf_token":"d09e48faaa853c54efefcd2ab915bef667fbeb6b240f5ab11111f51dc518ce8b","csrf_token_time":1746977282,"student_id":1,"usertype":"admin","srcode":"21-00001","student_name":"Lourence Reguis","email":"admin@admin.com","course_id":16,"section":"2201","admin_id":1,"admin_name":"Admin User","is_super_admin":true}
[11-May-2025 17:37:44 Europe/Berlin] Session already active in TokenHandler. Session ID: 2goe9gs7mhelqhr12neqjl0p3h
[11-May-2025 17:37:44 Europe/Berlin] Current session data: {"csrf_token":"d09e48faaa853c54efefcd2ab915bef667fbeb6b240f5ab11111f51dc518ce8b","csrf_token_time":1746977282,"student_id":1,"usertype":"admin","srcode":"21-00001","student_name":"Lourence Reguis","email":"admin@admin.com","course_id":16,"section":"2201","admin_id":1,"admin_name":"Admin User","is_super_admin":true}
[11-May-2025 17:40:21 Europe/Berlin] Session already active in TokenHandler. Session ID: 2goe9gs7mhelqhr12neqjl0p3h
[11-May-2025 17:40:21 Europe/Berlin] Current session data: {"csrf_token":"d09e48faaa853c54efefcd2ab915bef667fbeb6b240f5ab11111f51dc518ce8b","csrf_token_time":1746977282,"student_id":1,"usertype":"admin","srcode":"21-00001","student_name":"Lourence Reguis","email":"admin@admin.com","course_id":16,"section":"2201","admin_id":1,"admin_name":"Admin User","is_super_admin":true}
[11-May-2025 17:40:21 Europe/Berlin] Session already active in TokenHandler. Session ID: 2goe9gs7mhelqhr12neqjl0p3h
[11-May-2025 17:40:21 Europe/Berlin] Current session data: {"csrf_token":"d09e48faaa853c54efefcd2ab915bef667fbeb6b240f5ab11111f51dc518ce8b","csrf_token_time":1746977282,"student_id":1,"usertype":"admin","srcode":"21-00001","student_name":"Lourence Reguis","email":"admin@admin.com","course_id":16,"section":"2201","admin_id":1,"admin_name":"Admin User","is_super_admin":true}
[11-May-2025 17:40:43 Europe/Berlin] Session already active in TokenHandler. Session ID: 2goe9gs7mhelqhr12neqjl0p3h
[11-May-2025 17:40:43 Europe/Berlin] Current session data: {"csrf_token":"d09e48faaa853c54efefcd2ab915bef667fbeb6b240f5ab11111f51dc518ce8b","csrf_token_time":1746977282,"student_id":1,"usertype":"admin","srcode":"21-00001","student_name":"Lourence Reguis","email":"admin@admin.com","course_id":16,"section":"2201","admin_id":1,"admin_name":"Admin User","is_super_admin":true}
[11-May-2025 17:40:43 Europe/Berlin] Session already active in TokenHandler. Session ID: 2goe9gs7mhelqhr12neqjl0p3h
[11-May-2025 17:40:43 Europe/Berlin] Current session data: {"csrf_token":"d09e48faaa853c54efefcd2ab915bef667fbeb6b240f5ab11111f51dc518ce8b","csrf_token_time":1746977282,"student_id":1,"usertype":"admin","srcode":"21-00001","student_name":"Lourence Reguis","email":"admin@admin.com","course_id":16,"section":"2201","admin_id":1,"admin_name":"Admin User","is_super_admin":true}
[11-May-2025 17:42:48 Europe/Berlin] Session already active in TokenHandler. Session ID: 2goe9gs7mhelqhr12neqjl0p3h
[11-May-2025 17:42:48 Europe/Berlin] Current session data: {"csrf_token":"d09e48faaa853c54efefcd2ab915bef667fbeb6b240f5ab11111f51dc518ce8b","csrf_token_time":1746977282,"student_id":1,"usertype":"admin","srcode":"21-00001","student_name":"Lourence Reguis","email":"admin@admin.com","course_id":16,"section":"2201","admin_id":1,"admin_name":"Admin User","is_super_admin":true}
[11-May-2025 17:42:48 Europe/Berlin] Session already active in TokenHandler. Session ID: 2goe9gs7mhelqhr12neqjl0p3h
[11-May-2025 17:42:48 Europe/Berlin] Current session data: {"csrf_token":"d09e48faaa853c54efefcd2ab915bef667fbeb6b240f5ab11111f51dc518ce8b","csrf_token_time":1746977282,"student_id":1,"usertype":"admin","srcode":"21-00001","student_name":"Lourence Reguis","email":"admin@admin.com","course_id":16,"section":"2201","admin_id":1,"admin_name":"Admin User","is_super_admin":true}
[11-May-2025 17:42:49 Europe/Berlin] Session already active in TokenHandler. Session ID: 2goe9gs7mhelqhr12neqjl0p3h
[11-May-2025 17:42:49 Europe/Berlin] Current session data: {"csrf_token":"d09e48faaa853c54efefcd2ab915bef667fbeb6b240f5ab11111f51dc518ce8b","csrf_token_time":1746977282,"student_id":1,"usertype":"admin","srcode":"21-00001","student_name":"Lourence Reguis","email":"admin@admin.com","course_id":16,"section":"2201","admin_id":1,"admin_name":"Admin User","is_super_admin":true}
[11-May-2025 17:42:49 Europe/Berlin] Session already active in TokenHandler. Session ID: 2goe9gs7mhelqhr12neqjl0p3h
[11-May-2025 17:42:49 Europe/Berlin] Current session data: {"csrf_token":"d09e48faaa853c54efefcd2ab915bef667fbeb6b240f5ab11111f51dc518ce8b","csrf_token_time":1746977282,"student_id":1,"usertype":"admin","srcode":"21-00001","student_name":"Lourence Reguis","email":"admin@admin.com","course_id":16,"section":"2201","admin_id":1,"admin_name":"Admin User","is_super_admin":true}
[11-May-2025 17:42:52 Europe/Berlin] Session already active in TokenHandler. Session ID: 2goe9gs7mhelqhr12neqjl0p3h
[11-May-2025 17:42:52 Europe/Berlin] Current session data: {"csrf_token":"d09e48faaa853c54efefcd2ab915bef667fbeb6b240f5ab11111f51dc518ce8b","csrf_token_time":1746977282,"student_id":1,"usertype":"admin","srcode":"21-00001","student_name":"Lourence Reguis","email":"admin@admin.com","course_id":16,"section":"2201","admin_id":1,"admin_name":"Admin User","is_super_admin":true}
[11-May-2025 17:42:52 Europe/Berlin] Session already active in TokenHandler. Session ID: 2goe9gs7mhelqhr12neqjl0p3h
[11-May-2025 17:42:52 Europe/Berlin] Current session data: {"csrf_token":"d09e48faaa853c54efefcd2ab915bef667fbeb6b240f5ab11111f51dc518ce8b","csrf_token_time":1746977282,"student_id":1,"usertype":"admin","srcode":"21-00001","student_name":"Lourence Reguis","email":"admin@admin.com","course_id":16,"section":"2201","admin_id":1,"admin_name":"Admin User","is_super_admin":true}
[11-May-2025 17:44:03 Europe/Berlin] Session already active in TokenHandler. Session ID: 2goe9gs7mhelqhr12neqjl0p3h
[11-May-2025 17:44:03 Europe/Berlin] Current session data: {"csrf_token":"d09e48faaa853c54efefcd2ab915bef667fbeb6b240f5ab11111f51dc518ce8b","csrf_token_time":1746977282,"student_id":1,"usertype":"admin","srcode":"21-00001","student_name":"Lourence Reguis","email":"admin@admin.com","course_id":16,"section":"2201","admin_id":1,"admin_name":"Admin User","is_super_admin":true}
[11-May-2025 17:44:03 Europe/Berlin] Session already active in TokenHandler. Session ID: 2goe9gs7mhelqhr12neqjl0p3h
[11-May-2025 17:44:04 Europe/Berlin] Current session data: {"csrf_token":"d09e48faaa853c54efefcd2ab915bef667fbeb6b240f5ab11111f51dc518ce8b","csrf_token_time":1746977282,"student_id":1,"usertype":"admin","srcode":"21-00001","student_name":"Lourence Reguis","email":"admin@admin.com","course_id":16,"section":"2201","admin_id":1,"admin_name":"Admin User","is_super_admin":true}
[11-May-2025 17:44:45 Europe/Berlin] Session already active in TokenHandler. Session ID: 2goe9gs7mhelqhr12neqjl0p3h
[11-May-2025 17:44:45 Europe/Berlin] Current session data: {"csrf_token":"d09e48faaa853c54efefcd2ab915bef667fbeb6b240f5ab11111f51dc518ce8b","csrf_token_time":1746977282,"student_id":1,"usertype":"admin","srcode":"21-00001","student_name":"Lourence Reguis","email":"admin@admin.com","course_id":16,"section":"2201","admin_id":1,"admin_name":"Admin User","is_super_admin":true}
[11-May-2025 17:44:45 Europe/Berlin] Session already active in TokenHandler. Session ID: 2goe9gs7mhelqhr12neqjl0p3h
[11-May-2025 17:44:45 Europe/Berlin] Current session data: {"csrf_token":"d09e48faaa853c54efefcd2ab915bef667fbeb6b240f5ab11111f51dc518ce8b","csrf_token_time":1746977282,"student_id":1,"usertype":"admin","srcode":"21-00001","student_name":"Lourence Reguis","email":"admin@admin.com","course_id":16,"section":"2201","admin_id":1,"admin_name":"Admin User","is_super_admin":true}
[11-May-2025 17:44:50 Europe/Berlin] Session already active in TokenHandler. Session ID: 2goe9gs7mhelqhr12neqjl0p3h
[11-May-2025 17:44:50 Europe/Berlin] Current session data: {"csrf_token":"d09e48faaa853c54efefcd2ab915bef667fbeb6b240f5ab11111f51dc518ce8b","csrf_token_time":1746977282,"student_id":1,"usertype":"admin","srcode":"21-00001","student_name":"Lourence Reguis","email":"admin@admin.com","course_id":16,"section":"2201","admin_id":1,"admin_name":"Admin User","is_super_admin":true}
[11-May-2025 17:44:50 Europe/Berlin] Session already active in TokenHandler. Session ID: 2goe9gs7mhelqhr12neqjl0p3h
[11-May-2025 17:44:50 Europe/Berlin] Current session data: {"csrf_token":"d09e48faaa853c54efefcd2ab915bef667fbeb6b240f5ab11111f51dc518ce8b","csrf_token_time":1746977282,"student_id":1,"usertype":"admin","srcode":"21-00001","student_name":"Lourence Reguis","email":"admin@admin.com","course_id":16,"section":"2201","admin_id":1,"admin_name":"Admin User","is_super_admin":true}
[11-May-2025 17:44:50 Europe/Berlin] Session already active in TokenHandler. Session ID: 2goe9gs7mhelqhr12neqjl0p3h
[11-May-2025 17:44:50 Europe/Berlin] Current session data: {"csrf_token":"d09e48faaa853c54efefcd2ab915bef667fbeb6b240f5ab11111f51dc518ce8b","csrf_token_time":1746977282,"student_id":1,"usertype":"admin","srcode":"21-00001","student_name":"Lourence Reguis","email":"admin@admin.com","course_id":16,"section":"2201","admin_id":1,"admin_name":"Admin User","is_super_admin":true}
[11-May-2025 17:44:50 Europe/Berlin] Session already active in TokenHandler. Session ID: 2goe9gs7mhelqhr12neqjl0p3h
[11-May-2025 17:44:50 Europe/Berlin] Current session data: {"csrf_token":"d09e48faaa853c54efefcd2ab915bef667fbeb6b240f5ab11111f51dc518ce8b","csrf_token_time":1746977282,"student_id":1,"usertype":"admin","srcode":"21-00001","student_name":"Lourence Reguis","email":"admin@admin.com","course_id":16,"section":"2201","admin_id":1,"admin_name":"Admin User","is_super_admin":true}
[11-May-2025 17:44:51 Europe/Berlin] Session already active in TokenHandler. Session ID: 2goe9gs7mhelqhr12neqjl0p3h
[11-May-2025 17:44:51 Europe/Berlin] Current session data: {"csrf_token":"d09e48faaa853c54efefcd2ab915bef667fbeb6b240f5ab11111f51dc518ce8b","csrf_token_time":1746977282,"student_id":1,"usertype":"admin","srcode":"21-00001","student_name":"Lourence Reguis","email":"admin@admin.com","course_id":16,"section":"2201","admin_id":1,"admin_name":"Admin User","is_super_admin":true}
[11-May-2025 17:44:51 Europe/Berlin] Session already active in TokenHandler. Session ID: 2goe9gs7mhelqhr12neqjl0p3h
[11-May-2025 17:44:51 Europe/Berlin] Current session data: {"csrf_token":"d09e48faaa853c54efefcd2ab915bef667fbeb6b240f5ab11111f51dc518ce8b","csrf_token_time":1746977282,"student_id":1,"usertype":"admin","srcode":"21-00001","student_name":"Lourence Reguis","email":"admin@admin.com","course_id":16,"section":"2201","admin_id":1,"admin_name":"Admin User","is_super_admin":true}
[11-May-2025 17:44:51 Europe/Berlin] Session already active in TokenHandler. Session ID: 2goe9gs7mhelqhr12neqjl0p3h
[11-May-2025 17:44:51 Europe/Berlin] Current session data: {"csrf_token":"d09e48faaa853c54efefcd2ab915bef667fbeb6b240f5ab11111f51dc518ce8b","csrf_token_time":1746977282,"student_id":1,"usertype":"admin","srcode":"21-00001","student_name":"Lourence Reguis","email":"admin@admin.com","course_id":16,"section":"2201","admin_id":1,"admin_name":"Admin User","is_super_admin":true}
[11-May-2025 17:44:51 Europe/Berlin] Session already active in TokenHandler. Session ID: 2goe9gs7mhelqhr12neqjl0p3h
[11-May-2025 17:44:51 Europe/Berlin] Current session data: {"csrf_token":"d09e48faaa853c54efefcd2ab915bef667fbeb6b240f5ab11111f51dc518ce8b","csrf_token_time":1746977282,"student_id":1,"usertype":"admin","srcode":"21-00001","student_name":"Lourence Reguis","email":"admin@admin.com","course_id":16,"section":"2201","admin_id":1,"admin_name":"Admin User","is_super_admin":true}
[11-May-2025 17:44:53 Europe/Berlin] Session already active in TokenHandler. Session ID: 2goe9gs7mhelqhr12neqjl0p3h
[11-May-2025 17:44:53 Europe/Berlin] Current session data: {"csrf_token":"d09e48faaa853c54efefcd2ab915bef667fbeb6b240f5ab11111f51dc518ce8b","csrf_token_time":1746977282,"student_id":1,"usertype":"admin","srcode":"21-00001","student_name":"Lourence Reguis","email":"admin@admin.com","course_id":16,"section":"2201","admin_id":1,"admin_name":"Admin User","is_super_admin":true}
[11-May-2025 17:44:53 Europe/Berlin] Session already active in TokenHandler. Session ID: 2goe9gs7mhelqhr12neqjl0p3h
[11-May-2025 17:44:53 Europe/Berlin] Current session data: {"csrf_token":"d09e48faaa853c54efefcd2ab915bef667fbeb6b240f5ab11111f51dc518ce8b","csrf_token_time":1746977282,"student_id":1,"usertype":"admin","srcode":"21-00001","student_name":"Lourence Reguis","email":"admin@admin.com","course_id":16,"section":"2201","admin_id":1,"admin_name":"Admin User","is_super_admin":true}
[11-May-2025 17:44:53 Europe/Berlin] Session already active in TokenHandler. Session ID: 2goe9gs7mhelqhr12neqjl0p3h
[11-May-2025 17:44:53 Europe/Berlin] Current session data: {"csrf_token":"d09e48faaa853c54efefcd2ab915bef667fbeb6b240f5ab11111f51dc518ce8b","csrf_token_time":1746977282,"student_id":1,"usertype":"admin","srcode":"21-00001","student_name":"Lourence Reguis","email":"admin@admin.com","course_id":16,"section":"2201","admin_id":1,"admin_name":"Admin User","is_super_admin":true}
[11-May-2025 17:44:53 Europe/Berlin] Session already active in TokenHandler. Session ID: 2goe9gs7mhelqhr12neqjl0p3h
[11-May-2025 17:44:53 Europe/Berlin] Current session data: {"csrf_token":"d09e48faaa853c54efefcd2ab915bef667fbeb6b240f5ab11111f51dc518ce8b","csrf_token_time":1746977282,"student_id":1,"usertype":"admin","srcode":"21-00001","student_name":"Lourence Reguis","email":"admin@admin.com","course_id":16,"section":"2201","admin_id":1,"admin_name":"Admin User","is_super_admin":true}
[12-May-2025 03:54:27 Europe/Berlin] Session already active in TokenHandler. Session ID: ghk21qhjfdnf2kguelb4131ud3
[12-May-2025 03:54:27 Europe/Berlin] Current session data: []
[12-May-2025 03:54:27 Europe/Berlin] Session already active in TokenHandler. Session ID: ghk21qhjfdnf2kguelb4131ud3
[12-May-2025 03:54:27 Europe/Berlin] Current session data: {"csrf_token":"69867b51cd40cf30f4c2fc42a8378b9d71e5ee298cb0b1b2aaf47cc4bbc1878c","csrf_token_time":1747014867}
[12-May-2025 03:54:28 Europe/Berlin] Session already active in TokenHandler. Session ID: ghk21qhjfdnf2kguelb4131ud3
[12-May-2025 03:54:28 Europe/Berlin] Current session data: {"csrf_token":"69867b51cd40cf30f4c2fc42a8378b9d71e5ee298cb0b1b2aaf47cc4bbc1878c","csrf_token_time":1747014867}
[12-May-2025 03:54:28 Europe/Berlin] Session already active in TokenHandler. Session ID: ghk21qhjfdnf2kguelb4131ud3
[12-May-2025 03:54:28 Europe/Berlin] Current session data: {"csrf_token":"69867b51cd40cf30f4c2fc42a8378b9d71e5ee298cb0b1b2aaf47cc4bbc1878c","csrf_token_time":1747014867}
[12-May-2025 03:54:36 Europe/Berlin] Session already active in TokenHandler. Session ID: ghk21qhjfdnf2kguelb4131ud3
[12-May-2025 03:54:36 Europe/Berlin] Current session data: {"csrf_token":"69867b51cd40cf30f4c2fc42a8378b9d71e5ee298cb0b1b2aaf47cc4bbc1878c","csrf_token_time":1747014867,"admin_id":1,"srcode":"21-00001","admin_name":"Admin User","email":"admin@admin.com","is_super_admin":true,"usertype":"admin"}
[12-May-2025 03:54:36 Europe/Berlin] Session already active in TokenHandler. Session ID: ghk21qhjfdnf2kguelb4131ud3
[12-May-2025 03:54:36 Europe/Berlin] Current session data: {"csrf_token":"69867b51cd40cf30f4c2fc42a8378b9d71e5ee298cb0b1b2aaf47cc4bbc1878c","csrf_token_time":1747014867,"admin_id":1,"srcode":"21-00001","admin_name":"Admin User","email":"admin@admin.com","is_super_admin":true,"usertype":"admin"}
[12-May-2025 03:54:39 Europe/Berlin] Session already active in TokenHandler. Session ID: ghk21qhjfdnf2kguelb4131ud3
[12-May-2025 03:54:39 Europe/Berlin] Current session data: {"csrf_token":"69867b51cd40cf30f4c2fc42a8378b9d71e5ee298cb0b1b2aaf47cc4bbc1878c","csrf_token_time":1747014867,"admin_id":1,"srcode":"21-00001","admin_name":"Admin User","email":"admin@admin.com","is_super_admin":true,"usertype":"admin"}
[12-May-2025 03:54:39 Europe/Berlin] Session already active in TokenHandler. Session ID: ghk21qhjfdnf2kguelb4131ud3
[12-May-2025 03:54:39 Europe/Berlin] Current session data: {"csrf_token":"69867b51cd40cf30f4c2fc42a8378b9d71e5ee298cb0b1b2aaf47cc4bbc1878c","csrf_token_time":1747014867,"admin_id":1,"srcode":"21-00001","admin_name":"Admin User","email":"admin@admin.com","is_super_admin":true,"usertype":"admin"}
[12-May-2025 03:54:46 Europe/Berlin] Session already active in TokenHandler. Session ID: ghk21qhjfdnf2kguelb4131ud3
[12-May-2025 03:54:46 Europe/Berlin] Current session data: {"csrf_token":"69867b51cd40cf30f4c2fc42a8378b9d71e5ee298cb0b1b2aaf47cc4bbc1878c","csrf_token_time":1747014867,"admin_id":1,"srcode":"23-32966","admin_name":"Admin User","email":"23-32966@g.batstate-u.edu.ph","is_super_admin":true,"usertype":"user","student_id":1,"student_name":"Lourence Reguis","course_id":16,"section":"2201"}
[12-May-2025 03:54:46 Europe/Berlin] Session already active in TokenHandler. Session ID: ghk21qhjfdnf2kguelb4131ud3
[12-May-2025 03:54:46 Europe/Berlin] Current session data: {"csrf_token":"69867b51cd40cf30f4c2fc42a8378b9d71e5ee298cb0b1b2aaf47cc4bbc1878c","csrf_token_time":1747014867,"admin_id":1,"srcode":"23-32966","admin_name":"Admin User","email":"23-32966@g.batstate-u.edu.ph","is_super_admin":true,"usertype":"user","student_id":1,"student_name":"Lourence Reguis","course_id":16,"section":"2201"}
[12-May-2025 03:54:48 Europe/Berlin] Session already active in TokenHandler. Session ID: ghk21qhjfdnf2kguelb4131ud3
[12-May-2025 03:54:48 Europe/Berlin] Current session data: {"csrf_token":"69867b51cd40cf30f4c2fc42a8378b9d71e5ee298cb0b1b2aaf47cc4bbc1878c","csrf_token_time":1747014867,"admin_id":1,"srcode":"23-32966","admin_name":"Admin User","email":"23-32966@g.batstate-u.edu.ph","is_super_admin":true,"usertype":"user","student_id":1,"student_name":"Lourence Reguis","course_id":16,"section":"2201"}
[12-May-2025 03:54:48 Europe/Berlin] Session already active in TokenHandler. Session ID: ghk21qhjfdnf2kguelb4131ud3
[12-May-2025 03:54:48 Europe/Berlin] Current session data: {"csrf_token":"69867b51cd40cf30f4c2fc42a8378b9d71e5ee298cb0b1b2aaf47cc4bbc1878c","csrf_token_time":1747014867,"admin_id":1,"srcode":"23-32966","admin_name":"Admin User","email":"23-32966@g.batstate-u.edu.ph","is_super_admin":true,"usertype":"user","student_id":1,"student_name":"Lourence Reguis","course_id":16,"section":"2201"}
[12-May-2025 03:59:04 Europe/Berlin] Session already active in TokenHandler. Session ID: ghk21qhjfdnf2kguelb4131ud3
[12-May-2025 03:59:04 Europe/Berlin] Current session data: []
[12-May-2025 03:59:04 Europe/Berlin] Session already active in TokenHandler. Session ID: ghk21qhjfdnf2kguelb4131ud3
[12-May-2025 03:59:04 Europe/Berlin] Current session data: {"csrf_token":"04addefcc4725ae79c586e8cfe60032596db0b6c2eeb221137c6fa8d93a9be5e","csrf_token_time":1747015144}
[12-May-2025 03:59:32 Europe/Berlin] Session already active in TokenHandler. Session ID: ghk21qhjfdnf2kguelb4131ud3
[12-May-2025 03:59:32 Europe/Berlin] Current session data: {"csrf_token":"b531c372b3d39f4816e079eb963c375fdbf2e20cba939d9807601613600b713d","csrf_token_time":1747015144}
[12-May-2025 03:59:32 Europe/Berlin] Session already active in TokenHandler. Session ID: ghk21qhjfdnf2kguelb4131ud3
[12-May-2025 03:59:32 Europe/Berlin] Current session data: {"csrf_token":"b531c372b3d39f4816e079eb963c375fdbf2e20cba939d9807601613600b713d","csrf_token_time":1747015144}
[12-May-2025 03:59:35 Europe/Berlin] Session already active in TokenHandler. Session ID: ghk21qhjfdnf2kguelb4131ud3
[12-May-2025 03:59:35 Europe/Berlin] Current session data: {"csrf_token":"b531c372b3d39f4816e079eb963c375fdbf2e20cba939d9807601613600b713d","csrf_token_time":1747015144}
[12-May-2025 03:59:35 Europe/Berlin] Session already active in TokenHandler. Session ID: ghk21qhjfdnf2kguelb4131ud3
[12-May-2025 03:59:35 Europe/Berlin] Current session data: {"csrf_token":"b531c372b3d39f4816e079eb963c375fdbf2e20cba939d9807601613600b713d","csrf_token_time":1747015144}
[12-May-2025 03:59:42 Europe/Berlin] Session already active in TokenHandler. Session ID: ghk21qhjfdnf2kguelb4131ud3
[12-May-2025 03:59:42 Europe/Berlin] Current session data: {"csrf_token":"b531c372b3d39f4816e079eb963c375fdbf2e20cba939d9807601613600b713d","csrf_token_time":1747015144,"admin_id":1,"srcode":"21-00001","admin_name":"Admin User","email":"admin@admin.com","is_super_admin":true,"usertype":"admin"}
[12-May-2025 03:59:42 Europe/Berlin] Session already active in TokenHandler. Session ID: ghk21qhjfdnf2kguelb4131ud3
[12-May-2025 03:59:42 Europe/Berlin] Current session data: {"csrf_token":"b531c372b3d39f4816e079eb963c375fdbf2e20cba939d9807601613600b713d","csrf_token_time":1747015144,"admin_id":1,"srcode":"21-00001","admin_name":"Admin User","email":"admin@admin.com","is_super_admin":true,"usertype":"admin"}
[12-May-2025 03:59:45 Europe/Berlin] Session already active in TokenHandler. Session ID: ghk21qhjfdnf2kguelb4131ud3
[12-May-2025 03:59:45 Europe/Berlin] Current session data: {"csrf_token":"b531c372b3d39f4816e079eb963c375fdbf2e20cba939d9807601613600b713d","csrf_token_time":1747015144,"admin_id":1,"srcode":"21-00001","admin_name":"Admin User","email":"admin@admin.com","is_super_admin":true,"usertype":"admin"}
[12-May-2025 03:59:45 Europe/Berlin] Session already active in TokenHandler. Session ID: ghk21qhjfdnf2kguelb4131ud3
[12-May-2025 03:59:45 Europe/Berlin] Current session data: {"csrf_token":"b531c372b3d39f4816e079eb963c375fdbf2e20cba939d9807601613600b713d","csrf_token_time":1747015144,"admin_id":1,"srcode":"21-00001","admin_name":"Admin User","email":"admin@admin.com","is_super_admin":true,"usertype":"admin"}
[12-May-2025 03:59:45 Europe/Berlin] Session already active in TokenHandler. Session ID: ghk21qhjfdnf2kguelb4131ud3
[12-May-2025 03:59:45 Europe/Berlin] Current session data: {"csrf_token":"b531c372b3d39f4816e079eb963c375fdbf2e20cba939d9807601613600b713d","csrf_token_time":1747015144,"admin_id":1,"srcode":"21-00001","admin_name":"Admin User","email":"admin@admin.com","is_super_admin":true,"usertype":"admin"}
[12-May-2025 03:59:45 Europe/Berlin] Session already active in TokenHandler. Session ID: ghk21qhjfdnf2kguelb4131ud3
[12-May-2025 03:59:45 Europe/Berlin] Current session data: {"csrf_token":"b531c372b3d39f4816e079eb963c375fdbf2e20cba939d9807601613600b713d","csrf_token_time":1747015144,"admin_id":1,"srcode":"21-00001","admin_name":"Admin User","email":"admin@admin.com","is_super_admin":true,"usertype":"admin"}
[12-May-2025 04:00:03 Europe/Berlin] Session already active in TokenHandler. Session ID: ghk21qhjfdnf2kguelb4131ud3
[12-May-2025 04:00:03 Europe/Berlin] Current session data: {"csrf_token":"b531c372b3d39f4816e079eb963c375fdbf2e20cba939d9807601613600b713d","csrf_token_time":1747015144,"admin_id":1,"srcode":"21-00001","admin_name":"Admin User","email":"admin@admin.com","is_super_admin":true,"usertype":"admin"}
[12-May-2025 04:00:03 Europe/Berlin] Session already active in TokenHandler. Session ID: ghk21qhjfdnf2kguelb4131ud3
[12-May-2025 04:00:03 Europe/Berlin] Current session data: {"csrf_token":"b531c372b3d39f4816e079eb963c375fdbf2e20cba939d9807601613600b713d","csrf_token_time":1747015144,"admin_id":1,"srcode":"21-00001","admin_name":"Admin User","email":"admin@admin.com","is_super_admin":true,"usertype":"admin"}
[12-May-2025 04:00:03 Europe/Berlin] Session already active in TokenHandler. Session ID: ghk21qhjfdnf2kguelb4131ud3
[12-May-2025 04:00:03 Europe/Berlin] Current session data: {"csrf_token":"b531c372b3d39f4816e079eb963c375fdbf2e20cba939d9807601613600b713d","csrf_token_time":1747015144,"admin_id":1,"srcode":"21-00001","admin_name":"Admin User","email":"admin@admin.com","is_super_admin":true,"usertype":"admin"}
[12-May-2025 04:00:03 Europe/Berlin] Session already active in TokenHandler. Session ID: ghk21qhjfdnf2kguelb4131ud3
[12-May-2025 04:00:03 Europe/Berlin] Current session data: {"csrf_token":"b531c372b3d39f4816e079eb963c375fdbf2e20cba939d9807601613600b713d","csrf_token_time":1747015144,"admin_id":1,"srcode":"21-00001","admin_name":"Admin User","email":"admin@admin.com","is_super_admin":true,"usertype":"admin"}
[12-May-2025 04:00:11 Europe/Berlin] Session already active in TokenHandler. Session ID: ghk21qhjfdnf2kguelb4131ud3
[12-May-2025 04:00:11 Europe/Berlin] Current session data: {"csrf_token":"b531c372b3d39f4816e079eb963c375fdbf2e20cba939d9807601613600b713d","csrf_token_time":1747015144,"admin_id":1,"srcode":"21-00001","admin_name":"Admin User","email":"admin@admin.com","is_super_admin":true,"usertype":"admin"}
[12-May-2025 04:00:21 Europe/Berlin] Session already active in TokenHandler. Session ID: ghk21qhjfdnf2kguelb4131ud3
[12-May-2025 04:00:21 Europe/Berlin] Current session data: {"csrf_token":"b531c372b3d39f4816e079eb963c375fdbf2e20cba939d9807601613600b713d","csrf_token_time":1747015144,"admin_id":1,"srcode":"21-00001","admin_name":"Admin User","email":"admin@admin.com","is_super_admin":true,"usertype":"admin"}
[12-May-2025 04:00:21 Europe/Berlin] Session already active in TokenHandler. Session ID: ghk21qhjfdnf2kguelb4131ud3
[12-May-2025 04:00:21 Europe/Berlin] Current session data: {"csrf_token":"b531c372b3d39f4816e079eb963c375fdbf2e20cba939d9807601613600b713d","csrf_token_time":1747015144,"admin_id":1,"srcode":"21-00001","admin_name":"Admin User","email":"admin@admin.com","is_super_admin":true,"usertype":"admin"}
[12-May-2025 04:00:23 Europe/Berlin] Session already active in TokenHandler. Session ID: ghk21qhjfdnf2kguelb4131ud3
[12-May-2025 04:00:23 Europe/Berlin] Current session data: {"csrf_token":"b531c372b3d39f4816e079eb963c375fdbf2e20cba939d9807601613600b713d","csrf_token_time":1747015144,"admin_id":1,"srcode":"21-00001","admin_name":"Admin User","email":"admin@admin.com","is_super_admin":true,"usertype":"admin"}
[12-May-2025 04:00:23 Europe/Berlin] Session already active in TokenHandler. Session ID: ghk21qhjfdnf2kguelb4131ud3
[12-May-2025 04:00:23 Europe/Berlin] Current session data: {"csrf_token":"b531c372b3d39f4816e079eb963c375fdbf2e20cba939d9807601613600b713d","csrf_token_time":1747015144,"admin_id":1,"srcode":"21-00001","admin_name":"Admin User","email":"admin@admin.com","is_super_admin":true,"usertype":"admin"}
[12-May-2025 04:00:28 Europe/Berlin] Session already active in TokenHandler. Session ID: ghk21qhjfdnf2kguelb4131ud3
[12-May-2025 04:00:28 Europe/Berlin] Current session data: {"csrf_token":"b531c372b3d39f4816e079eb963c375fdbf2e20cba939d9807601613600b713d","csrf_token_time":1747015144,"admin_id":1,"srcode":"23-32966","admin_name":"Admin User","email":"23-32966@g.batstate-u.edu.ph","is_super_admin":true,"usertype":"user","student_id":1,"student_name":"Lourence Reguis","course_id":1,"section":"2201"}
[12-May-2025 04:00:28 Europe/Berlin] Session already active in TokenHandler. Session ID: ghk21qhjfdnf2kguelb4131ud3
[12-May-2025 04:00:28 Europe/Berlin] Current session data: {"csrf_token":"b531c372b3d39f4816e079eb963c375fdbf2e20cba939d9807601613600b713d","csrf_token_time":1747015144,"admin_id":1,"srcode":"23-32966","admin_name":"Admin User","email":"23-32966@g.batstate-u.edu.ph","is_super_admin":true,"usertype":"user","student_id":1,"student_name":"Lourence Reguis","course_id":1,"section":"2201"}
[12-May-2025 04:00:31 Europe/Berlin] Session already active in TokenHandler. Session ID: ghk21qhjfdnf2kguelb4131ud3
[12-May-2025 04:00:31 Europe/Berlin] Current session data: {"csrf_token":"b531c372b3d39f4816e079eb963c375fdbf2e20cba939d9807601613600b713d","csrf_token_time":1747015144,"admin_id":1,"srcode":"23-32966","admin_name":"Admin User","email":"23-32966@g.batstate-u.edu.ph","is_super_admin":true,"usertype":"user","student_id":1,"student_name":"Lourence Reguis","course_id":1,"section":"2201"}
[12-May-2025 04:00:31 Europe/Berlin] Session already active in TokenHandler. Session ID: ghk21qhjfdnf2kguelb4131ud3
[12-May-2025 04:00:31 Europe/Berlin] Current session data: {"csrf_token":"b531c372b3d39f4816e079eb963c375fdbf2e20cba939d9807601613600b713d","csrf_token_time":1747015144,"admin_id":1,"srcode":"23-32966","admin_name":"Admin User","email":"23-32966@g.batstate-u.edu.ph","is_super_admin":true,"usertype":"user","student_id":1,"student_name":"Lourence Reguis","course_id":1,"section":"2201"}
[12-May-2025 04:00:39 Europe/Berlin] Session already active in TokenHandler. Session ID: ghk21qhjfdnf2kguelb4131ud3
[12-May-2025 04:00:39 Europe/Berlin] Current session data: {"csrf_token":"b531c372b3d39f4816e079eb963c375fdbf2e20cba939d9807601613600b713d","csrf_token_time":1747015144,"admin_id":1,"srcode":"23-32966","admin_name":"Admin User","email":"23-32966@g.batstate-u.edu.ph","is_super_admin":true,"usertype":"user","student_id":1,"student_name":"Lourence Reguis","course_id":1,"section":"2201"}
[12-May-2025 04:00:39 Europe/Berlin] Session already active in TokenHandler. Session ID: ghk21qhjfdnf2kguelb4131ud3
[12-May-2025 04:00:39 Europe/Berlin] Current session data: {"csrf_token":"b531c372b3d39f4816e079eb963c375fdbf2e20cba939d9807601613600b713d","csrf_token_time":1747015144,"admin_id":1,"srcode":"23-32966","admin_name":"Admin User","email":"23-32966@g.batstate-u.edu.ph","is_super_admin":true,"usertype":"user","student_id":1,"student_name":"Lourence Reguis","course_id":1,"section":"2201"}
[12-May-2025 04:00:39 Europe/Berlin] Session already active in TokenHandler. Session ID: ghk21qhjfdnf2kguelb4131ud3
[12-May-2025 04:00:39 Europe/Berlin] Current session data: {"csrf_token":"b531c372b3d39f4816e079eb963c375fdbf2e20cba939d9807601613600b713d","csrf_token_time":1747015144,"admin_id":1,"srcode":"23-32966","admin_name":"Admin User","email":"23-32966@g.batstate-u.edu.ph","is_super_admin":true,"usertype":"user","student_id":1,"student_name":"Lourence Reguis","course_id":1,"section":"2201"}
[12-May-2025 04:00:39 Europe/Berlin] Session already active in TokenHandler. Session ID: ghk21qhjfdnf2kguelb4131ud3
[12-May-2025 04:00:39 Europe/Berlin] Current session data: {"csrf_token":"b531c372b3d39f4816e079eb963c375fdbf2e20cba939d9807601613600b713d","csrf_token_time":1747015144,"admin_id":1,"srcode":"23-32966","admin_name":"Admin User","email":"23-32966@g.batstate-u.edu.ph","is_super_admin":true,"usertype":"user","student_id":1,"student_name":"Lourence Reguis","course_id":1,"section":"2201"}
[12-May-2025 04:01:04 Europe/Berlin] Session already active in TokenHandler. Session ID: ghk21qhjfdnf2kguelb4131ud3
[12-May-2025 04:01:04 Europe/Berlin] Current session data: {"csrf_token":"b531c372b3d39f4816e079eb963c375fdbf2e20cba939d9807601613600b713d","csrf_token_time":1747015144,"admin_id":1,"srcode":"23-32966","admin_name":"Admin User","email":"23-32966@g.batstate-u.edu.ph","is_super_admin":true,"usertype":"user","student_id":1,"student_name":"Lourence Reguis","course_id":1,"section":"2201"}
[12-May-2025 04:01:04 Europe/Berlin] Session already active in TokenHandler. Session ID: ghk21qhjfdnf2kguelb4131ud3
[12-May-2025 04:01:04 Europe/Berlin] Current session data: {"csrf_token":"b531c372b3d39f4816e079eb963c375fdbf2e20cba939d9807601613600b713d","csrf_token_time":1747015144,"admin_id":1,"srcode":"23-32966","admin_name":"Admin User","email":"23-32966@g.batstate-u.edu.ph","is_super_admin":true,"usertype":"user","student_id":1,"student_name":"Lourence Reguis","course_id":1,"section":"2201"}
[12-May-2025 04:01:04 Europe/Berlin] Session already active in TokenHandler. Session ID: ghk21qhjfdnf2kguelb4131ud3
[12-May-2025 04:01:04 Europe/Berlin] Current session data: {"csrf_token":"b531c372b3d39f4816e079eb963c375fdbf2e20cba939d9807601613600b713d","csrf_token_time":1747015144,"admin_id":1,"srcode":"23-32966","admin_name":"Admin User","email":"23-32966@g.batstate-u.edu.ph","is_super_admin":true,"usertype":"user","student_id":1,"student_name":"Lourence Reguis","course_id":1,"section":"2201"}
[12-May-2025 04:01:04 Europe/Berlin] Session already active in TokenHandler. Session ID: ghk21qhjfdnf2kguelb4131ud3
[12-May-2025 04:01:04 Europe/Berlin] Current session data: {"csrf_token":"b531c372b3d39f4816e079eb963c375fdbf2e20cba939d9807601613600b713d","csrf_token_time":1747015144,"admin_id":1,"srcode":"23-32966","admin_name":"Admin User","email":"23-32966@g.batstate-u.edu.ph","is_super_admin":true,"usertype":"user","student_id":1,"student_name":"Lourence Reguis","course_id":1,"section":"2201"}
[12-May-2025 04:01:19 Europe/Berlin] Starting CSRF validation for action: addCompany
[12-May-2025 04:01:19 Europe/Berlin] Received token: b531c372b3d39f4816e079eb963c375fdbf2e20cba939d9807601613600b713d
[12-May-2025 04:01:19 Europe/Berlin] Current session status: 2
[12-May-2025 04:01:19 Europe/Berlin] Session ID: ghk21qhjfdnf2kguelb4131ud3
[12-May-2025 04:01:19 Europe/Berlin] Session already active in TokenHandler. Session ID: ghk21qhjfdnf2kguelb4131ud3
[12-May-2025 04:01:19 Europe/Berlin] Current session data: {"csrf_token":"b531c372b3d39f4816e079eb963c375fdbf2e20cba939d9807601613600b713d","csrf_token_time":1747015144,"admin_id":1,"srcode":"23-32966","admin_name":"Admin User","email":"23-32966@g.batstate-u.edu.ph","is_super_admin":true,"usertype":"user","student_id":1,"student_name":"Lourence Reguis","course_id":1,"section":"2201"}
[12-May-2025 04:01:19 Europe/Berlin] CSRF validation successful for action: addCompany
[12-May-2025 04:01:19 Europe/Berlin] Session already active in TokenHandler. Session ID: ghk21qhjfdnf2kguelb4131ud3
[12-May-2025 04:01:19 Europe/Berlin] Current session data: {"csrf_token":"b531c372b3d39f4816e079eb963c375fdbf2e20cba939d9807601613600b713d","csrf_token_time":1747015144,"admin_id":1,"srcode":"23-32966","admin_name":"Admin User","email":"23-32966@g.batstate-u.edu.ph","is_super_admin":true,"usertype":"user","student_id":1,"student_name":"Lourence Reguis","course_id":1,"section":"2201"}
[12-May-2025 04:01:20 Europe/Berlin] Session already active in TokenHandler. Session ID: ghk21qhjfdnf2kguelb4131ud3
[12-May-2025 04:01:20 Europe/Berlin] Current session data: {"csrf_token":"b531c372b3d39f4816e079eb963c375fdbf2e20cba939d9807601613600b713d","csrf_token_time":1747015144,"admin_id":1,"srcode":"23-32966","admin_name":"Admin User","email":"23-32966@g.batstate-u.edu.ph","is_super_admin":true,"usertype":"user","student_id":1,"student_name":"Lourence Reguis","course_id":1,"section":"2201"}
[12-May-2025 04:01:20 Europe/Berlin] Session already active in TokenHandler. Session ID: ghk21qhjfdnf2kguelb4131ud3
[12-May-2025 04:01:20 Europe/Berlin] Current session data: {"csrf_token":"b531c372b3d39f4816e079eb963c375fdbf2e20cba939d9807601613600b713d","csrf_token_time":1747015144,"admin_id":1,"srcode":"23-32966","admin_name":"Admin User","email":"23-32966@g.batstate-u.edu.ph","is_super_admin":true,"usertype":"user","student_id":1,"student_name":"Lourence Reguis","course_id":1,"section":"2201"}
[12-May-2025 04:01:20 Europe/Berlin] Session already active in TokenHandler. Session ID: ghk21qhjfdnf2kguelb4131ud3
[12-May-2025 04:01:20 Europe/Berlin] Current session data: {"csrf_token":"b531c372b3d39f4816e079eb963c375fdbf2e20cba939d9807601613600b713d","csrf_token_time":1747015144,"admin_id":1,"srcode":"23-32966","admin_name":"Admin User","email":"23-32966@g.batstate-u.edu.ph","is_super_admin":true,"usertype":"user","student_id":1,"student_name":"Lourence Reguis","course_id":1,"section":"2201"}
[12-May-2025 04:01:20 Europe/Berlin] Session already active in TokenHandler. Session ID: ghk21qhjfdnf2kguelb4131ud3
[12-May-2025 04:01:20 Europe/Berlin] Current session data: {"csrf_token":"b531c372b3d39f4816e079eb963c375fdbf2e20cba939d9807601613600b713d","csrf_token_time":1747015144,"admin_id":1,"srcode":"23-32966","admin_name":"Admin User","email":"23-32966@g.batstate-u.edu.ph","is_super_admin":true,"usertype":"user","student_id":1,"student_name":"Lourence Reguis","course_id":1,"section":"2201"}
[12-May-2025 04:01:23 Europe/Berlin] Session already active in TokenHandler. Session ID: ghk21qhjfdnf2kguelb4131ud3
[12-May-2025 04:01:23 Europe/Berlin] Current session data: {"csrf_token":"b531c372b3d39f4816e079eb963c375fdbf2e20cba939d9807601613600b713d","csrf_token_time":1747015144,"admin_id":1,"srcode":"23-32966","admin_name":"Admin User","email":"23-32966@g.batstate-u.edu.ph","is_super_admin":true,"usertype":"user","student_id":1,"student_name":"Lourence Reguis","course_id":1,"section":"2201"}
[12-May-2025 04:01:23 Europe/Berlin] Session already active in TokenHandler. Session ID: ghk21qhjfdnf2kguelb4131ud3
[12-May-2025 04:01:23 Europe/Berlin] Current session data: {"csrf_token":"b531c372b3d39f4816e079eb963c375fdbf2e20cba939d9807601613600b713d","csrf_token_time":1747015144,"admin_id":1,"srcode":"23-32966","admin_name":"Admin User","email":"23-32966@g.batstate-u.edu.ph","is_super_admin":true,"usertype":"user","student_id":1,"student_name":"Lourence Reguis","course_id":1,"section":"2201"}
[12-May-2025 04:01:23 Europe/Berlin] Session already active in TokenHandler. Session ID: ghk21qhjfdnf2kguelb4131ud3
[12-May-2025 04:01:23 Europe/Berlin] Current session data: {"csrf_token":"b531c372b3d39f4816e079eb963c375fdbf2e20cba939d9807601613600b713d","csrf_token_time":1747015144,"admin_id":1,"srcode":"23-32966","admin_name":"Admin User","email":"23-32966@g.batstate-u.edu.ph","is_super_admin":true,"usertype":"user","student_id":1,"student_name":"Lourence Reguis","course_id":1,"section":"2201"}
[12-May-2025 04:01:23 Europe/Berlin] Session already active in TokenHandler. Session ID: ghk21qhjfdnf2kguelb4131ud3
[12-May-2025 04:01:23 Europe/Berlin] Current session data: {"csrf_token":"b531c372b3d39f4816e079eb963c375fdbf2e20cba939d9807601613600b713d","csrf_token_time":1747015144,"admin_id":1,"srcode":"23-32966","admin_name":"Admin User","email":"23-32966@g.batstate-u.edu.ph","is_super_admin":true,"usertype":"user","student_id":1,"student_name":"Lourence Reguis","course_id":1,"section":"2201"}
[12-May-2025 04:01:51 Europe/Berlin] Starting CSRF validation for action: addJobListing
[12-May-2025 04:01:51 Europe/Berlin] Received token: b531c372b3d39f4816e079eb963c375fdbf2e20cba939d9807601613600b713d
[12-May-2025 04:01:51 Europe/Berlin] Current session status: 2
[12-May-2025 04:01:51 Europe/Berlin] Session ID: ghk21qhjfdnf2kguelb4131ud3
[12-May-2025 04:01:51 Europe/Berlin] Session already active in TokenHandler. Session ID: ghk21qhjfdnf2kguelb4131ud3
[12-May-2025 04:01:51 Europe/Berlin] Current session data: {"csrf_token":"b531c372b3d39f4816e079eb963c375fdbf2e20cba939d9807601613600b713d","csrf_token_time":1747015144,"admin_id":1,"srcode":"23-32966","admin_name":"Admin User","email":"23-32966@g.batstate-u.edu.ph","is_super_admin":true,"usertype":"user","student_id":1,"student_name":"Lourence Reguis","course_id":1,"section":"2201"}
[12-May-2025 04:01:51 Europe/Berlin] CSRF validation successful for action: addJobListing
[12-May-2025 04:01:51 Europe/Berlin] Session already active in TokenHandler. Session ID: ghk21qhjfdnf2kguelb4131ud3
[12-May-2025 04:01:51 Europe/Berlin] Current session data: {"csrf_token":"b531c372b3d39f4816e079eb963c375fdbf2e20cba939d9807601613600b713d","csrf_token_time":1747015144,"admin_id":1,"srcode":"23-32966","admin_name":"Admin User","email":"23-32966@g.batstate-u.edu.ph","is_super_admin":true,"usertype":"user","student_id":1,"student_name":"Lourence Reguis","course_id":1,"section":"2201"}
[12-May-2025 04:01:53 Europe/Berlin] Session already active in TokenHandler. Session ID: ghk21qhjfdnf2kguelb4131ud3
[12-May-2025 04:01:53 Europe/Berlin] Current session data: {"csrf_token":"b531c372b3d39f4816e079eb963c375fdbf2e20cba939d9807601613600b713d","csrf_token_time":1747015144,"admin_id":1,"srcode":"23-32966","admin_name":"Admin User","email":"23-32966@g.batstate-u.edu.ph","is_super_admin":true,"usertype":"user","student_id":1,"student_name":"Lourence Reguis","course_id":1,"section":"2201"}
[12-May-2025 04:01:53 Europe/Berlin] Session already active in TokenHandler. Session ID: ghk21qhjfdnf2kguelb4131ud3
[12-May-2025 04:01:53 Europe/Berlin] Current session data: {"csrf_token":"b531c372b3d39f4816e079eb963c375fdbf2e20cba939d9807601613600b713d","csrf_token_time":1747015144,"admin_id":1,"srcode":"23-32966","admin_name":"Admin User","email":"23-32966@g.batstate-u.edu.ph","is_super_admin":true,"usertype":"user","student_id":1,"student_name":"Lourence Reguis","course_id":1,"section":"2201"}
[12-May-2025 04:01:53 Europe/Berlin] Session already active in TokenHandler. Session ID: ghk21qhjfdnf2kguelb4131ud3
[12-May-2025 04:01:53 Europe/Berlin] Current session data: {"csrf_token":"b531c372b3d39f4816e079eb963c375fdbf2e20cba939d9807601613600b713d","csrf_token_time":1747015144,"admin_id":1,"srcode":"23-32966","admin_name":"Admin User","email":"23-32966@g.batstate-u.edu.ph","is_super_admin":true,"usertype":"user","student_id":1,"student_name":"Lourence Reguis","course_id":1,"section":"2201"}
[12-May-2025 04:01:53 Europe/Berlin] Session already active in TokenHandler. Session ID: ghk21qhjfdnf2kguelb4131ud3
[12-May-2025 04:01:53 Europe/Berlin] Current session data: {"csrf_token":"b531c372b3d39f4816e079eb963c375fdbf2e20cba939d9807601613600b713d","csrf_token_time":1747015144,"admin_id":1,"srcode":"23-32966","admin_name":"Admin User","email":"23-32966@g.batstate-u.edu.ph","is_super_admin":true,"usertype":"user","student_id":1,"student_name":"Lourence Reguis","course_id":1,"section":"2201"}
[12-May-2025 04:01:56 Europe/Berlin] Session already active in TokenHandler. Session ID: ghk21qhjfdnf2kguelb4131ud3
[12-May-2025 04:01:56 Europe/Berlin] Current session data: {"csrf_token":"b531c372b3d39f4816e079eb963c375fdbf2e20cba939d9807601613600b713d","csrf_token_time":1747015144,"admin_id":1,"srcode":"23-32966","admin_name":"Admin User","email":"23-32966@g.batstate-u.edu.ph","is_super_admin":true,"usertype":"user","student_id":1,"student_name":"Lourence Reguis","course_id":1,"section":"2201"}
[12-May-2025 04:01:56 Europe/Berlin] Session already active in TokenHandler. Session ID: ghk21qhjfdnf2kguelb4131ud3
[12-May-2025 04:01:56 Europe/Berlin] Current session data: {"csrf_token":"b531c372b3d39f4816e079eb963c375fdbf2e20cba939d9807601613600b713d","csrf_token_time":1747015144,"admin_id":1,"srcode":"23-32966","admin_name":"Admin User","email":"23-32966@g.batstate-u.edu.ph","is_super_admin":true,"usertype":"user","student_id":1,"student_name":"Lourence Reguis","course_id":1,"section":"2201"}
[12-May-2025 04:07:43 Europe/Berlin] Session already active in TokenHandler. Session ID: ghk21qhjfdnf2kguelb4131ud3
[12-May-2025 04:07:43 Europe/Berlin] Current session data: {"csrf_token":"b531c372b3d39f4816e079eb963c375fdbf2e20cba939d9807601613600b713d","csrf_token_time":1747015144,"admin_id":1,"srcode":"23-32966","admin_name":"Admin User","email":"23-32966@g.batstate-u.edu.ph","is_super_admin":true,"usertype":"user","student_id":1,"student_name":"Lourence Reguis","course_id":1,"section":"2201"}
[12-May-2025 04:07:43 Europe/Berlin] Session already active in TokenHandler. Session ID: ghk21qhjfdnf2kguelb4131ud3
[12-May-2025 04:07:43 Europe/Berlin] Current session data: {"csrf_token":"b531c372b3d39f4816e079eb963c375fdbf2e20cba939d9807601613600b713d","csrf_token_time":1747015144,"admin_id":1,"srcode":"23-32966","admin_name":"Admin User","email":"23-32966@g.batstate-u.edu.ph","is_super_admin":true,"usertype":"user","student_id":1,"student_name":"Lourence Reguis","course_id":1,"section":"2201"}
[12-May-2025 04:07:45 Europe/Berlin] Session already active in TokenHandler. Session ID: ghk21qhjfdnf2kguelb4131ud3
[12-May-2025 04:07:45 Europe/Berlin] Current session data: {"csrf_token":"b531c372b3d39f4816e079eb963c375fdbf2e20cba939d9807601613600b713d","csrf_token_time":1747015144,"admin_id":1,"srcode":"23-32966","admin_name":"Admin User","email":"23-32966@g.batstate-u.edu.ph","is_super_admin":true,"usertype":"user","student_id":1,"student_name":"Lourence Reguis","course_id":1,"section":"2201"}
[12-May-2025 04:07:45 Europe/Berlin] Session already active in TokenHandler. Session ID: ghk21qhjfdnf2kguelb4131ud3
[12-May-2025 04:07:45 Europe/Berlin] Current session data: {"csrf_token":"b531c372b3d39f4816e079eb963c375fdbf2e20cba939d9807601613600b713d","csrf_token_time":1747015144,"admin_id":1,"srcode":"23-32966","admin_name":"Admin User","email":"23-32966@g.batstate-u.edu.ph","is_super_admin":true,"usertype":"user","student_id":1,"student_name":"Lourence Reguis","course_id":1,"section":"2201"}
[12-May-2025 04:10:46 Europe/Berlin] Session already active in TokenHandler. Session ID: ghk21qhjfdnf2kguelb4131ud3
[12-May-2025 04:10:46 Europe/Berlin] Current session data: {"csrf_token":"b531c372b3d39f4816e079eb963c375fdbf2e20cba939d9807601613600b713d","csrf_token_time":1747015144,"admin_id":1,"srcode":"23-32966","admin_name":"Admin User","email":"23-32966@g.batstate-u.edu.ph","is_super_admin":true,"usertype":"user","student_id":1,"student_name":"Lourence Reguis","course_id":1,"section":"2201"}
[12-May-2025 04:10:46 Europe/Berlin] Session already active in TokenHandler. Session ID: ghk21qhjfdnf2kguelb4131ud3
[12-May-2025 04:10:46 Europe/Berlin] Current session data: {"csrf_token":"b531c372b3d39f4816e079eb963c375fdbf2e20cba939d9807601613600b713d","csrf_token_time":1747015144,"admin_id":1,"srcode":"23-32966","admin_name":"Admin User","email":"23-32966@g.batstate-u.edu.ph","is_super_admin":true,"usertype":"user","student_id":1,"student_name":"Lourence Reguis","course_id":1,"section":"2201"}
[12-May-2025 04:10:59 Europe/Berlin] Session already active in TokenHandler. Session ID: ghk21qhjfdnf2kguelb4131ud3
[12-May-2025 04:10:59 Europe/Berlin] Current session data: {"csrf_token":"b531c372b3d39f4816e079eb963c375fdbf2e20cba939d9807601613600b713d","csrf_token_time":1747015144,"admin_id":1,"srcode":"23-32966","admin_name":"Admin User","email":"23-32966@g.batstate-u.edu.ph","is_super_admin":true,"usertype":"user","student_id":1,"student_name":"Lourence Reguis","course_id":1,"section":"2201"}
[12-May-2025 04:10:59 Europe/Berlin] Session already active in TokenHandler. Session ID: ghk21qhjfdnf2kguelb4131ud3
[12-May-2025 04:10:59 Europe/Berlin] Current session data: {"csrf_token":"b531c372b3d39f4816e079eb963c375fdbf2e20cba939d9807601613600b713d","csrf_token_time":1747015144,"admin_id":1,"srcode":"23-32966","admin_name":"Admin User","email":"23-32966@g.batstate-u.edu.ph","is_super_admin":true,"usertype":"user","student_id":1,"student_name":"Lourence Reguis","course_id":1,"section":"2201"}
[12-May-2025 04:11:00 Europe/Berlin] Session already active in TokenHandler. Session ID: ghk21qhjfdnf2kguelb4131ud3
[12-May-2025 04:11:00 Europe/Berlin] Current session data: {"csrf_token":"b531c372b3d39f4816e079eb963c375fdbf2e20cba939d9807601613600b713d","csrf_token_time":1747015144,"admin_id":1,"srcode":"23-32966","admin_name":"Admin User","email":"23-32966@g.batstate-u.edu.ph","is_super_admin":true,"usertype":"user","student_id":1,"student_name":"Lourence Reguis","course_id":1,"section":"2201"}
[12-May-2025 04:11:00 Europe/Berlin] Session already active in TokenHandler. Session ID: ghk21qhjfdnf2kguelb4131ud3
[12-May-2025 04:11:00 Europe/Berlin] Current session data: {"csrf_token":"b531c372b3d39f4816e079eb963c375fdbf2e20cba939d9807601613600b713d","csrf_token_time":1747015144,"admin_id":1,"srcode":"23-32966","admin_name":"Admin User","email":"23-32966@g.batstate-u.edu.ph","is_super_admin":true,"usertype":"user","student_id":1,"student_name":"Lourence Reguis","course_id":1,"section":"2201"}
[12-May-2025 04:11:03 Europe/Berlin] Session already active in TokenHandler. Session ID: ghk21qhjfdnf2kguelb4131ud3
[12-May-2025 04:11:03 Europe/Berlin] Current session data: {"csrf_token":"b531c372b3d39f4816e079eb963c375fdbf2e20cba939d9807601613600b713d","csrf_token_time":1747015144,"admin_id":1,"srcode":"23-32966","admin_name":"Admin User","email":"23-32966@g.batstate-u.edu.ph","is_super_admin":true,"usertype":"user","student_id":1,"student_name":"Lourence Reguis","course_id":1,"section":"2201"}
[12-May-2025 04:11:03 Europe/Berlin] Session already active in TokenHandler. Session ID: ghk21qhjfdnf2kguelb4131ud3
[12-May-2025 04:11:03 Europe/Berlin] Current session data: {"csrf_token":"b531c372b3d39f4816e079eb963c375fdbf2e20cba939d9807601613600b713d","csrf_token_time":1747015144,"admin_id":1,"srcode":"23-32966","admin_name":"Admin User","email":"23-32966@g.batstate-u.edu.ph","is_super_admin":true,"usertype":"user","student_id":1,"student_name":"Lourence Reguis","course_id":1,"section":"2201"}
[12-May-2025 04:11:07 Europe/Berlin] Starting CSRF validation for action: applyForJob
[12-May-2025 04:11:07 Europe/Berlin] Received token: b531c372b3d39f4816e079eb963c375fdbf2e20cba939d9807601613600b713d
[12-May-2025 04:11:07 Europe/Berlin] Current session status: 2
[12-May-2025 04:11:07 Europe/Berlin] Session ID: ghk21qhjfdnf2kguelb4131ud3
[12-May-2025 04:11:07 Europe/Berlin] Session already active in TokenHandler. Session ID: ghk21qhjfdnf2kguelb4131ud3
[12-May-2025 04:11:07 Europe/Berlin] Current session data: {"csrf_token":"b531c372b3d39f4816e079eb963c375fdbf2e20cba939d9807601613600b713d","csrf_token_time":1747015144,"admin_id":1,"srcode":"23-32966","admin_name":"Admin User","email":"23-32966@g.batstate-u.edu.ph","is_super_admin":true,"usertype":"user","student_id":1,"student_name":"Lourence Reguis","course_id":1,"section":"2201"}
[12-May-2025 04:11:07 Europe/Berlin] CSRF validation successful for action: applyForJob
[12-May-2025 04:11:07 Europe/Berlin] Please upload your resume before applying
[12-May-2025 04:11:19 Europe/Berlin] Session already active in TokenHandler. Session ID: ghk21qhjfdnf2kguelb4131ud3
[12-May-2025 04:11:19 Europe/Berlin] Current session data: {"csrf_token":"b531c372b3d39f4816e079eb963c375fdbf2e20cba939d9807601613600b713d","csrf_token_time":1747015144,"admin_id":1,"srcode":"23-32966","admin_name":"Admin User","email":"23-32966@g.batstate-u.edu.ph","is_super_admin":true,"usertype":"user","student_id":1,"student_name":"Lourence Reguis","course_id":1,"section":"2201"}
[12-May-2025 04:11:19 Europe/Berlin] Session already active in TokenHandler. Session ID: ghk21qhjfdnf2kguelb4131ud3
[12-May-2025 04:11:19 Europe/Berlin] Current session data: {"csrf_token":"b531c372b3d39f4816e079eb963c375fdbf2e20cba939d9807601613600b713d","csrf_token_time":1747015144,"admin_id":1,"srcode":"23-32966","admin_name":"Admin User","email":"23-32966@g.batstate-u.edu.ph","is_super_admin":true,"usertype":"user","student_id":1,"student_name":"Lourence Reguis","course_id":1,"section":"2201"}
[12-May-2025 04:11:21 Europe/Berlin] Session already active in TokenHandler. Session ID: ghk21qhjfdnf2kguelb4131ud3
[12-May-2025 04:11:21 Europe/Berlin] Current session data: {"csrf_token":"b531c372b3d39f4816e079eb963c375fdbf2e20cba939d9807601613600b713d","csrf_token_time":1747015144,"admin_id":1,"srcode":"23-32966","admin_name":"Admin User","email":"23-32966@g.batstate-u.edu.ph","is_super_admin":true,"usertype":"user","student_id":1,"student_name":"Lourence Reguis","course_id":1,"section":"2201"}
[12-May-2025 04:11:21 Europe/Berlin] Session already active in TokenHandler. Session ID: ghk21qhjfdnf2kguelb4131ud3
[12-May-2025 04:11:21 Europe/Berlin] Current session data: {"csrf_token":"b531c372b3d39f4816e079eb963c375fdbf2e20cba939d9807601613600b713d","csrf_token_time":1747015144,"admin_id":1,"srcode":"23-32966","admin_name":"Admin User","email":"23-32966@g.batstate-u.edu.ph","is_super_admin":true,"usertype":"user","student_id":1,"student_name":"Lourence Reguis","course_id":1,"section":"2201"}
[12-May-2025 04:11:28 Europe/Berlin] Starting CSRF validation for action: applyForJob
[12-May-2025 04:11:28 Europe/Berlin] Received token: b531c372b3d39f4816e079eb963c375fdbf2e20cba939d9807601613600b713d
[12-May-2025 04:11:28 Europe/Berlin] Current session status: 2
[12-May-2025 04:11:28 Europe/Berlin] Session ID: ghk21qhjfdnf2kguelb4131ud3
[12-May-2025 04:11:28 Europe/Berlin] Session already active in TokenHandler. Session ID: ghk21qhjfdnf2kguelb4131ud3
[12-May-2025 04:11:28 Europe/Berlin] Current session data: {"csrf_token":"b531c372b3d39f4816e079eb963c375fdbf2e20cba939d9807601613600b713d","csrf_token_time":1747015144,"admin_id":1,"srcode":"23-32966","admin_name":"Admin User","email":"23-32966@g.batstate-u.edu.ph","is_super_admin":true,"usertype":"user","student_id":1,"student_name":"Lourence Reguis","course_id":1,"section":"2201"}
[12-May-2025 04:11:28 Europe/Berlin] CSRF validation successful for action: applyForJob
[12-May-2025 04:11:28 Europe/Berlin] Session already active in TokenHandler. Session ID: ghk21qhjfdnf2kguelb4131ud3
[12-May-2025 04:11:28 Europe/Berlin] Current session data: {"csrf_token":"b531c372b3d39f4816e079eb963c375fdbf2e20cba939d9807601613600b713d","csrf_token_time":1747015144,"admin_id":1,"srcode":"23-32966","admin_name":"Admin User","email":"23-32966@g.batstate-u.edu.ph","is_super_admin":true,"usertype":"user","student_id":1,"student_name":"Lourence Reguis","course_id":1,"section":"2201"}
[12-May-2025 04:11:31 Europe/Berlin] Session already active in TokenHandler. Session ID: ghk21qhjfdnf2kguelb4131ud3
[12-May-2025 04:11:31 Europe/Berlin] Current session data: {"csrf_token":"b531c372b3d39f4816e079eb963c375fdbf2e20cba939d9807601613600b713d","csrf_token_time":1747015144,"admin_id":1,"srcode":"23-32966","admin_name":"Admin User","email":"23-32966@g.batstate-u.edu.ph","is_super_admin":true,"usertype":"user","student_id":1,"student_name":"Lourence Reguis","course_id":1,"section":"2201"}
[12-May-2025 04:11:31 Europe/Berlin] Session already active in TokenHandler. Session ID: ghk21qhjfdnf2kguelb4131ud3
[12-May-2025 04:11:31 Europe/Berlin] Current session data: {"csrf_token":"b531c372b3d39f4816e079eb963c375fdbf2e20cba939d9807601613600b713d","csrf_token_time":1747015144,"admin_id":1,"srcode":"23-32966","admin_name":"Admin User","email":"23-32966@g.batstate-u.edu.ph","is_super_admin":true,"usertype":"user","student_id":1,"student_name":"Lourence Reguis","course_id":1,"section":"2201"}
[12-May-2025 04:11:35 Europe/Berlin] Session already active in TokenHandler. Session ID: ghk21qhjfdnf2kguelb4131ud3
[12-May-2025 04:11:35 Europe/Berlin] Current session data: {"csrf_token":"b531c372b3d39f4816e079eb963c375fdbf2e20cba939d9807601613600b713d","csrf_token_time":1747015144,"admin_id":1,"srcode":"23-32966","admin_name":"Admin User","email":"23-32966@g.batstate-u.edu.ph","is_super_admin":true,"usertype":"user","student_id":1,"student_name":"Lourence Reguis","course_id":1,"section":"2201"}
[12-May-2025 04:11:35 Europe/Berlin] Session already active in TokenHandler. Session ID: ghk21qhjfdnf2kguelb4131ud3
[12-May-2025 04:11:35 Europe/Berlin] Current session data: {"csrf_token":"b531c372b3d39f4816e079eb963c375fdbf2e20cba939d9807601613600b713d","csrf_token_time":1747015144,"admin_id":1,"srcode":"23-32966","admin_name":"Admin User","email":"23-32966@g.batstate-u.edu.ph","is_super_admin":true,"usertype":"user","student_id":1,"student_name":"Lourence Reguis","course_id":1,"section":"2201"}
[12-May-2025 04:11:47 Europe/Berlin] Session already active in TokenHandler. Session ID: ghk21qhjfdnf2kguelb4131ud3
[12-May-2025 04:11:47 Europe/Berlin] Current session data: {"csrf_token":"b531c372b3d39f4816e079eb963c375fdbf2e20cba939d9807601613600b713d","csrf_token_time":1747015144,"admin_id":1,"srcode":"23-32966","admin_name":"Admin User","email":"23-32966@g.batstate-u.edu.ph","is_super_admin":true,"usertype":"user","student_id":1,"student_name":"Lourence Reguis","course_id":1,"section":"2201"}
[12-May-2025 04:11:47 Europe/Berlin] Session already active in TokenHandler. Session ID: ghk21qhjfdnf2kguelb4131ud3
[12-May-2025 04:11:47 Europe/Berlin] Current session data: {"csrf_token":"b531c372b3d39f4816e079eb963c375fdbf2e20cba939d9807601613600b713d","csrf_token_time":1747015144,"admin_id":1,"srcode":"23-32966","admin_name":"Admin User","email":"23-32966@g.batstate-u.edu.ph","is_super_admin":true,"usertype":"user","student_id":1,"student_name":"Lourence Reguis","course_id":1,"section":"2201"}
[12-May-2025 04:11:49 Europe/Berlin] Session already active in TokenHandler. Session ID: ghk21qhjfdnf2kguelb4131ud3
[12-May-2025 04:11:49 Europe/Berlin] Current session data: {"csrf_token":"b531c372b3d39f4816e079eb963c375fdbf2e20cba939d9807601613600b713d","csrf_token_time":1747015144,"admin_id":1,"srcode":"23-32966","admin_name":"Admin User","email":"23-32966@g.batstate-u.edu.ph","is_super_admin":true,"usertype":"user","student_id":1,"student_name":"Lourence Reguis","course_id":1,"section":"2201"}
[12-May-2025 04:11:49 Europe/Berlin] Session already active in TokenHandler. Session ID: ghk21qhjfdnf2kguelb4131ud3
[12-May-2025 04:11:49 Europe/Berlin] Current session data: {"csrf_token":"b531c372b3d39f4816e079eb963c375fdbf2e20cba939d9807601613600b713d","csrf_token_time":1747015144,"admin_id":1,"srcode":"23-32966","admin_name":"Admin User","email":"23-32966@g.batstate-u.edu.ph","is_super_admin":true,"usertype":"user","student_id":1,"student_name":"Lourence Reguis","course_id":1,"section":"2201"}
[12-May-2025 04:14:37 Europe/Berlin] Session already active in TokenHandler. Session ID: ghk21qhjfdnf2kguelb4131ud3
[12-May-2025 04:14:37 Europe/Berlin] Current session data: {"csrf_token":"b531c372b3d39f4816e079eb963c375fdbf2e20cba939d9807601613600b713d","csrf_token_time":1747015144,"admin_id":1,"srcode":"23-32966","admin_name":"Admin User","email":"23-32966@g.batstate-u.edu.ph","is_super_admin":true,"usertype":"user","student_id":1,"student_name":"Lourence Reguis","course_id":1,"section":"2201"}
[12-May-2025 04:14:37 Europe/Berlin] Session already active in TokenHandler. Session ID: ghk21qhjfdnf2kguelb4131ud3
[12-May-2025 04:14:37 Europe/Berlin] Current session data: {"csrf_token":"b531c372b3d39f4816e079eb963c375fdbf2e20cba939d9807601613600b713d","csrf_token_time":1747015144,"admin_id":1,"srcode":"23-32966","admin_name":"Admin User","email":"23-32966@g.batstate-u.edu.ph","is_super_admin":true,"usertype":"user","student_id":1,"student_name":"Lourence Reguis","course_id":1,"section":"2201"}
[12-May-2025 04:15:53 Europe/Berlin] Session already active in TokenHandler. Session ID: ghk21qhjfdnf2kguelb4131ud3
[12-May-2025 04:15:53 Europe/Berlin] Current session data: {"csrf_token":"b531c372b3d39f4816e079eb963c375fdbf2e20cba939d9807601613600b713d","csrf_token_time":1747015144,"admin_id":1,"srcode":"23-32966","admin_name":"Admin User","email":"23-32966@g.batstate-u.edu.ph","is_super_admin":true,"usertype":"user","student_id":1,"student_name":"Lourence Reguis","course_id":1,"section":"2201"}
[12-May-2025 04:15:53 Europe/Berlin] Session already active in TokenHandler. Session ID: ghk21qhjfdnf2kguelb4131ud3
[12-May-2025 04:15:53 Europe/Berlin] Current session data: {"csrf_token":"b531c372b3d39f4816e079eb963c375fdbf2e20cba939d9807601613600b713d","csrf_token_time":1747015144,"admin_id":1,"srcode":"23-32966","admin_name":"Admin User","email":"23-32966@g.batstate-u.edu.ph","is_super_admin":true,"usertype":"user","student_id":1,"student_name":"Lourence Reguis","course_id":1,"section":"2201"}
[12-May-2025 04:15:53 Europe/Berlin] Session already active in TokenHandler. Session ID: ghk21qhjfdnf2kguelb4131ud3
[12-May-2025 04:15:53 Europe/Berlin] Current session data: {"csrf_token":"b531c372b3d39f4816e079eb963c375fdbf2e20cba939d9807601613600b713d","csrf_token_time":1747015144,"admin_id":1,"srcode":"23-32966","admin_name":"Admin User","email":"23-32966@g.batstate-u.edu.ph","is_super_admin":true,"usertype":"user","student_id":1,"student_name":"Lourence Reguis","course_id":1,"section":"2201"}
[12-May-2025 04:15:53 Europe/Berlin] Session already active in TokenHandler. Session ID: ghk21qhjfdnf2kguelb4131ud3
[12-May-2025 04:15:53 Europe/Berlin] Current session data: {"csrf_token":"b531c372b3d39f4816e079eb963c375fdbf2e20cba939d9807601613600b713d","csrf_token_time":1747015144,"admin_id":1,"srcode":"23-32966","admin_name":"Admin User","email":"23-32966@g.batstate-u.edu.ph","is_super_admin":true,"usertype":"user","student_id":1,"student_name":"Lourence Reguis","course_id":1,"section":"2201"}
[12-May-2025 04:16:59 Europe/Berlin] Session already active in TokenHandler. Session ID: ghk21qhjfdnf2kguelb4131ud3
[12-May-2025 04:16:59 Europe/Berlin] Current session data: {"csrf_token":"b531c372b3d39f4816e079eb963c375fdbf2e20cba939d9807601613600b713d","csrf_token_time":1747015144,"admin_id":1,"srcode":"23-32966","admin_name":"Admin User","email":"23-32966@g.batstate-u.edu.ph","is_super_admin":true,"usertype":"user","student_id":1,"student_name":"Lourence Reguis","course_id":1,"section":"2201"}
[12-May-2025 04:16:59 Europe/Berlin] Session already active in TokenHandler. Session ID: ghk21qhjfdnf2kguelb4131ud3
[12-May-2025 04:16:59 Europe/Berlin] Current session data: {"csrf_token":"b531c372b3d39f4816e079eb963c375fdbf2e20cba939d9807601613600b713d","csrf_token_time":1747015144,"admin_id":1,"srcode":"23-32966","admin_name":"Admin User","email":"23-32966@g.batstate-u.edu.ph","is_super_admin":true,"usertype":"user","student_id":1,"student_name":"Lourence Reguis","course_id":1,"section":"2201"}
[12-May-2025 04:17:02 Europe/Berlin] Session already active in TokenHandler. Session ID: ghk21qhjfdnf2kguelb4131ud3
[12-May-2025 04:17:02 Europe/Berlin] Current session data: {"csrf_token":"b531c372b3d39f4816e079eb963c375fdbf2e20cba939d9807601613600b713d","csrf_token_time":1747015144,"admin_id":1,"srcode":"23-32966","admin_name":"Admin User","email":"23-32966@g.batstate-u.edu.ph","is_super_admin":true,"usertype":"user","student_id":1,"student_name":"Lourence Reguis","course_id":1,"section":"2201"}
[12-May-2025 04:17:02 Europe/Berlin] Session already active in TokenHandler. Session ID: ghk21qhjfdnf2kguelb4131ud3
[12-May-2025 04:17:02 Europe/Berlin] Current session data: {"csrf_token":"b531c372b3d39f4816e079eb963c375fdbf2e20cba939d9807601613600b713d","csrf_token_time":1747015144,"admin_id":1,"srcode":"23-32966","admin_name":"Admin User","email":"23-32966@g.batstate-u.edu.ph","is_super_admin":true,"usertype":"user","student_id":1,"student_name":"Lourence Reguis","course_id":1,"section":"2201"}
[12-May-2025 04:17:02 Europe/Berlin] Session already active in TokenHandler. Session ID: ghk21qhjfdnf2kguelb4131ud3
[12-May-2025 04:17:02 Europe/Berlin] Current session data: {"csrf_token":"b531c372b3d39f4816e079eb963c375fdbf2e20cba939d9807601613600b713d","csrf_token_time":1747015144,"admin_id":1,"srcode":"23-32966","admin_name":"Admin User","email":"23-32966@g.batstate-u.edu.ph","is_super_admin":true,"usertype":"user","student_id":1,"student_name":"Lourence Reguis","course_id":1,"section":"2201"}
[12-May-2025 04:17:02 Europe/Berlin] Session already active in TokenHandler. Session ID: ghk21qhjfdnf2kguelb4131ud3
[12-May-2025 04:17:02 Europe/Berlin] Current session data: {"csrf_token":"b531c372b3d39f4816e079eb963c375fdbf2e20cba939d9807601613600b713d","csrf_token_time":1747015144,"admin_id":1,"srcode":"23-32966","admin_name":"Admin User","email":"23-32966@g.batstate-u.edu.ph","is_super_admin":true,"usertype":"user","student_id":1,"student_name":"Lourence Reguis","course_id":1,"section":"2201"}
[12-May-2025 04:17:05 Europe/Berlin] Starting CSRF validation for action: 
[12-May-2025 04:17:05 Europe/Berlin] Received token: b531c372b3d39f4816e079eb963c375fdbf2e20cba939d9807601613600b713d
[12-May-2025 04:17:05 Europe/Berlin] Current session status: 2
[12-May-2025 04:17:05 Europe/Berlin] Session ID: ghk21qhjfdnf2kguelb4131ud3
[12-May-2025 04:17:05 Europe/Berlin] Session already active in TokenHandler. Session ID: ghk21qhjfdnf2kguelb4131ud3
[12-May-2025 04:17:05 Europe/Berlin] Current session data: {"csrf_token":"b531c372b3d39f4816e079eb963c375fdbf2e20cba939d9807601613600b713d","csrf_token_time":1747015144,"admin_id":1,"srcode":"23-32966","admin_name":"Admin User","email":"23-32966@g.batstate-u.edu.ph","is_super_admin":true,"usertype":"user","student_id":1,"student_name":"Lourence Reguis","course_id":1,"section":"2201"}
[12-May-2025 04:17:05 Europe/Berlin] CSRF validation successful for action: 
[12-May-2025 04:17:05 Europe/Berlin] No action specified
[12-May-2025 04:18:24 Europe/Berlin] Session already active in TokenHandler. Session ID: ghk21qhjfdnf2kguelb4131ud3
[12-May-2025 04:18:24 Europe/Berlin] Current session data: {"csrf_token":"b531c372b3d39f4816e079eb963c375fdbf2e20cba939d9807601613600b713d","csrf_token_time":1747015144,"admin_id":1,"srcode":"23-32966","admin_name":"Admin User","email":"23-32966@g.batstate-u.edu.ph","is_super_admin":true,"usertype":"user","student_id":1,"student_name":"Lourence Reguis","course_id":1,"section":"2201"}
[12-May-2025 04:18:24 Europe/Berlin] Session already active in TokenHandler. Session ID: ghk21qhjfdnf2kguelb4131ud3
[12-May-2025 04:18:24 Europe/Berlin] Current session data: {"csrf_token":"b531c372b3d39f4816e079eb963c375fdbf2e20cba939d9807601613600b713d","csrf_token_time":1747015144,"admin_id":1,"srcode":"23-32966","admin_name":"Admin User","email":"23-32966@g.batstate-u.edu.ph","is_super_admin":true,"usertype":"user","student_id":1,"student_name":"Lourence Reguis","course_id":1,"section":"2201"}
[12-May-2025 04:18:31 Europe/Berlin] Session already active in TokenHandler. Session ID: ghk21qhjfdnf2kguelb4131ud3
[12-May-2025 04:18:31 Europe/Berlin] Current session data: {"csrf_token":"b531c372b3d39f4816e079eb963c375fdbf2e20cba939d9807601613600b713d","csrf_token_time":1747015144,"admin_id":1,"srcode":"23-32966","admin_name":"Admin User","email":"23-32966@g.batstate-u.edu.ph","is_super_admin":true,"usertype":"user","student_id":1,"student_name":"Lourence Reguis","course_id":1,"section":"2201"}
[12-May-2025 04:18:31 Europe/Berlin] Session already active in TokenHandler. Session ID: ghk21qhjfdnf2kguelb4131ud3
[12-May-2025 04:18:31 Europe/Berlin] Current session data: {"csrf_token":"b531c372b3d39f4816e079eb963c375fdbf2e20cba939d9807601613600b713d","csrf_token_time":1747015144,"admin_id":1,"srcode":"23-32966","admin_name":"Admin User","email":"23-32966@g.batstate-u.edu.ph","is_super_admin":true,"usertype":"user","student_id":1,"student_name":"Lourence Reguis","course_id":1,"section":"2201"}
[12-May-2025 04:18:31 Europe/Berlin] Session already active in TokenHandler. Session ID: ghk21qhjfdnf2kguelb4131ud3
[12-May-2025 04:18:31 Europe/Berlin] Current session data: {"csrf_token":"b531c372b3d39f4816e079eb963c375fdbf2e20cba939d9807601613600b713d","csrf_token_time":1747015144,"admin_id":1,"srcode":"23-32966","admin_name":"Admin User","email":"23-32966@g.batstate-u.edu.ph","is_super_admin":true,"usertype":"user","student_id":1,"student_name":"Lourence Reguis","course_id":1,"section":"2201"}
[12-May-2025 04:18:31 Europe/Berlin] Session already active in TokenHandler. Session ID: ghk21qhjfdnf2kguelb4131ud3
[12-May-2025 04:18:31 Europe/Berlin] Current session data: {"csrf_token":"b531c372b3d39f4816e079eb963c375fdbf2e20cba939d9807601613600b713d","csrf_token_time":1747015144,"admin_id":1,"srcode":"23-32966","admin_name":"Admin User","email":"23-32966@g.batstate-u.edu.ph","is_super_admin":true,"usertype":"user","student_id":1,"student_name":"Lourence Reguis","course_id":1,"section":"2201"}
[12-May-2025 04:18:38 Europe/Berlin] Session already active in TokenHandler. Session ID: ghk21qhjfdnf2kguelb4131ud3
[12-May-2025 04:18:38 Europe/Berlin] Current session data: {"csrf_token":"b531c372b3d39f4816e079eb963c375fdbf2e20cba939d9807601613600b713d","csrf_token_time":1747015144,"admin_id":1,"srcode":"23-32966","admin_name":"Admin User","email":"23-32966@g.batstate-u.edu.ph","is_super_admin":true,"usertype":"user","student_id":1,"student_name":"Lourence Reguis","course_id":1,"section":"2201"}
[12-May-2025 04:18:38 Europe/Berlin] Session already active in TokenHandler. Session ID: ghk21qhjfdnf2kguelb4131ud3
[12-May-2025 04:18:38 Europe/Berlin] Current session data: {"csrf_token":"b531c372b3d39f4816e079eb963c375fdbf2e20cba939d9807601613600b713d","csrf_token_time":1747015144,"admin_id":1,"srcode":"23-32966","admin_name":"Admin User","email":"23-32966@g.batstate-u.edu.ph","is_super_admin":true,"usertype":"user","student_id":1,"student_name":"Lourence Reguis","course_id":1,"section":"2201"}
[12-May-2025 04:18:38 Europe/Berlin] Session already active in TokenHandler. Session ID: ghk21qhjfdnf2kguelb4131ud3
[12-May-2025 04:18:38 Europe/Berlin] Current session data: {"csrf_token":"b531c372b3d39f4816e079eb963c375fdbf2e20cba939d9807601613600b713d","csrf_token_time":1747015144,"admin_id":1,"srcode":"23-32966","admin_name":"Admin User","email":"23-32966@g.batstate-u.edu.ph","is_super_admin":true,"usertype":"user","student_id":1,"student_name":"Lourence Reguis","course_id":1,"section":"2201"}
[12-May-2025 04:18:38 Europe/Berlin] Session already active in TokenHandler. Session ID: ghk21qhjfdnf2kguelb4131ud3
[12-May-2025 04:18:38 Europe/Berlin] Current session data: {"csrf_token":"b531c372b3d39f4816e079eb963c375fdbf2e20cba939d9807601613600b713d","csrf_token_time":1747015144,"admin_id":1,"srcode":"23-32966","admin_name":"Admin User","email":"23-32966@g.batstate-u.edu.ph","is_super_admin":true,"usertype":"user","student_id":1,"student_name":"Lourence Reguis","course_id":1,"section":"2201"}
[12-May-2025 04:18:39 Europe/Berlin] Session already active in TokenHandler. Session ID: ghk21qhjfdnf2kguelb4131ud3
[12-May-2025 04:18:39 Europe/Berlin] Current session data: {"csrf_token":"b531c372b3d39f4816e079eb963c375fdbf2e20cba939d9807601613600b713d","csrf_token_time":1747015144,"admin_id":1,"srcode":"23-32966","admin_name":"Admin User","email":"23-32966@g.batstate-u.edu.ph","is_super_admin":true,"usertype":"user","student_id":1,"student_name":"Lourence Reguis","course_id":1,"section":"2201"}
[12-May-2025 04:18:39 Europe/Berlin] Session already active in TokenHandler. Session ID: ghk21qhjfdnf2kguelb4131ud3
[12-May-2025 04:18:39 Europe/Berlin] Current session data: {"csrf_token":"b531c372b3d39f4816e079eb963c375fdbf2e20cba939d9807601613600b713d","csrf_token_time":1747015144,"admin_id":1,"srcode":"23-32966","admin_name":"Admin User","email":"23-32966@g.batstate-u.edu.ph","is_super_admin":true,"usertype":"user","student_id":1,"student_name":"Lourence Reguis","course_id":1,"section":"2201"}
[12-May-2025 04:18:39 Europe/Berlin] Session already active in TokenHandler. Session ID: ghk21qhjfdnf2kguelb4131ud3
[12-May-2025 04:18:39 Europe/Berlin] Current session data: {"csrf_token":"b531c372b3d39f4816e079eb963c375fdbf2e20cba939d9807601613600b713d","csrf_token_time":1747015144,"admin_id":1,"srcode":"23-32966","admin_name":"Admin User","email":"23-32966@g.batstate-u.edu.ph","is_super_admin":true,"usertype":"user","student_id":1,"student_name":"Lourence Reguis","course_id":1,"section":"2201"}
[12-May-2025 04:18:39 Europe/Berlin] Session already active in TokenHandler. Session ID: ghk21qhjfdnf2kguelb4131ud3
[12-May-2025 04:18:39 Europe/Berlin] Current session data: {"csrf_token":"b531c372b3d39f4816e079eb963c375fdbf2e20cba939d9807601613600b713d","csrf_token_time":1747015144,"admin_id":1,"srcode":"23-32966","admin_name":"Admin User","email":"23-32966@g.batstate-u.edu.ph","is_super_admin":true,"usertype":"user","student_id":1,"student_name":"Lourence Reguis","course_id":1,"section":"2201"}
[12-May-2025 04:18:46 Europe/Berlin] Session already active in TokenHandler. Session ID: ghk21qhjfdnf2kguelb4131ud3
[12-May-2025 04:18:46 Europe/Berlin] Current session data: {"csrf_token":"b531c372b3d39f4816e079eb963c375fdbf2e20cba939d9807601613600b713d","csrf_token_time":1747015144,"admin_id":1,"srcode":"23-32966","admin_name":"Admin User","email":"23-32966@g.batstate-u.edu.ph","is_super_admin":true,"usertype":"user","student_id":1,"student_name":"Lourence Reguis","course_id":1,"section":"2201"}
[12-May-2025 04:18:46 Europe/Berlin] Session already active in TokenHandler. Session ID: ghk21qhjfdnf2kguelb4131ud3
[12-May-2025 04:18:46 Europe/Berlin] Current session data: {"csrf_token":"b531c372b3d39f4816e079eb963c375fdbf2e20cba939d9807601613600b713d","csrf_token_time":1747015144,"admin_id":1,"srcode":"23-32966","admin_name":"Admin User","email":"23-32966@g.batstate-u.edu.ph","is_super_admin":true,"usertype":"user","student_id":1,"student_name":"Lourence Reguis","course_id":1,"section":"2201"}
[12-May-2025 04:18:54 Europe/Berlin] Session already active in TokenHandler. Session ID: ghk21qhjfdnf2kguelb4131ud3
[12-May-2025 04:18:54 Europe/Berlin] Current session data: {"csrf_token":"b531c372b3d39f4816e079eb963c375fdbf2e20cba939d9807601613600b713d","csrf_token_time":1747015144,"admin_id":1,"srcode":"23-32966","admin_name":"Admin User","email":"23-32966@g.batstate-u.edu.ph","is_super_admin":true,"usertype":"user","student_id":1,"student_name":"Lourence Reguis","course_id":1,"section":"2201"}
[12-May-2025 04:18:54 Europe/Berlin] Session already active in TokenHandler. Session ID: ghk21qhjfdnf2kguelb4131ud3
[12-May-2025 04:18:54 Europe/Berlin] Current session data: {"csrf_token":"b531c372b3d39f4816e079eb963c375fdbf2e20cba939d9807601613600b713d","csrf_token_time":1747015144,"admin_id":1,"srcode":"23-32966","admin_name":"Admin User","email":"23-32966@g.batstate-u.edu.ph","is_super_admin":true,"usertype":"user","student_id":1,"student_name":"Lourence Reguis","course_id":1,"section":"2201"}
[12-May-2025 04:19:03 Europe/Berlin] Session already active in TokenHandler. Session ID: ghk21qhjfdnf2kguelb4131ud3
[12-May-2025 04:19:03 Europe/Berlin] Current session data: {"csrf_token":"b531c372b3d39f4816e079eb963c375fdbf2e20cba939d9807601613600b713d","csrf_token_time":1747015144,"admin_id":1,"srcode":"23-32966","admin_name":"Admin User","email":"23-32966@g.batstate-u.edu.ph","is_super_admin":true,"usertype":"user","student_id":1,"student_name":"Lourence Reguis","course_id":1,"section":"2201"}
[12-May-2025 04:19:03 Europe/Berlin] Session already active in TokenHandler. Session ID: ghk21qhjfdnf2kguelb4131ud3
[12-May-2025 04:19:03 Europe/Berlin] Current session data: {"csrf_token":"b531c372b3d39f4816e079eb963c375fdbf2e20cba939d9807601613600b713d","csrf_token_time":1747015144,"admin_id":1,"srcode":"23-32966","admin_name":"Admin User","email":"23-32966@g.batstate-u.edu.ph","is_super_admin":true,"usertype":"user","student_id":1,"student_name":"Lourence Reguis","course_id":1,"section":"2201"}
[12-May-2025 04:19:03 Europe/Berlin] Session already active in TokenHandler. Session ID: ghk21qhjfdnf2kguelb4131ud3
[12-May-2025 04:19:03 Europe/Berlin] Current session data: {"csrf_token":"b531c372b3d39f4816e079eb963c375fdbf2e20cba939d9807601613600b713d","csrf_token_time":1747015144,"admin_id":1,"srcode":"23-32966","admin_name":"Admin User","email":"23-32966@g.batstate-u.edu.ph","is_super_admin":true,"usertype":"user","student_id":1,"student_name":"Lourence Reguis","course_id":1,"section":"2201"}
[12-May-2025 04:19:03 Europe/Berlin] Session already active in TokenHandler. Session ID: ghk21qhjfdnf2kguelb4131ud3
[12-May-2025 04:19:03 Europe/Berlin] Current session data: {"csrf_token":"b531c372b3d39f4816e079eb963c375fdbf2e20cba939d9807601613600b713d","csrf_token_time":1747015144,"admin_id":1,"srcode":"23-32966","admin_name":"Admin User","email":"23-32966@g.batstate-u.edu.ph","is_super_admin":true,"usertype":"user","student_id":1,"student_name":"Lourence Reguis","course_id":1,"section":"2201"}
[12-May-2025 04:19:07 Europe/Berlin] Session already active in TokenHandler. Session ID: ghk21qhjfdnf2kguelb4131ud3
[12-May-2025 04:19:07 Europe/Berlin] Current session data: {"csrf_token":"b531c372b3d39f4816e079eb963c375fdbf2e20cba939d9807601613600b713d","csrf_token_time":1747015144,"admin_id":1,"srcode":"23-32966","admin_name":"Admin User","email":"23-32966@g.batstate-u.edu.ph","is_super_admin":true,"usertype":"user","student_id":1,"student_name":"Lourence Reguis","course_id":1,"section":"2201"}
[12-May-2025 04:19:07 Europe/Berlin] Session already active in TokenHandler. Session ID: ghk21qhjfdnf2kguelb4131ud3
[12-May-2025 04:19:07 Europe/Berlin] Current session data: {"csrf_token":"b531c372b3d39f4816e079eb963c375fdbf2e20cba939d9807601613600b713d","csrf_token_time":1747015144,"admin_id":1,"srcode":"23-32966","admin_name":"Admin User","email":"23-32966@g.batstate-u.edu.ph","is_super_admin":true,"usertype":"user","student_id":1,"student_name":"Lourence Reguis","course_id":1,"section":"2201"}
[12-May-2025 04:19:08 Europe/Berlin] Session already active in TokenHandler. Session ID: ghk21qhjfdnf2kguelb4131ud3
[12-May-2025 04:19:08 Europe/Berlin] Current session data: {"csrf_token":"b531c372b3d39f4816e079eb963c375fdbf2e20cba939d9807601613600b713d","csrf_token_time":1747015144,"admin_id":1,"srcode":"23-32966","admin_name":"Admin User","email":"23-32966@g.batstate-u.edu.ph","is_super_admin":true,"usertype":"user","student_id":1,"student_name":"Lourence Reguis","course_id":1,"section":"2201"}
[12-May-2025 04:19:08 Europe/Berlin] Session already active in TokenHandler. Session ID: ghk21qhjfdnf2kguelb4131ud3
[12-May-2025 04:19:08 Europe/Berlin] Current session data: {"csrf_token":"b531c372b3d39f4816e079eb963c375fdbf2e20cba939d9807601613600b713d","csrf_token_time":1747015144,"admin_id":1,"srcode":"23-32966","admin_name":"Admin User","email":"23-32966@g.batstate-u.edu.ph","is_super_admin":true,"usertype":"user","student_id":1,"student_name":"Lourence Reguis","course_id":1,"section":"2201"}
[12-May-2025 04:19:24 Europe/Berlin] Session already active in TokenHandler. Session ID: ghk21qhjfdnf2kguelb4131ud3
[12-May-2025 04:19:24 Europe/Berlin] Current session data: {"csrf_token":"b531c372b3d39f4816e079eb963c375fdbf2e20cba939d9807601613600b713d","csrf_token_time":1747015144,"admin_id":1,"srcode":"23-32966","admin_name":"Admin User","email":"23-32966@g.batstate-u.edu.ph","is_super_admin":true,"usertype":"user","student_id":1,"student_name":"Lourence Reguis","course_id":1,"section":"2201"}
[12-May-2025 04:19:24 Europe/Berlin] Session already active in TokenHandler. Session ID: ghk21qhjfdnf2kguelb4131ud3
[12-May-2025 04:19:24 Europe/Berlin] Current session data: {"csrf_token":"b531c372b3d39f4816e079eb963c375fdbf2e20cba939d9807601613600b713d","csrf_token_time":1747015144,"admin_id":1,"srcode":"23-32966","admin_name":"Admin User","email":"23-32966@g.batstate-u.edu.ph","is_super_admin":true,"usertype":"user","student_id":1,"student_name":"Lourence Reguis","course_id":1,"section":"2201"}
[12-May-2025 04:19:24 Europe/Berlin] Session already active in TokenHandler. Session ID: ghk21qhjfdnf2kguelb4131ud3
[12-May-2025 04:19:24 Europe/Berlin] Current session data: {"csrf_token":"b531c372b3d39f4816e079eb963c375fdbf2e20cba939d9807601613600b713d","csrf_token_time":1747015144,"admin_id":1,"srcode":"23-32966","admin_name":"Admin User","email":"23-32966@g.batstate-u.edu.ph","is_super_admin":true,"usertype":"user","student_id":1,"student_name":"Lourence Reguis","course_id":1,"section":"2201"}
[12-May-2025 04:19:24 Europe/Berlin] Session already active in TokenHandler. Session ID: ghk21qhjfdnf2kguelb4131ud3
[12-May-2025 04:19:24 Europe/Berlin] Current session data: {"csrf_token":"b531c372b3d39f4816e079eb963c375fdbf2e20cba939d9807601613600b713d","csrf_token_time":1747015144,"admin_id":1,"srcode":"23-32966","admin_name":"Admin User","email":"23-32966@g.batstate-u.edu.ph","is_super_admin":true,"usertype":"user","student_id":1,"student_name":"Lourence Reguis","course_id":1,"section":"2201"}
[12-May-2025 04:19:25 Europe/Berlin] Starting CSRF validation for action: getCompany
[12-May-2025 04:19:25 Europe/Berlin] Received token: b531c372b3d39f4816e079eb963c375fdbf2e20cba939d9807601613600b713d
[12-May-2025 04:19:25 Europe/Berlin] Current session status: 2
[12-May-2025 04:19:25 Europe/Berlin] Session ID: ghk21qhjfdnf2kguelb4131ud3
[12-May-2025 04:19:25 Europe/Berlin] Session already active in TokenHandler. Session ID: ghk21qhjfdnf2kguelb4131ud3
[12-May-2025 04:19:25 Europe/Berlin] Current session data: {"csrf_token":"b531c372b3d39f4816e079eb963c375fdbf2e20cba939d9807601613600b713d","csrf_token_time":1747015144,"admin_id":1,"srcode":"23-32966","admin_name":"Admin User","email":"23-32966@g.batstate-u.edu.ph","is_super_admin":true,"usertype":"user","student_id":1,"student_name":"Lourence Reguis","course_id":1,"section":"2201"}
[12-May-2025 04:19:25 Europe/Berlin] CSRF validation successful for action: getCompany
[12-May-2025 04:19:25 Europe/Berlin] Session already active in TokenHandler. Session ID: ghk21qhjfdnf2kguelb4131ud3
[12-May-2025 04:19:25 Europe/Berlin] Current session data: {"csrf_token":"b531c372b3d39f4816e079eb963c375fdbf2e20cba939d9807601613600b713d","csrf_token_time":1747015144,"admin_id":1,"srcode":"23-32966","admin_name":"Admin User","email":"23-32966@g.batstate-u.edu.ph","is_super_admin":true,"usertype":"user","student_id":1,"student_name":"Lourence Reguis","course_id":1,"section":"2201"}
[12-May-2025 04:19:31 Europe/Berlin] Starting CSRF validation for action: getCompany
[12-May-2025 04:19:31 Europe/Berlin] Received token: b531c372b3d39f4816e079eb963c375fdbf2e20cba939d9807601613600b713d
[12-May-2025 04:19:31 Europe/Berlin] Current session status: 2
[12-May-2025 04:19:31 Europe/Berlin] Session ID: ghk21qhjfdnf2kguelb4131ud3
[12-May-2025 04:19:31 Europe/Berlin] Session already active in TokenHandler. Session ID: ghk21qhjfdnf2kguelb4131ud3
[12-May-2025 04:19:31 Europe/Berlin] Current session data: {"csrf_token":"b531c372b3d39f4816e079eb963c375fdbf2e20cba939d9807601613600b713d","csrf_token_time":1747015144,"admin_id":1,"srcode":"23-32966","admin_name":"Admin User","email":"23-32966@g.batstate-u.edu.ph","is_super_admin":true,"usertype":"user","student_id":1,"student_name":"Lourence Reguis","course_id":1,"section":"2201"}
[12-May-2025 04:19:31 Europe/Berlin] CSRF validation successful for action: getCompany
[12-May-2025 04:19:31 Europe/Berlin] Session already active in TokenHandler. Session ID: ghk21qhjfdnf2kguelb4131ud3
[12-May-2025 04:19:31 Europe/Berlin] Current session data: {"csrf_token":"b531c372b3d39f4816e079eb963c375fdbf2e20cba939d9807601613600b713d","csrf_token_time":1747015144,"admin_id":1,"srcode":"23-32966","admin_name":"Admin User","email":"23-32966@g.batstate-u.edu.ph","is_super_admin":true,"usertype":"user","student_id":1,"student_name":"Lourence Reguis","course_id":1,"section":"2201"}
[12-May-2025 04:19:34 Europe/Berlin] Starting CSRF validation for action: updateCompany
[12-May-2025 04:19:34 Europe/Berlin] Received token: b531c372b3d39f4816e079eb963c375fdbf2e20cba939d9807601613600b713d
[12-May-2025 04:19:34 Europe/Berlin] Current session status: 2
[12-May-2025 04:19:34 Europe/Berlin] Session ID: ghk21qhjfdnf2kguelb4131ud3
[12-May-2025 04:19:34 Europe/Berlin] Session already active in TokenHandler. Session ID: ghk21qhjfdnf2kguelb4131ud3
[12-May-2025 04:19:34 Europe/Berlin] Current session data: {"csrf_token":"b531c372b3d39f4816e079eb963c375fdbf2e20cba939d9807601613600b713d","csrf_token_time":1747015144,"admin_id":1,"srcode":"23-32966","admin_name":"Admin User","email":"23-32966@g.batstate-u.edu.ph","is_super_admin":true,"usertype":"user","student_id":1,"student_name":"Lourence Reguis","course_id":1,"section":"2201"}
[12-May-2025 04:19:34 Europe/Berlin] CSRF validation successful for action: updateCompany
[12-May-2025 04:19:34 Europe/Berlin] Session already active in TokenHandler. Session ID: ghk21qhjfdnf2kguelb4131ud3
[12-May-2025 04:19:34 Europe/Berlin] Current session data: {"csrf_token":"b531c372b3d39f4816e079eb963c375fdbf2e20cba939d9807601613600b713d","csrf_token_time":1747015144,"admin_id":1,"srcode":"23-32966","admin_name":"Admin User","email":"23-32966@g.batstate-u.edu.ph","is_super_admin":true,"usertype":"user","student_id":1,"student_name":"Lourence Reguis","course_id":1,"section":"2201"}
[12-May-2025 04:19:35 Europe/Berlin] Session already active in TokenHandler. Session ID: ghk21qhjfdnf2kguelb4131ud3
[12-May-2025 04:19:35 Europe/Berlin] Current session data: {"csrf_token":"b531c372b3d39f4816e079eb963c375fdbf2e20cba939d9807601613600b713d","csrf_token_time":1747015144,"admin_id":1,"srcode":"23-32966","admin_name":"Admin User","email":"23-32966@g.batstate-u.edu.ph","is_super_admin":true,"usertype":"user","student_id":1,"student_name":"Lourence Reguis","course_id":1,"section":"2201"}
[12-May-2025 04:19:35 Europe/Berlin] Session already active in TokenHandler. Session ID: ghk21qhjfdnf2kguelb4131ud3
[12-May-2025 04:19:35 Europe/Berlin] Current session data: {"csrf_token":"b531c372b3d39f4816e079eb963c375fdbf2e20cba939d9807601613600b713d","csrf_token_time":1747015144,"admin_id":1,"srcode":"23-32966","admin_name":"Admin User","email":"23-32966@g.batstate-u.edu.ph","is_super_admin":true,"usertype":"user","student_id":1,"student_name":"Lourence Reguis","course_id":1,"section":"2201"}
[12-May-2025 04:19:35 Europe/Berlin] Session already active in TokenHandler. Session ID: ghk21qhjfdnf2kguelb4131ud3
[12-May-2025 04:19:35 Europe/Berlin] Current session data: {"csrf_token":"b531c372b3d39f4816e079eb963c375fdbf2e20cba939d9807601613600b713d","csrf_token_time":1747015144,"admin_id":1,"srcode":"23-32966","admin_name":"Admin User","email":"23-32966@g.batstate-u.edu.ph","is_super_admin":true,"usertype":"user","student_id":1,"student_name":"Lourence Reguis","course_id":1,"section":"2201"}
[12-May-2025 04:19:35 Europe/Berlin] Session already active in TokenHandler. Session ID: ghk21qhjfdnf2kguelb4131ud3
[12-May-2025 04:19:35 Europe/Berlin] Current session data: {"csrf_token":"b531c372b3d39f4816e079eb963c375fdbf2e20cba939d9807601613600b713d","csrf_token_time":1747015144,"admin_id":1,"srcode":"23-32966","admin_name":"Admin User","email":"23-32966@g.batstate-u.edu.ph","is_super_admin":true,"usertype":"user","student_id":1,"student_name":"Lourence Reguis","course_id":1,"section":"2201"}
[12-May-2025 04:19:45 Europe/Berlin] Session already active in TokenHandler. Session ID: ghk21qhjfdnf2kguelb4131ud3
[12-May-2025 04:19:45 Europe/Berlin] Current session data: {"csrf_token":"b531c372b3d39f4816e079eb963c375fdbf2e20cba939d9807601613600b713d","csrf_token_time":1747015144,"admin_id":1,"srcode":"23-32966","admin_name":"Admin User","email":"23-32966@g.batstate-u.edu.ph","is_super_admin":true,"usertype":"user","student_id":1,"student_name":"Lourence Reguis","course_id":1,"section":"2201"}
[12-May-2025 04:19:45 Europe/Berlin] Session already active in TokenHandler. Session ID: ghk21qhjfdnf2kguelb4131ud3
[12-May-2025 04:19:45 Europe/Berlin] Current session data: {"csrf_token":"b531c372b3d39f4816e079eb963c375fdbf2e20cba939d9807601613600b713d","csrf_token_time":1747015144,"admin_id":1,"srcode":"23-32966","admin_name":"Admin User","email":"23-32966@g.batstate-u.edu.ph","is_super_admin":true,"usertype":"user","student_id":1,"student_name":"Lourence Reguis","course_id":1,"section":"2201"}
[12-May-2025 04:32:35 Europe/Berlin] Session already active in TokenHandler. Session ID: ghk21qhjfdnf2kguelb4131ud3
[12-May-2025 04:32:35 Europe/Berlin] Current session data: {"csrf_token":"b531c372b3d39f4816e079eb963c375fdbf2e20cba939d9807601613600b713d","csrf_token_time":1747015144,"admin_id":1,"srcode":"23-32966","admin_name":"Admin User","email":"23-32966@g.batstate-u.edu.ph","is_super_admin":true,"usertype":"user","student_id":1,"student_name":"Lourence Reguis","course_id":1,"section":"2201"}
[12-May-2025 04:32:35 Europe/Berlin] Session already active in TokenHandler. Session ID: ghk21qhjfdnf2kguelb4131ud3
[12-May-2025 04:32:35 Europe/Berlin] Current session data: {"csrf_token":"b531c372b3d39f4816e079eb963c375fdbf2e20cba939d9807601613600b713d","csrf_token_time":1747015144,"admin_id":1,"srcode":"23-32966","admin_name":"Admin User","email":"23-32966@g.batstate-u.edu.ph","is_super_admin":true,"usertype":"user","student_id":1,"student_name":"Lourence Reguis","course_id":1,"section":"2201"}
[12-May-2025 04:32:47 Europe/Berlin] Session already active in TokenHandler. Session ID: ghk21qhjfdnf2kguelb4131ud3
[12-May-2025 04:32:47 Europe/Berlin] Current session data: {"csrf_token":"b531c372b3d39f4816e079eb963c375fdbf2e20cba939d9807601613600b713d","csrf_token_time":1747015144,"admin_id":1,"srcode":"23-32966","admin_name":"Admin User","email":"23-32966@g.batstate-u.edu.ph","is_super_admin":true,"usertype":"user","student_id":1,"student_name":"Lourence Reguis","course_id":1,"section":"2201"}
[12-May-2025 04:32:47 Europe/Berlin] Session already active in TokenHandler. Session ID: ghk21qhjfdnf2kguelb4131ud3
[12-May-2025 04:32:47 Europe/Berlin] Current session data: {"csrf_token":"b531c372b3d39f4816e079eb963c375fdbf2e20cba939d9807601613600b713d","csrf_token_time":1747015144,"admin_id":1,"srcode":"23-32966","admin_name":"Admin User","email":"23-32966@g.batstate-u.edu.ph","is_super_admin":true,"usertype":"user","student_id":1,"student_name":"Lourence Reguis","course_id":1,"section":"2201"}
[12-May-2025 04:32:53 Europe/Berlin] Session already active in TokenHandler. Session ID: ghk21qhjfdnf2kguelb4131ud3
[12-May-2025 04:32:53 Europe/Berlin] Current session data: {"csrf_token":"b531c372b3d39f4816e079eb963c375fdbf2e20cba939d9807601613600b713d","csrf_token_time":1747015144,"admin_id":1,"srcode":"23-32966","admin_name":"Admin User","email":"23-32966@g.batstate-u.edu.ph","is_super_admin":true,"usertype":"user","student_id":1,"student_name":"Lourence Reguis","course_id":1,"section":"2201"}
[12-May-2025 04:32:53 Europe/Berlin] Session already active in TokenHandler. Session ID: ghk21qhjfdnf2kguelb4131ud3
[12-May-2025 04:32:53 Europe/Berlin] Current session data: {"csrf_token":"b531c372b3d39f4816e079eb963c375fdbf2e20cba939d9807601613600b713d","csrf_token_time":1747015144,"admin_id":1,"srcode":"23-32966","admin_name":"Admin User","email":"23-32966@g.batstate-u.edu.ph","is_super_admin":true,"usertype":"user","student_id":1,"student_name":"Lourence Reguis","course_id":1,"section":"2201"}
[12-May-2025 04:32:53 Europe/Berlin] Session already active in TokenHandler. Session ID: ghk21qhjfdnf2kguelb4131ud3
[12-May-2025 04:32:53 Europe/Berlin] Current session data: {"csrf_token":"b531c372b3d39f4816e079eb963c375fdbf2e20cba939d9807601613600b713d","csrf_token_time":1747015144,"admin_id":1,"srcode":"23-32966","admin_name":"Admin User","email":"23-32966@g.batstate-u.edu.ph","is_super_admin":true,"usertype":"user","student_id":1,"student_name":"Lourence Reguis","course_id":1,"section":"2201"}
[12-May-2025 04:32:53 Europe/Berlin] Session already active in TokenHandler. Session ID: ghk21qhjfdnf2kguelb4131ud3
[12-May-2025 04:32:53 Europe/Berlin] Current session data: {"csrf_token":"b531c372b3d39f4816e079eb963c375fdbf2e20cba939d9807601613600b713d","csrf_token_time":1747015144,"admin_id":1,"srcode":"23-32966","admin_name":"Admin User","email":"23-32966@g.batstate-u.edu.ph","is_super_admin":true,"usertype":"user","student_id":1,"student_name":"Lourence Reguis","course_id":1,"section":"2201"}
[12-May-2025 04:33:18 Europe/Berlin] Starting CSRF validation for action: addJobListing
[12-May-2025 04:33:18 Europe/Berlin] Received token: b531c372b3d39f4816e079eb963c375fdbf2e20cba939d9807601613600b713d
[12-May-2025 04:33:18 Europe/Berlin] Current session status: 2
[12-May-2025 04:33:18 Europe/Berlin] Session ID: ghk21qhjfdnf2kguelb4131ud3
[12-May-2025 04:33:18 Europe/Berlin] Session already active in TokenHandler. Session ID: ghk21qhjfdnf2kguelb4131ud3
[12-May-2025 04:33:18 Europe/Berlin] Current session data: {"csrf_token":"b531c372b3d39f4816e079eb963c375fdbf2e20cba939d9807601613600b713d","csrf_token_time":1747015144,"admin_id":1,"srcode":"23-32966","admin_name":"Admin User","email":"23-32966@g.batstate-u.edu.ph","is_super_admin":true,"usertype":"user","student_id":1,"student_name":"Lourence Reguis","course_id":1,"section":"2201"}
[12-May-2025 04:33:18 Europe/Berlin] Session already active in TokenHandler. Session ID: ghk21qhjfdnf2kguelb4131ud3
[12-May-2025 04:33:18 Europe/Berlin] Current session data: {"csrf_token":"b531c372b3d39f4816e079eb963c375fdbf2e20cba939d9807601613600b713d","csrf_token_time":1747015144,"admin_id":1,"srcode":"23-32966","admin_name":"Admin User","email":"23-32966@g.batstate-u.edu.ph","is_super_admin":true,"usertype":"user","student_id":1,"student_name":"Lourence Reguis","course_id":1,"section":"2201"}
[12-May-2025 04:33:18 Europe/Berlin] CSRF validation successful for action: addJobListing
[12-May-2025 04:33:18 Europe/Berlin] Session already active in TokenHandler. Session ID: ghk21qhjfdnf2kguelb4131ud3
[12-May-2025 04:33:18 Europe/Berlin] Current session data: {"csrf_token":"948caa593661efd71b1b3dbef953057001acd01022ac2a59203d811d1d098d03","csrf_token_time":1747017198,"admin_id":1,"srcode":"23-32966","admin_name":"Admin User","email":"23-32966@g.batstate-u.edu.ph","is_super_admin":true,"usertype":"user","student_id":1,"student_name":"Lourence Reguis","course_id":1,"section":"2201"}
[12-May-2025 04:33:19 Europe/Berlin] Session already active in TokenHandler. Session ID: ghk21qhjfdnf2kguelb4131ud3
[12-May-2025 04:33:19 Europe/Berlin] Current session data: {"csrf_token":"948caa593661efd71b1b3dbef953057001acd01022ac2a59203d811d1d098d03","csrf_token_time":1747017198,"admin_id":1,"srcode":"23-32966","admin_name":"Admin User","email":"23-32966@g.batstate-u.edu.ph","is_super_admin":true,"usertype":"user","student_id":1,"student_name":"Lourence Reguis","course_id":1,"section":"2201"}
[12-May-2025 04:33:19 Europe/Berlin] Session already active in TokenHandler. Session ID: ghk21qhjfdnf2kguelb4131ud3
[12-May-2025 04:33:19 Europe/Berlin] Current session data: {"csrf_token":"948caa593661efd71b1b3dbef953057001acd01022ac2a59203d811d1d098d03","csrf_token_time":1747017198,"admin_id":1,"srcode":"23-32966","admin_name":"Admin User","email":"23-32966@g.batstate-u.edu.ph","is_super_admin":true,"usertype":"user","student_id":1,"student_name":"Lourence Reguis","course_id":1,"section":"2201"}
[12-May-2025 04:33:19 Europe/Berlin] Session already active in TokenHandler. Session ID: ghk21qhjfdnf2kguelb4131ud3
[12-May-2025 04:33:19 Europe/Berlin] Current session data: {"csrf_token":"948caa593661efd71b1b3dbef953057001acd01022ac2a59203d811d1d098d03","csrf_token_time":1747017198,"admin_id":1,"srcode":"23-32966","admin_name":"Admin User","email":"23-32966@g.batstate-u.edu.ph","is_super_admin":true,"usertype":"user","student_id":1,"student_name":"Lourence Reguis","course_id":1,"section":"2201"}
[12-May-2025 04:33:19 Europe/Berlin] Session already active in TokenHandler. Session ID: ghk21qhjfdnf2kguelb4131ud3
[12-May-2025 04:33:19 Europe/Berlin] Current session data: {"csrf_token":"948caa593661efd71b1b3dbef953057001acd01022ac2a59203d811d1d098d03","csrf_token_time":1747017198,"admin_id":1,"srcode":"23-32966","admin_name":"Admin User","email":"23-32966@g.batstate-u.edu.ph","is_super_admin":true,"usertype":"user","student_id":1,"student_name":"Lourence Reguis","course_id":1,"section":"2201"}
[12-May-2025 04:33:23 Europe/Berlin] Session already active in TokenHandler. Session ID: ghk21qhjfdnf2kguelb4131ud3
[12-May-2025 04:33:23 Europe/Berlin] Current session data: {"csrf_token":"948caa593661efd71b1b3dbef953057001acd01022ac2a59203d811d1d098d03","csrf_token_time":1747017198,"admin_id":1,"srcode":"23-32966","admin_name":"Admin User","email":"23-32966@g.batstate-u.edu.ph","is_super_admin":true,"usertype":"user","student_id":1,"student_name":"Lourence Reguis","course_id":1,"section":"2201"}
[12-May-2025 04:33:23 Europe/Berlin] Session already active in TokenHandler. Session ID: ghk21qhjfdnf2kguelb4131ud3
[12-May-2025 04:33:23 Europe/Berlin] Current session data: {"csrf_token":"948caa593661efd71b1b3dbef953057001acd01022ac2a59203d811d1d098d03","csrf_token_time":1747017198,"admin_id":1,"srcode":"23-32966","admin_name":"Admin User","email":"23-32966@g.batstate-u.edu.ph","is_super_admin":true,"usertype":"user","student_id":1,"student_name":"Lourence Reguis","course_id":1,"section":"2201"}
[12-May-2025 04:33:24 Europe/Berlin] Session already active in TokenHandler. Session ID: ghk21qhjfdnf2kguelb4131ud3
[12-May-2025 04:33:24 Europe/Berlin] Current session data: {"csrf_token":"948caa593661efd71b1b3dbef953057001acd01022ac2a59203d811d1d098d03","csrf_token_time":1747017198,"admin_id":1,"srcode":"23-32966","admin_name":"Admin User","email":"23-32966@g.batstate-u.edu.ph","is_super_admin":true,"usertype":"user","student_id":1,"student_name":"Lourence Reguis","course_id":1,"section":"2201"}
[12-May-2025 04:33:24 Europe/Berlin] Session already active in TokenHandler. Session ID: ghk21qhjfdnf2kguelb4131ud3
[12-May-2025 04:33:24 Europe/Berlin] Current session data: {"csrf_token":"948caa593661efd71b1b3dbef953057001acd01022ac2a59203d811d1d098d03","csrf_token_time":1747017198,"admin_id":1,"srcode":"23-32966","admin_name":"Admin User","email":"23-32966@g.batstate-u.edu.ph","is_super_admin":true,"usertype":"user","student_id":1,"student_name":"Lourence Reguis","course_id":1,"section":"2201"}
[12-May-2025 04:33:28 Europe/Berlin] Starting CSRF validation for action: applyForJob
[12-May-2025 04:33:28 Europe/Berlin] Received token: 948caa593661efd71b1b3dbef953057001acd01022ac2a59203d811d1d098d03
[12-May-2025 04:33:28 Europe/Berlin] Current session status: 2
[12-May-2025 04:33:28 Europe/Berlin] Session ID: ghk21qhjfdnf2kguelb4131ud3
[12-May-2025 04:33:28 Europe/Berlin] Session already active in TokenHandler. Session ID: ghk21qhjfdnf2kguelb4131ud3
[12-May-2025 04:33:28 Europe/Berlin] Current session data: {"csrf_token":"948caa593661efd71b1b3dbef953057001acd01022ac2a59203d811d1d098d03","csrf_token_time":1747017198,"admin_id":1,"srcode":"23-32966","admin_name":"Admin User","email":"23-32966@g.batstate-u.edu.ph","is_super_admin":true,"usertype":"user","student_id":1,"student_name":"Lourence Reguis","course_id":1,"section":"2201"}
[12-May-2025 04:33:28 Europe/Berlin] CSRF validation successful for action: applyForJob
[12-May-2025 04:33:29 Europe/Berlin] Session already active in TokenHandler. Session ID: ghk21qhjfdnf2kguelb4131ud3
[12-May-2025 04:33:29 Europe/Berlin] Current session data: {"csrf_token":"948caa593661efd71b1b3dbef953057001acd01022ac2a59203d811d1d098d03","csrf_token_time":1747017198,"admin_id":1,"srcode":"23-32966","admin_name":"Admin User","email":"23-32966@g.batstate-u.edu.ph","is_super_admin":true,"usertype":"user","student_id":1,"student_name":"Lourence Reguis","course_id":1,"section":"2201"}
[12-May-2025 04:33:31 Europe/Berlin] Session already active in TokenHandler. Session ID: ghk21qhjfdnf2kguelb4131ud3
[12-May-2025 04:33:31 Europe/Berlin] Current session data: {"csrf_token":"948caa593661efd71b1b3dbef953057001acd01022ac2a59203d811d1d098d03","csrf_token_time":1747017198,"admin_id":1,"srcode":"23-32966","admin_name":"Admin User","email":"23-32966@g.batstate-u.edu.ph","is_super_admin":true,"usertype":"user","student_id":1,"student_name":"Lourence Reguis","course_id":1,"section":"2201"}
[12-May-2025 04:33:31 Europe/Berlin] Session already active in TokenHandler. Session ID: ghk21qhjfdnf2kguelb4131ud3
[12-May-2025 04:33:31 Europe/Berlin] Current session data: {"csrf_token":"948caa593661efd71b1b3dbef953057001acd01022ac2a59203d811d1d098d03","csrf_token_time":1747017198,"admin_id":1,"srcode":"23-32966","admin_name":"Admin User","email":"23-32966@g.batstate-u.edu.ph","is_super_admin":true,"usertype":"user","student_id":1,"student_name":"Lourence Reguis","course_id":1,"section":"2201"}
[12-May-2025 04:34:13 Europe/Berlin] Session already active in TokenHandler. Session ID: ghk21qhjfdnf2kguelb4131ud3
[12-May-2025 04:34:13 Europe/Berlin] Current session data: {"csrf_token":"948caa593661efd71b1b3dbef953057001acd01022ac2a59203d811d1d098d03","csrf_token_time":1747017198,"admin_id":1,"srcode":"23-32966","admin_name":"Admin User","email":"23-32966@g.batstate-u.edu.ph","is_super_admin":true,"usertype":"user","student_id":1,"student_name":"Lourence Reguis","course_id":1,"section":"2201"}
[12-May-2025 04:34:13 Europe/Berlin] Session already active in TokenHandler. Session ID: ghk21qhjfdnf2kguelb4131ud3
[12-May-2025 04:34:13 Europe/Berlin] Current session data: {"csrf_token":"948caa593661efd71b1b3dbef953057001acd01022ac2a59203d811d1d098d03","csrf_token_time":1747017198,"admin_id":1,"srcode":"23-32966","admin_name":"Admin User","email":"23-32966@g.batstate-u.edu.ph","is_super_admin":true,"usertype":"user","student_id":1,"student_name":"Lourence Reguis","course_id":1,"section":"2201"}
[12-May-2025 04:52:40 Europe/Berlin] Session already active in TokenHandler. Session ID: ghk21qhjfdnf2kguelb4131ud3
[12-May-2025 04:52:40 Europe/Berlin] Current session data: {"csrf_token":"948caa593661efd71b1b3dbef953057001acd01022ac2a59203d811d1d098d03","csrf_token_time":1747017198,"admin_id":1,"srcode":"23-32966","admin_name":"Admin User","email":"23-32966@g.batstate-u.edu.ph","is_super_admin":true,"usertype":"user","student_id":1,"student_name":"Lourence Reguis","course_id":1,"section":"2201"}
[12-May-2025 04:52:40 Europe/Berlin] Session already active in TokenHandler. Session ID: ghk21qhjfdnf2kguelb4131ud3
[12-May-2025 04:52:40 Europe/Berlin] Current session data: {"csrf_token":"948caa593661efd71b1b3dbef953057001acd01022ac2a59203d811d1d098d03","csrf_token_time":1747017198,"admin_id":1,"srcode":"23-32966","admin_name":"Admin User","email":"23-32966@g.batstate-u.edu.ph","is_super_admin":true,"usertype":"user","student_id":1,"student_name":"Lourence Reguis","course_id":1,"section":"2201"}
[12-May-2025 04:52:43 Europe/Berlin] Session already active in TokenHandler. Session ID: ghk21qhjfdnf2kguelb4131ud3
[12-May-2025 04:52:43 Europe/Berlin] Current session data: {"csrf_token":"948caa593661efd71b1b3dbef953057001acd01022ac2a59203d811d1d098d03","csrf_token_time":1747017198,"admin_id":1,"srcode":"23-32966","admin_name":"Admin User","email":"23-32966@g.batstate-u.edu.ph","is_super_admin":true,"usertype":"user","student_id":1,"student_name":"Lourence Reguis","course_id":1,"section":"2201"}
[12-May-2025 04:52:43 Europe/Berlin] Session already active in TokenHandler. Session ID: ghk21qhjfdnf2kguelb4131ud3
[12-May-2025 04:52:43 Europe/Berlin] Current session data: {"csrf_token":"948caa593661efd71b1b3dbef953057001acd01022ac2a59203d811d1d098d03","csrf_token_time":1747017198,"admin_id":1,"srcode":"23-32966","admin_name":"Admin User","email":"23-32966@g.batstate-u.edu.ph","is_super_admin":true,"usertype":"user","student_id":1,"student_name":"Lourence Reguis","course_id":1,"section":"2201"}
[12-May-2025 04:52:44 Europe/Berlin] Session already active in TokenHandler. Session ID: ghk21qhjfdnf2kguelb4131ud3
[12-May-2025 04:52:44 Europe/Berlin] Current session data: {"csrf_token":"948caa593661efd71b1b3dbef953057001acd01022ac2a59203d811d1d098d03","csrf_token_time":1747017198,"admin_id":1,"srcode":"23-32966","admin_name":"Admin User","email":"23-32966@g.batstate-u.edu.ph","is_super_admin":true,"usertype":"user","student_id":1,"student_name":"Lourence Reguis","course_id":1,"section":"2201"}
[12-May-2025 04:52:44 Europe/Berlin] Session already active in TokenHandler. Session ID: ghk21qhjfdnf2kguelb4131ud3
[12-May-2025 04:52:44 Europe/Berlin] Current session data: {"csrf_token":"948caa593661efd71b1b3dbef953057001acd01022ac2a59203d811d1d098d03","csrf_token_time":1747017198,"admin_id":1,"srcode":"23-32966","admin_name":"Admin User","email":"23-32966@g.batstate-u.edu.ph","is_super_admin":true,"usertype":"user","student_id":1,"student_name":"Lourence Reguis","course_id":1,"section":"2201"}
[12-May-2025 04:52:48 Europe/Berlin] Session already active in TokenHandler. Session ID: ghk21qhjfdnf2kguelb4131ud3
[12-May-2025 04:52:48 Europe/Berlin] Current session data: {"csrf_token":"948caa593661efd71b1b3dbef953057001acd01022ac2a59203d811d1d098d03","csrf_token_time":1747017198,"admin_id":1,"srcode":"23-32966","admin_name":"Admin User","email":"23-32966@g.batstate-u.edu.ph","is_super_admin":true,"usertype":"user","student_id":1,"student_name":"Lourence Reguis","course_id":1,"section":"2201"}
[12-May-2025 04:52:48 Europe/Berlin] Session already active in TokenHandler. Session ID: ghk21qhjfdnf2kguelb4131ud3
[12-May-2025 04:52:48 Europe/Berlin] Current session data: {"csrf_token":"948caa593661efd71b1b3dbef953057001acd01022ac2a59203d811d1d098d03","csrf_token_time":1747017198,"admin_id":1,"srcode":"23-32966","admin_name":"Admin User","email":"23-32966@g.batstate-u.edu.ph","is_super_admin":true,"usertype":"user","student_id":1,"student_name":"Lourence Reguis","course_id":1,"section":"2201"}
[12-May-2025 04:54:51 Europe/Berlin] Session already active in TokenHandler. Session ID: ghk21qhjfdnf2kguelb4131ud3
[12-May-2025 04:54:51 Europe/Berlin] Current session data: {"csrf_token":"205e0d8edee6d2be832a3fe09c875fd579d30535c2e061b1286255502cd9ad50","csrf_token_time":1747017198,"admin_id":1,"srcode":"23-32966","admin_name":"Admin User","email":"23-32966@g.batstate-u.edu.ph","is_super_admin":true,"usertype":"user","student_id":1,"student_name":"Lourence Reguis","course_id":1,"section":"2201"}
[12-May-2025 04:54:51 Europe/Berlin] Session already active in TokenHandler. Session ID: ghk21qhjfdnf2kguelb4131ud3
[12-May-2025 04:54:51 Europe/Berlin] Current session data: {"csrf_token":"205e0d8edee6d2be832a3fe09c875fd579d30535c2e061b1286255502cd9ad50","csrf_token_time":1747017198,"admin_id":1,"srcode":"23-32966","admin_name":"Admin User","email":"23-32966@g.batstate-u.edu.ph","is_super_admin":true,"usertype":"user","student_id":1,"student_name":"Lourence Reguis","course_id":1,"section":"2201"}
[12-May-2025 04:54:51 Europe/Berlin] Session already active in TokenHandler. Session ID: ghk21qhjfdnf2kguelb4131ud3
[12-May-2025 04:54:51 Europe/Berlin] Current session data: {"csrf_token":"205e0d8edee6d2be832a3fe09c875fd579d30535c2e061b1286255502cd9ad50","csrf_token_time":1747017198,"admin_id":1,"srcode":"23-32966","admin_name":"Admin User","email":"23-32966@g.batstate-u.edu.ph","is_super_admin":true,"usertype":"user","student_id":1,"student_name":"Lourence Reguis","course_id":1,"section":"2201"}
[12-May-2025 04:54:51 Europe/Berlin] Session already active in TokenHandler. Session ID: ghk21qhjfdnf2kguelb4131ud3
[12-May-2025 04:54:51 Europe/Berlin] Current session data: {"csrf_token":"205e0d8edee6d2be832a3fe09c875fd579d30535c2e061b1286255502cd9ad50","csrf_token_time":1747017198,"admin_id":1,"srcode":"23-32966","admin_name":"Admin User","email":"23-32966@g.batstate-u.edu.ph","is_super_admin":true,"usertype":"user","student_id":1,"student_name":"Lourence Reguis","course_id":1,"section":"2201"}
[12-May-2025 04:54:55 Europe/Berlin] Session already active in TokenHandler. Session ID: ghk21qhjfdnf2kguelb4131ud3
[12-May-2025 04:54:55 Europe/Berlin] Current session data: {"csrf_token":"205e0d8edee6d2be832a3fe09c875fd579d30535c2e061b1286255502cd9ad50","csrf_token_time":1747017198,"admin_id":1,"srcode":"23-32966","admin_name":"Admin User","email":"23-32966@g.batstate-u.edu.ph","is_super_admin":true,"usertype":"user","student_id":1,"student_name":"Lourence Reguis","course_id":1,"section":"2201"}
[12-May-2025 04:54:55 Europe/Berlin] Session already active in TokenHandler. Session ID: ghk21qhjfdnf2kguelb4131ud3
[12-May-2025 04:54:55 Europe/Berlin] Current session data: {"csrf_token":"205e0d8edee6d2be832a3fe09c875fd579d30535c2e061b1286255502cd9ad50","csrf_token_time":1747017198,"admin_id":1,"srcode":"23-32966","admin_name":"Admin User","email":"23-32966@g.batstate-u.edu.ph","is_super_admin":true,"usertype":"user","student_id":1,"student_name":"Lourence Reguis","course_id":1,"section":"2201"}
[12-May-2025 04:54:55 Europe/Berlin] Session already active in TokenHandler. Session ID: ghk21qhjfdnf2kguelb4131ud3
[12-May-2025 04:54:55 Europe/Berlin] Current session data: {"csrf_token":"205e0d8edee6d2be832a3fe09c875fd579d30535c2e061b1286255502cd9ad50","csrf_token_time":1747017198,"admin_id":1,"srcode":"23-32966","admin_name":"Admin User","email":"23-32966@g.batstate-u.edu.ph","is_super_admin":true,"usertype":"user","student_id":1,"student_name":"Lourence Reguis","course_id":1,"section":"2201"}
[12-May-2025 04:54:55 Europe/Berlin] Session already active in TokenHandler. Session ID: ghk21qhjfdnf2kguelb4131ud3
[12-May-2025 04:54:55 Europe/Berlin] Current session data: {"csrf_token":"205e0d8edee6d2be832a3fe09c875fd579d30535c2e061b1286255502cd9ad50","csrf_token_time":1747017198,"admin_id":1,"srcode":"23-32966","admin_name":"Admin User","email":"23-32966@g.batstate-u.edu.ph","is_super_admin":true,"usertype":"user","student_id":1,"student_name":"Lourence Reguis","course_id":1,"section":"2201"}
[12-May-2025 04:55:11 Europe/Berlin] Starting CSRF validation for action: addCompany
[12-May-2025 04:55:11 Europe/Berlin] Received token: 205e0d8edee6d2be832a3fe09c875fd579d30535c2e061b1286255502cd9ad50
[12-May-2025 04:55:11 Europe/Berlin] Current session status: 2
[12-May-2025 04:55:11 Europe/Berlin] Session ID: ghk21qhjfdnf2kguelb4131ud3
[12-May-2025 04:55:11 Europe/Berlin] Session already active in TokenHandler. Session ID: ghk21qhjfdnf2kguelb4131ud3
[12-May-2025 04:55:11 Europe/Berlin] Current session data: {"csrf_token":"205e0d8edee6d2be832a3fe09c875fd579d30535c2e061b1286255502cd9ad50","csrf_token_time":1747017198,"admin_id":1,"srcode":"23-32966","admin_name":"Admin User","email":"23-32966@g.batstate-u.edu.ph","is_super_admin":true,"usertype":"user","student_id":1,"student_name":"Lourence Reguis","course_id":1,"section":"2201"}
[12-May-2025 04:55:11 Europe/Berlin] CSRF validation successful for action: addCompany
[12-May-2025 04:55:11 Europe/Berlin] Session already active in TokenHandler. Session ID: ghk21qhjfdnf2kguelb4131ud3
[12-May-2025 04:55:11 Europe/Berlin] Current session data: {"csrf_token":"205e0d8edee6d2be832a3fe09c875fd579d30535c2e061b1286255502cd9ad50","csrf_token_time":1747017198,"admin_id":1,"srcode":"23-32966","admin_name":"Admin User","email":"23-32966@g.batstate-u.edu.ph","is_super_admin":true,"usertype":"user","student_id":1,"student_name":"Lourence Reguis","course_id":1,"section":"2201"}
[12-May-2025 04:55:13 Europe/Berlin] Session already active in TokenHandler. Session ID: ghk21qhjfdnf2kguelb4131ud3
[12-May-2025 04:55:13 Europe/Berlin] Current session data: {"csrf_token":"205e0d8edee6d2be832a3fe09c875fd579d30535c2e061b1286255502cd9ad50","csrf_token_time":1747017198,"admin_id":1,"srcode":"23-32966","admin_name":"Admin User","email":"23-32966@g.batstate-u.edu.ph","is_super_admin":true,"usertype":"user","student_id":1,"student_name":"Lourence Reguis","course_id":1,"section":"2201"}
[12-May-2025 04:55:13 Europe/Berlin] Session already active in TokenHandler. Session ID: ghk21qhjfdnf2kguelb4131ud3
[12-May-2025 04:55:13 Europe/Berlin] Current session data: {"csrf_token":"205e0d8edee6d2be832a3fe09c875fd579d30535c2e061b1286255502cd9ad50","csrf_token_time":1747017198,"admin_id":1,"srcode":"23-32966","admin_name":"Admin User","email":"23-32966@g.batstate-u.edu.ph","is_super_admin":true,"usertype":"user","student_id":1,"student_name":"Lourence Reguis","course_id":1,"section":"2201"}
[12-May-2025 04:55:13 Europe/Berlin] Session already active in TokenHandler. Session ID: ghk21qhjfdnf2kguelb4131ud3
[12-May-2025 04:55:13 Europe/Berlin] Current session data: {"csrf_token":"205e0d8edee6d2be832a3fe09c875fd579d30535c2e061b1286255502cd9ad50","csrf_token_time":1747017198,"admin_id":1,"srcode":"23-32966","admin_name":"Admin User","email":"23-32966@g.batstate-u.edu.ph","is_super_admin":true,"usertype":"user","student_id":1,"student_name":"Lourence Reguis","course_id":1,"section":"2201"}
[12-May-2025 04:55:13 Europe/Berlin] Session already active in TokenHandler. Session ID: ghk21qhjfdnf2kguelb4131ud3
[12-May-2025 04:55:13 Europe/Berlin] Current session data: {"csrf_token":"205e0d8edee6d2be832a3fe09c875fd579d30535c2e061b1286255502cd9ad50","csrf_token_time":1747017198,"admin_id":1,"srcode":"23-32966","admin_name":"Admin User","email":"23-32966@g.batstate-u.edu.ph","is_super_admin":true,"usertype":"user","student_id":1,"student_name":"Lourence Reguis","course_id":1,"section":"2201"}
[12-May-2025 04:55:14 Europe/Berlin] Session already active in TokenHandler. Session ID: ghk21qhjfdnf2kguelb4131ud3
[12-May-2025 04:55:14 Europe/Berlin] Current session data: {"csrf_token":"205e0d8edee6d2be832a3fe09c875fd579d30535c2e061b1286255502cd9ad50","csrf_token_time":1747017198,"admin_id":1,"srcode":"23-32966","admin_name":"Admin User","email":"23-32966@g.batstate-u.edu.ph","is_super_admin":true,"usertype":"user","student_id":1,"student_name":"Lourence Reguis","course_id":1,"section":"2201"}
[12-May-2025 04:55:14 Europe/Berlin] Session already active in TokenHandler. Session ID: ghk21qhjfdnf2kguelb4131ud3
[12-May-2025 04:55:14 Europe/Berlin] Current session data: {"csrf_token":"205e0d8edee6d2be832a3fe09c875fd579d30535c2e061b1286255502cd9ad50","csrf_token_time":1747017198,"admin_id":1,"srcode":"23-32966","admin_name":"Admin User","email":"23-32966@g.batstate-u.edu.ph","is_super_admin":true,"usertype":"user","student_id":1,"student_name":"Lourence Reguis","course_id":1,"section":"2201"}
[12-May-2025 04:55:14 Europe/Berlin] Session already active in TokenHandler. Session ID: ghk21qhjfdnf2kguelb4131ud3
[12-May-2025 04:55:14 Europe/Berlin] Current session data: {"csrf_token":"205e0d8edee6d2be832a3fe09c875fd579d30535c2e061b1286255502cd9ad50","csrf_token_time":1747017198,"admin_id":1,"srcode":"23-32966","admin_name":"Admin User","email":"23-32966@g.batstate-u.edu.ph","is_super_admin":true,"usertype":"user","student_id":1,"student_name":"Lourence Reguis","course_id":1,"section":"2201"}
[12-May-2025 04:55:14 Europe/Berlin] Session already active in TokenHandler. Session ID: ghk21qhjfdnf2kguelb4131ud3
[12-May-2025 04:55:14 Europe/Berlin] Current session data: {"csrf_token":"205e0d8edee6d2be832a3fe09c875fd579d30535c2e061b1286255502cd9ad50","csrf_token_time":1747017198,"admin_id":1,"srcode":"23-32966","admin_name":"Admin User","email":"23-32966@g.batstate-u.edu.ph","is_super_admin":true,"usertype":"user","student_id":1,"student_name":"Lourence Reguis","course_id":1,"section":"2201"}
[12-May-2025 04:55:48 Europe/Berlin] Starting CSRF validation for action: addJobListing
[12-May-2025 04:55:48 Europe/Berlin] Received token: 205e0d8edee6d2be832a3fe09c875fd579d30535c2e061b1286255502cd9ad50
[12-May-2025 04:55:48 Europe/Berlin] Current session status: 2
[12-May-2025 04:55:48 Europe/Berlin] Session ID: ghk21qhjfdnf2kguelb4131ud3
[12-May-2025 04:55:48 Europe/Berlin] Session already active in TokenHandler. Session ID: ghk21qhjfdnf2kguelb4131ud3
[12-May-2025 04:55:48 Europe/Berlin] Current session data: {"csrf_token":"205e0d8edee6d2be832a3fe09c875fd579d30535c2e061b1286255502cd9ad50","csrf_token_time":1747017198,"admin_id":1,"srcode":"23-32966","admin_name":"Admin User","email":"23-32966@g.batstate-u.edu.ph","is_super_admin":true,"usertype":"user","student_id":1,"student_name":"Lourence Reguis","course_id":1,"section":"2201"}
[12-May-2025 04:55:48 Europe/Berlin] CSRF validation successful for action: addJobListing
[12-May-2025 04:55:48 Europe/Berlin] Session already active in TokenHandler. Session ID: ghk21qhjfdnf2kguelb4131ud3
[12-May-2025 04:55:48 Europe/Berlin] Current session data: {"csrf_token":"205e0d8edee6d2be832a3fe09c875fd579d30535c2e061b1286255502cd9ad50","csrf_token_time":1747017198,"admin_id":1,"srcode":"23-32966","admin_name":"Admin User","email":"23-32966@g.batstate-u.edu.ph","is_super_admin":true,"usertype":"user","student_id":1,"student_name":"Lourence Reguis","course_id":1,"section":"2201"}
[12-May-2025 04:55:50 Europe/Berlin] Session already active in TokenHandler. Session ID: ghk21qhjfdnf2kguelb4131ud3
[12-May-2025 04:55:50 Europe/Berlin] Current session data: {"csrf_token":"205e0d8edee6d2be832a3fe09c875fd579d30535c2e061b1286255502cd9ad50","csrf_token_time":1747017198,"admin_id":1,"srcode":"23-32966","admin_name":"Admin User","email":"23-32966@g.batstate-u.edu.ph","is_super_admin":true,"usertype":"user","student_id":1,"student_name":"Lourence Reguis","course_id":1,"section":"2201"}
[12-May-2025 04:55:50 Europe/Berlin] Session already active in TokenHandler. Session ID: ghk21qhjfdnf2kguelb4131ud3
[12-May-2025 04:55:50 Europe/Berlin] Current session data: {"csrf_token":"205e0d8edee6d2be832a3fe09c875fd579d30535c2e061b1286255502cd9ad50","csrf_token_time":1747017198,"admin_id":1,"srcode":"23-32966","admin_name":"Admin User","email":"23-32966@g.batstate-u.edu.ph","is_super_admin":true,"usertype":"user","student_id":1,"student_name":"Lourence Reguis","course_id":1,"section":"2201"}
[12-May-2025 04:55:50 Europe/Berlin] Session already active in TokenHandler. Session ID: ghk21qhjfdnf2kguelb4131ud3
[12-May-2025 04:55:50 Europe/Berlin] Current session data: {"csrf_token":"205e0d8edee6d2be832a3fe09c875fd579d30535c2e061b1286255502cd9ad50","csrf_token_time":1747017198,"admin_id":1,"srcode":"23-32966","admin_name":"Admin User","email":"23-32966@g.batstate-u.edu.ph","is_super_admin":true,"usertype":"user","student_id":1,"student_name":"Lourence Reguis","course_id":1,"section":"2201"}
[12-May-2025 04:55:50 Europe/Berlin] Session already active in TokenHandler. Session ID: ghk21qhjfdnf2kguelb4131ud3
[12-May-2025 04:55:50 Europe/Berlin] Current session data: {"csrf_token":"205e0d8edee6d2be832a3fe09c875fd579d30535c2e061b1286255502cd9ad50","csrf_token_time":1747017198,"admin_id":1,"srcode":"23-32966","admin_name":"Admin User","email":"23-32966@g.batstate-u.edu.ph","is_super_admin":true,"usertype":"user","student_id":1,"student_name":"Lourence Reguis","course_id":1,"section":"2201"}
[12-May-2025 04:55:54 Europe/Berlin] Session already active in TokenHandler. Session ID: ghk21qhjfdnf2kguelb4131ud3
[12-May-2025 04:55:54 Europe/Berlin] Current session data: {"csrf_token":"205e0d8edee6d2be832a3fe09c875fd579d30535c2e061b1286255502cd9ad50","csrf_token_time":1747017198,"admin_id":1,"srcode":"23-32966","admin_name":"Admin User","email":"23-32966@g.batstate-u.edu.ph","is_super_admin":true,"usertype":"user","student_id":1,"student_name":"Lourence Reguis","course_id":1,"section":"2201"}
[12-May-2025 04:55:55 Europe/Berlin] Session already active in TokenHandler. Session ID: ghk21qhjfdnf2kguelb4131ud3
[12-May-2025 04:55:55 Europe/Berlin] Current session data: {"csrf_token":"205e0d8edee6d2be832a3fe09c875fd579d30535c2e061b1286255502cd9ad50","csrf_token_time":1747017198,"admin_id":1,"srcode":"23-32966","admin_name":"Admin User","email":"23-32966@g.batstate-u.edu.ph","is_super_admin":true,"usertype":"user","student_id":1,"student_name":"Lourence Reguis","course_id":1,"section":"2201"}
[12-May-2025 04:55:57 Europe/Berlin] Starting CSRF validation for action: applyForJob
[12-May-2025 04:55:57 Europe/Berlin] Received token: 205e0d8edee6d2be832a3fe09c875fd579d30535c2e061b1286255502cd9ad50
[12-May-2025 04:55:57 Europe/Berlin] Current session status: 2
[12-May-2025 04:55:57 Europe/Berlin] Session ID: ghk21qhjfdnf2kguelb4131ud3
[12-May-2025 04:55:57 Europe/Berlin] Session already active in TokenHandler. Session ID: ghk21qhjfdnf2kguelb4131ud3
[12-May-2025 04:55:57 Europe/Berlin] Current session data: {"csrf_token":"205e0d8edee6d2be832a3fe09c875fd579d30535c2e061b1286255502cd9ad50","csrf_token_time":1747017198,"admin_id":1,"srcode":"23-32966","admin_name":"Admin User","email":"23-32966@g.batstate-u.edu.ph","is_super_admin":true,"usertype":"user","student_id":1,"student_name":"Lourence Reguis","course_id":1,"section":"2201"}
[12-May-2025 04:55:57 Europe/Berlin] CSRF validation successful for action: applyForJob
[12-May-2025 04:55:57 Europe/Berlin] Please upload your resume before applying
[12-May-2025 05:05:22 Europe/Berlin] Session already active in TokenHandler. Session ID: ghk21qhjfdnf2kguelb4131ud3
[12-May-2025 05:05:22 Europe/Berlin] Current session data: []
[12-May-2025 05:05:22 Europe/Berlin] Session already active in TokenHandler. Session ID: ghk21qhjfdnf2kguelb4131ud3
[12-May-2025 05:05:22 Europe/Berlin] Current session data: {"csrf_token":"4f8849ed06f1571a07113b6249d6fcee33f7db0803797d908ada28c1f547ba1b","csrf_token_time":1747019122}
[12-May-2025 05:05:25 Europe/Berlin] Session already active in TokenHandler. Session ID: ghk21qhjfdnf2kguelb4131ud3
[12-May-2025 05:05:25 Europe/Berlin] Current session data: {"csrf_token":"4f8849ed06f1571a07113b6249d6fcee33f7db0803797d908ada28c1f547ba1b","csrf_token_time":1747019122}
[12-May-2025 05:05:25 Europe/Berlin] Session already active in TokenHandler. Session ID: ghk21qhjfdnf2kguelb4131ud3
[12-May-2025 05:05:25 Europe/Berlin] Current session data: {"csrf_token":"4f8849ed06f1571a07113b6249d6fcee33f7db0803797d908ada28c1f547ba1b","csrf_token_time":1747019122}
[12-May-2025 05:05:34 Europe/Berlin] Session already active in TokenHandler. Session ID: ghk21qhjfdnf2kguelb4131ud3
[12-May-2025 05:05:34 Europe/Berlin] Current session data: {"csrf_token":"4f8849ed06f1571a07113b6249d6fcee33f7db0803797d908ada28c1f547ba1b","csrf_token_time":1747019122}
[12-May-2025 05:05:34 Europe/Berlin] Session already active in TokenHandler. Session ID: ghk21qhjfdnf2kguelb4131ud3
[12-May-2025 05:05:34 Europe/Berlin] Current session data: {"csrf_token":"4f8849ed06f1571a07113b6249d6fcee33f7db0803797d908ada28c1f547ba1b","csrf_token_time":1747019122}
[12-May-2025 05:05:34 Europe/Berlin] Session already active in TokenHandler. Session ID: ghk21qhjfdnf2kguelb4131ud3
[12-May-2025 05:05:34 Europe/Berlin] Current session data: {"csrf_token":"4f8849ed06f1571a07113b6249d6fcee33f7db0803797d908ada28c1f547ba1b","csrf_token_time":1747019122}
[12-May-2025 05:06:33 Europe/Berlin] Session already active in TokenHandler. Session ID: ghk21qhjfdnf2kguelb4131ud3
[12-May-2025 05:06:34 Europe/Berlin] Current session data: {"csrf_token":"4f8849ed06f1571a07113b6249d6fcee33f7db0803797d908ada28c1f547ba1b","csrf_token_time":1747019122}
[12-May-2025 05:06:34 Europe/Berlin] Session already active in TokenHandler. Session ID: ghk21qhjfdnf2kguelb4131ud3
[12-May-2025 05:06:34 Europe/Berlin] Current session data: {"csrf_token":"4f8849ed06f1571a07113b6249d6fcee33f7db0803797d908ada28c1f547ba1b","csrf_token_time":1747019122}
[12-May-2025 05:06:34 Europe/Berlin] Session already active in TokenHandler. Session ID: ghk21qhjfdnf2kguelb4131ud3
[12-May-2025 05:06:34 Europe/Berlin] Current session data: {"csrf_token":"4f8849ed06f1571a07113b6249d6fcee33f7db0803797d908ada28c1f547ba1b","csrf_token_time":1747019122}
[12-May-2025 05:06:57 Europe/Berlin] Session already active in TokenHandler. Session ID: ghk21qhjfdnf2kguelb4131ud3
[12-May-2025 05:06:57 Europe/Berlin] Current session data: {"csrf_token":"4f8849ed06f1571a07113b6249d6fcee33f7db0803797d908ada28c1f547ba1b","csrf_token_time":1747019122}
[12-May-2025 05:06:57 Europe/Berlin] Session already active in TokenHandler. Session ID: ghk21qhjfdnf2kguelb4131ud3
[12-May-2025 05:06:57 Europe/Berlin] Current session data: {"csrf_token":"4f8849ed06f1571a07113b6249d6fcee33f7db0803797d908ada28c1f547ba1b","csrf_token_time":1747019122}
[12-May-2025 05:06:59 Europe/Berlin] Session already active in TokenHandler. Session ID: ghk21qhjfdnf2kguelb4131ud3
[12-May-2025 05:06:59 Europe/Berlin] Current session data: {"csrf_token":"4f8849ed06f1571a07113b6249d6fcee33f7db0803797d908ada28c1f547ba1b","csrf_token_time":1747019122}
[12-May-2025 05:06:59 Europe/Berlin] Session already active in TokenHandler. Session ID: ghk21qhjfdnf2kguelb4131ud3
[12-May-2025 05:06:59 Europe/Berlin] Current session data: {"csrf_token":"4f8849ed06f1571a07113b6249d6fcee33f7db0803797d908ada28c1f547ba1b","csrf_token_time":1747019122}
[12-May-2025 05:06:59 Europe/Berlin] Session already active in TokenHandler. Session ID: ghk21qhjfdnf2kguelb4131ud3
[12-May-2025 05:06:59 Europe/Berlin] Current session data: {"csrf_token":"4f8849ed06f1571a07113b6249d6fcee33f7db0803797d908ada28c1f547ba1b","csrf_token_time":1747019122}
[12-May-2025 05:07:02 Europe/Berlin] Session already active in TokenHandler. Session ID: ghk21qhjfdnf2kguelb4131ud3
[12-May-2025 05:07:02 Europe/Berlin] Current session data: {"csrf_token":"4f8849ed06f1571a07113b6249d6fcee33f7db0803797d908ada28c1f547ba1b","csrf_token_time":1747019122}
[12-May-2025 05:07:02 Europe/Berlin] Session already active in TokenHandler. Session ID: ghk21qhjfdnf2kguelb4131ud3
[12-May-2025 05:07:02 Europe/Berlin] Current session data: {"csrf_token":"4f8849ed06f1571a07113b6249d6fcee33f7db0803797d908ada28c1f547ba1b","csrf_token_time":1747019122}
[12-May-2025 05:07:03 Europe/Berlin] Session already active in TokenHandler. Session ID: ghk21qhjfdnf2kguelb4131ud3
[12-May-2025 05:07:03 Europe/Berlin] Current session data: {"csrf_token":"4f8849ed06f1571a07113b6249d6fcee33f7db0803797d908ada28c1f547ba1b","csrf_token_time":1747019122}
[12-May-2025 05:07:03 Europe/Berlin] Session already active in TokenHandler. Session ID: ghk21qhjfdnf2kguelb4131ud3
[12-May-2025 05:07:03 Europe/Berlin] Current session data: {"csrf_token":"4f8849ed06f1571a07113b6249d6fcee33f7db0803797d908ada28c1f547ba1b","csrf_token_time":1747019122}
[12-May-2025 05:07:04 Europe/Berlin] Session already active in TokenHandler. Session ID: ghk21qhjfdnf2kguelb4131ud3
[12-May-2025 05:07:04 Europe/Berlin] Current session data: {"csrf_token":"4f8849ed06f1571a07113b6249d6fcee33f7db0803797d908ada28c1f547ba1b","csrf_token_time":1747019122}
[12-May-2025 05:07:04 Europe/Berlin] Session already active in TokenHandler. Session ID: ghk21qhjfdnf2kguelb4131ud3
[12-May-2025 05:07:04 Europe/Berlin] Current session data: {"csrf_token":"4f8849ed06f1571a07113b6249d6fcee33f7db0803797d908ada28c1f547ba1b","csrf_token_time":1747019122}
[12-May-2025 05:07:04 Europe/Berlin] Session already active in TokenHandler. Session ID: ghk21qhjfdnf2kguelb4131ud3
[12-May-2025 05:07:04 Europe/Berlin] Current session data: {"csrf_token":"4f8849ed06f1571a07113b6249d6fcee33f7db0803797d908ada28c1f547ba1b","csrf_token_time":1747019122}
[12-May-2025 05:07:04 Europe/Berlin] Session already active in TokenHandler. Session ID: ghk21qhjfdnf2kguelb4131ud3
[12-May-2025 05:07:04 Europe/Berlin] Current session data: {"csrf_token":"4f8849ed06f1571a07113b6249d6fcee33f7db0803797d908ada28c1f547ba1b","csrf_token_time":1747019122}
[12-May-2025 05:07:05 Europe/Berlin] Session already active in TokenHandler. Session ID: ghk21qhjfdnf2kguelb4131ud3
[12-May-2025 05:07:05 Europe/Berlin] Current session data: {"csrf_token":"4f8849ed06f1571a07113b6249d6fcee33f7db0803797d908ada28c1f547ba1b","csrf_token_time":1747019122}
[12-May-2025 05:07:05 Europe/Berlin] Session already active in TokenHandler. Session ID: ghk21qhjfdnf2kguelb4131ud3
[12-May-2025 05:07:05 Europe/Berlin] Current session data: {"csrf_token":"4f8849ed06f1571a07113b6249d6fcee33f7db0803797d908ada28c1f547ba1b","csrf_token_time":1747019122}
[12-May-2025 05:07:05 Europe/Berlin] Session already active in TokenHandler. Session ID: ghk21qhjfdnf2kguelb4131ud3
[12-May-2025 05:07:05 Europe/Berlin] Current session data: {"csrf_token":"4f8849ed06f1571a07113b6249d6fcee33f7db0803797d908ada28c1f547ba1b","csrf_token_time":1747019122}
[12-May-2025 05:07:05 Europe/Berlin] Session already active in TokenHandler. Session ID: ghk21qhjfdnf2kguelb4131ud3
[12-May-2025 05:07:05 Europe/Berlin] Current session data: {"csrf_token":"4f8849ed06f1571a07113b6249d6fcee33f7db0803797d908ada28c1f547ba1b","csrf_token_time":1747019122}
[12-May-2025 05:07:05 Europe/Berlin] Session already active in TokenHandler. Session ID: ghk21qhjfdnf2kguelb4131ud3
[12-May-2025 05:07:05 Europe/Berlin] Current session data: {"csrf_token":"4f8849ed06f1571a07113b6249d6fcee33f7db0803797d908ada28c1f547ba1b","csrf_token_time":1747019122}
[12-May-2025 05:07:09 Europe/Berlin] Session already active in TokenHandler. Session ID: ghk21qhjfdnf2kguelb4131ud3
[12-May-2025 05:07:09 Europe/Berlin] Current session data: {"csrf_token":"4f8849ed06f1571a07113b6249d6fcee33f7db0803797d908ada28c1f547ba1b","csrf_token_time":1747019122}
[12-May-2025 05:07:09 Europe/Berlin] Session already active in TokenHandler. Session ID: ghk21qhjfdnf2kguelb4131ud3
[12-May-2025 05:07:09 Europe/Berlin] Current session data: {"csrf_token":"4f8849ed06f1571a07113b6249d6fcee33f7db0803797d908ada28c1f547ba1b","csrf_token_time":1747019122}
[12-May-2025 05:07:15 Europe/Berlin] Session already active in TokenHandler. Session ID: ghk21qhjfdnf2kguelb4131ud3
[12-May-2025 05:07:15 Europe/Berlin] Current session data: {"csrf_token":"4f8849ed06f1571a07113b6249d6fcee33f7db0803797d908ada28c1f547ba1b","csrf_token_time":1747019122}
[12-May-2025 05:07:15 Europe/Berlin] Session already active in TokenHandler. Session ID: ghk21qhjfdnf2kguelb4131ud3
[12-May-2025 05:07:15 Europe/Berlin] Current session data: {"csrf_token":"4f8849ed06f1571a07113b6249d6fcee33f7db0803797d908ada28c1f547ba1b","csrf_token_time":1747019122}
[12-May-2025 05:07:17 Europe/Berlin] Session already active in TokenHandler. Session ID: ghk21qhjfdnf2kguelb4131ud3
[12-May-2025 05:07:17 Europe/Berlin] Current session data: {"csrf_token":"4f8849ed06f1571a07113b6249d6fcee33f7db0803797d908ada28c1f547ba1b","csrf_token_time":1747019122}
[12-May-2025 05:07:17 Europe/Berlin] Session already active in TokenHandler. Session ID: ghk21qhjfdnf2kguelb4131ud3
[12-May-2025 05:07:17 Europe/Berlin] Current session data: {"csrf_token":"4f8849ed06f1571a07113b6249d6fcee33f7db0803797d908ada28c1f547ba1b","csrf_token_time":1747019122}
[12-May-2025 05:07:21 Europe/Berlin] Session already active in TokenHandler. Session ID: ghk21qhjfdnf2kguelb4131ud3
[12-May-2025 05:07:21 Europe/Berlin] Current session data: {"csrf_token":"4f8849ed06f1571a07113b6249d6fcee33f7db0803797d908ada28c1f547ba1b","csrf_token_time":1747019122}
[12-May-2025 05:07:21 Europe/Berlin] Session already active in TokenHandler. Session ID: ghk21qhjfdnf2kguelb4131ud3
[12-May-2025 05:07:21 Europe/Berlin] Current session data: {"csrf_token":"4f8849ed06f1571a07113b6249d6fcee33f7db0803797d908ada28c1f547ba1b","csrf_token_time":1747019122}
[12-May-2025 05:07:22 Europe/Berlin] Session already active in TokenHandler. Session ID: ghk21qhjfdnf2kguelb4131ud3
[12-May-2025 05:07:22 Europe/Berlin] Current session data: {"csrf_token":"4f8849ed06f1571a07113b6249d6fcee33f7db0803797d908ada28c1f547ba1b","csrf_token_time":1747019122}
[12-May-2025 05:08:01 Europe/Berlin] Session already active in TokenHandler. Session ID: ghk21qhjfdnf2kguelb4131ud3
[12-May-2025 05:08:01 Europe/Berlin] Current session data: {"csrf_token":"dcdba7dd24d0229b7a178351ab6464f62ea95391ea5ad3e254b978c1aaaa46c4","csrf_token_time":1747019122}
[12-May-2025 05:08:01 Europe/Berlin] Session already active in TokenHandler. Session ID: ghk21qhjfdnf2kguelb4131ud3
[12-May-2025 05:08:01 Europe/Berlin] Current session data: {"csrf_token":"dcdba7dd24d0229b7a178351ab6464f62ea95391ea5ad3e254b978c1aaaa46c4","csrf_token_time":1747019122}
[12-May-2025 05:08:50 Europe/Berlin] Session already active in TokenHandler. Session ID: ghk21qhjfdnf2kguelb4131ud3
[12-May-2025 05:08:50 Europe/Berlin] Current session data: {"csrf_token":"dcdba7dd24d0229b7a178351ab6464f62ea95391ea5ad3e254b978c1aaaa46c4","csrf_token_time":1747019122}
[12-May-2025 05:08:50 Europe/Berlin] Session already active in TokenHandler. Session ID: ghk21qhjfdnf2kguelb4131ud3
[12-May-2025 05:08:50 Europe/Berlin] Current session data: {"csrf_token":"dcdba7dd24d0229b7a178351ab6464f62ea95391ea5ad3e254b978c1aaaa46c4","csrf_token_time":1747019122}
[12-May-2025 05:08:53 Europe/Berlin] Session already active in TokenHandler. Session ID: ghk21qhjfdnf2kguelb4131ud3
[12-May-2025 05:08:53 Europe/Berlin] Current session data: {"csrf_token":"dcdba7dd24d0229b7a178351ab6464f62ea95391ea5ad3e254b978c1aaaa46c4","csrf_token_time":1747019122}
[12-May-2025 05:08:53 Europe/Berlin] Session already active in TokenHandler. Session ID: ghk21qhjfdnf2kguelb4131ud3
[12-May-2025 05:08:53 Europe/Berlin] Current session data: {"csrf_token":"dcdba7dd24d0229b7a178351ab6464f62ea95391ea5ad3e254b978c1aaaa46c4","csrf_token_time":1747019122}
[12-May-2025 05:08:53 Europe/Berlin] Session already active in TokenHandler. Session ID: ghk21qhjfdnf2kguelb4131ud3
[12-May-2025 05:08:53 Europe/Berlin] Current session data: {"csrf_token":"dcdba7dd24d0229b7a178351ab6464f62ea95391ea5ad3e254b978c1aaaa46c4","csrf_token_time":1747019122}
[12-May-2025 05:08:53 Europe/Berlin] Session already active in TokenHandler. Session ID: ghk21qhjfdnf2kguelb4131ud3
[12-May-2025 05:08:53 Europe/Berlin] Current session data: {"csrf_token":"dcdba7dd24d0229b7a178351ab6464f62ea95391ea5ad3e254b978c1aaaa46c4","csrf_token_time":1747019122}
[12-May-2025 05:08:54 Europe/Berlin] Session already active in TokenHandler. Session ID: ghk21qhjfdnf2kguelb4131ud3
[12-May-2025 05:08:54 Europe/Berlin] Current session data: {"csrf_token":"dcdba7dd24d0229b7a178351ab6464f62ea95391ea5ad3e254b978c1aaaa46c4","csrf_token_time":1747019122}
[12-May-2025 05:08:55 Europe/Berlin] Session already active in TokenHandler. Session ID: ghk21qhjfdnf2kguelb4131ud3
[12-May-2025 05:08:55 Europe/Berlin] Current session data: {"csrf_token":"dcdba7dd24d0229b7a178351ab6464f62ea95391ea5ad3e254b978c1aaaa46c4","csrf_token_time":1747019122}
[12-May-2025 05:08:55 Europe/Berlin] Session already active in TokenHandler. Session ID: ghk21qhjfdnf2kguelb4131ud3
[12-May-2025 05:08:55 Europe/Berlin] Current session data: {"csrf_token":"dcdba7dd24d0229b7a178351ab6464f62ea95391ea5ad3e254b978c1aaaa46c4","csrf_token_time":1747019122}
[12-May-2025 05:08:55 Europe/Berlin] Session already active in TokenHandler. Session ID: ghk21qhjfdnf2kguelb4131ud3
[12-May-2025 05:08:55 Europe/Berlin] Current session data: {"csrf_token":"dcdba7dd24d0229b7a178351ab6464f62ea95391ea5ad3e254b978c1aaaa46c4","csrf_token_time":1747019122}
[12-May-2025 05:09:14 Europe/Berlin] Session already active in TokenHandler. Session ID: ghk21qhjfdnf2kguelb4131ud3
[12-May-2025 05:09:14 Europe/Berlin] Current session data: {"csrf_token":"dcdba7dd24d0229b7a178351ab6464f62ea95391ea5ad3e254b978c1aaaa46c4","csrf_token_time":1747019122}
[12-May-2025 05:09:14 Europe/Berlin] Session already active in TokenHandler. Session ID: ghk21qhjfdnf2kguelb4131ud3
[12-May-2025 05:09:14 Europe/Berlin] Current session data: {"csrf_token":"dcdba7dd24d0229b7a178351ab6464f62ea95391ea5ad3e254b978c1aaaa46c4","csrf_token_time":1747019122}
[12-May-2025 05:09:23 Europe/Berlin] Session already active in TokenHandler. Session ID: ghk21qhjfdnf2kguelb4131ud3
[12-May-2025 05:09:23 Europe/Berlin] Current session data: {"csrf_token":"dcdba7dd24d0229b7a178351ab6464f62ea95391ea5ad3e254b978c1aaaa46c4","csrf_token_time":1747019122,"admin_id":1,"srcode":"21-00001","admin_name":"Admin User","email":"admin@admin.com","is_super_admin":true,"usertype":"admin"}
[12-May-2025 05:09:23 Europe/Berlin] Session already active in TokenHandler. Session ID: ghk21qhjfdnf2kguelb4131ud3
[12-May-2025 05:09:23 Europe/Berlin] Current session data: {"csrf_token":"dcdba7dd24d0229b7a178351ab6464f62ea95391ea5ad3e254b978c1aaaa46c4","csrf_token_time":1747019122,"admin_id":1,"srcode":"21-00001","admin_name":"Admin User","email":"admin@admin.com","is_super_admin":true,"usertype":"admin"}
[12-May-2025 05:09:25 Europe/Berlin] Session already active in TokenHandler. Session ID: ghk21qhjfdnf2kguelb4131ud3
[12-May-2025 05:09:25 Europe/Berlin] Current session data: {"csrf_token":"dcdba7dd24d0229b7a178351ab6464f62ea95391ea5ad3e254b978c1aaaa46c4","csrf_token_time":1747019122,"admin_id":1,"srcode":"21-00001","admin_name":"Admin User","email":"admin@admin.com","is_super_admin":true,"usertype":"admin"}
[12-May-2025 05:09:25 Europe/Berlin] Session already active in TokenHandler. Session ID: ghk21qhjfdnf2kguelb4131ud3
[12-May-2025 05:09:25 Europe/Berlin] Current session data: {"csrf_token":"dcdba7dd24d0229b7a178351ab6464f62ea95391ea5ad3e254b978c1aaaa46c4","csrf_token_time":1747019122,"admin_id":1,"srcode":"21-00001","admin_name":"Admin User","email":"admin@admin.com","is_super_admin":true,"usertype":"admin"}
[12-May-2025 05:09:26 Europe/Berlin] Session already active in TokenHandler. Session ID: ghk21qhjfdnf2kguelb4131ud3
[12-May-2025 05:09:26 Europe/Berlin] Current session data: {"csrf_token":"dcdba7dd24d0229b7a178351ab6464f62ea95391ea5ad3e254b978c1aaaa46c4","csrf_token_time":1747019122,"admin_id":1,"srcode":"21-00001","admin_name":"Admin User","email":"admin@admin.com","is_super_admin":true,"usertype":"admin"}
[12-May-2025 05:09:26 Europe/Berlin] Session already active in TokenHandler. Session ID: ghk21qhjfdnf2kguelb4131ud3
[12-May-2025 05:09:26 Europe/Berlin] Current session data: {"csrf_token":"dcdba7dd24d0229b7a178351ab6464f62ea95391ea5ad3e254b978c1aaaa46c4","csrf_token_time":1747019122,"admin_id":1,"srcode":"21-00001","admin_name":"Admin User","email":"admin@admin.com","is_super_admin":true,"usertype":"admin"}
[12-May-2025 05:09:26 Europe/Berlin] Session already active in TokenHandler. Session ID: ghk21qhjfdnf2kguelb4131ud3
[12-May-2025 05:09:26 Europe/Berlin] Current session data: {"csrf_token":"dcdba7dd24d0229b7a178351ab6464f62ea95391ea5ad3e254b978c1aaaa46c4","csrf_token_time":1747019122,"admin_id":1,"srcode":"21-00001","admin_name":"Admin User","email":"admin@admin.com","is_super_admin":true,"usertype":"admin"}
[12-May-2025 05:09:26 Europe/Berlin] Session already active in TokenHandler. Session ID: ghk21qhjfdnf2kguelb4131ud3
[12-May-2025 05:09:26 Europe/Berlin] Current session data: {"csrf_token":"dcdba7dd24d0229b7a178351ab6464f62ea95391ea5ad3e254b978c1aaaa46c4","csrf_token_time":1747019122,"admin_id":1,"srcode":"21-00001","admin_name":"Admin User","email":"admin@admin.com","is_super_admin":true,"usertype":"admin"}
[12-May-2025 05:09:38 Europe/Berlin] Session already active in TokenHandler. Session ID: ghk21qhjfdnf2kguelb4131ud3
[12-May-2025 05:09:38 Europe/Berlin] Current session data: {"csrf_token":"dcdba7dd24d0229b7a178351ab6464f62ea95391ea5ad3e254b978c1aaaa46c4","csrf_token_time":1747019122,"admin_id":1,"srcode":"21-00001","admin_name":"Admin User","email":"admin@admin.com","is_super_admin":true,"usertype":"admin"}
[12-May-2025 05:10:03 Europe/Berlin] Session already active in TokenHandler. Session ID: ghk21qhjfdnf2kguelb4131ud3
[12-May-2025 05:10:03 Europe/Berlin] Current session data: {"csrf_token":"dcdba7dd24d0229b7a178351ab6464f62ea95391ea5ad3e254b978c1aaaa46c4","csrf_token_time":1747019122,"admin_id":1,"srcode":"21-00001","admin_name":"Admin User","email":"admin@admin.com","is_super_admin":true,"usertype":"admin"}
[12-May-2025 05:10:03 Europe/Berlin] Session already active in TokenHandler. Session ID: ghk21qhjfdnf2kguelb4131ud3
[12-May-2025 05:10:03 Europe/Berlin] Current session data: {"csrf_token":"dcdba7dd24d0229b7a178351ab6464f62ea95391ea5ad3e254b978c1aaaa46c4","csrf_token_time":1747019122,"admin_id":1,"srcode":"21-00001","admin_name":"Admin User","email":"admin@admin.com","is_super_admin":true,"usertype":"admin"}
[12-May-2025 05:10:05 Europe/Berlin] Session already active in TokenHandler. Session ID: ghk21qhjfdnf2kguelb4131ud3
[12-May-2025 05:10:05 Europe/Berlin] Current session data: {"csrf_token":"dcdba7dd24d0229b7a178351ab6464f62ea95391ea5ad3e254b978c1aaaa46c4","csrf_token_time":1747019122,"admin_id":1,"srcode":"21-00001","admin_name":"Admin User","email":"admin@admin.com","is_super_admin":true,"usertype":"admin"}
[12-May-2025 05:10:05 Europe/Berlin] Session already active in TokenHandler. Session ID: ghk21qhjfdnf2kguelb4131ud3
[12-May-2025 05:10:05 Europe/Berlin] Current session data: {"csrf_token":"dcdba7dd24d0229b7a178351ab6464f62ea95391ea5ad3e254b978c1aaaa46c4","csrf_token_time":1747019122,"admin_id":1,"srcode":"21-00001","admin_name":"Admin User","email":"admin@admin.com","is_super_admin":true,"usertype":"admin"}
[12-May-2025 05:10:14 Europe/Berlin] Session already active in TokenHandler. Session ID: ghk21qhjfdnf2kguelb4131ud3
[12-May-2025 05:10:14 Europe/Berlin] Current session data: {"csrf_token":"dcdba7dd24d0229b7a178351ab6464f62ea95391ea5ad3e254b978c1aaaa46c4","csrf_token_time":1747019122,"admin_id":1,"srcode":"23-32966","admin_name":"Admin User","email":"23-32966@g.batstate-u.edu.ph","is_super_admin":true,"usertype":"user","student_id":1,"student_name":"Lourence lourence","course_id":1,"section":"2201"}
[12-May-2025 05:10:14 Europe/Berlin] Session already active in TokenHandler. Session ID: ghk21qhjfdnf2kguelb4131ud3
[12-May-2025 05:10:14 Europe/Berlin] Current session data: {"csrf_token":"dcdba7dd24d0229b7a178351ab6464f62ea95391ea5ad3e254b978c1aaaa46c4","csrf_token_time":1747019122,"admin_id":1,"srcode":"23-32966","admin_name":"Admin User","email":"23-32966@g.batstate-u.edu.ph","is_super_admin":true,"usertype":"user","student_id":1,"student_name":"Lourence lourence","course_id":1,"section":"2201"}
[12-May-2025 05:10:16 Europe/Berlin] Session already active in TokenHandler. Session ID: ghk21qhjfdnf2kguelb4131ud3
[12-May-2025 05:10:16 Europe/Berlin] Current session data: {"csrf_token":"dcdba7dd24d0229b7a178351ab6464f62ea95391ea5ad3e254b978c1aaaa46c4","csrf_token_time":1747019122,"admin_id":1,"srcode":"23-32966","admin_name":"Admin User","email":"23-32966@g.batstate-u.edu.ph","is_super_admin":true,"usertype":"user","student_id":1,"student_name":"Lourence lourence","course_id":1,"section":"2201"}
[12-May-2025 05:10:16 Europe/Berlin] Session already active in TokenHandler. Session ID: ghk21qhjfdnf2kguelb4131ud3
[12-May-2025 05:10:16 Europe/Berlin] Current session data: {"csrf_token":"dcdba7dd24d0229b7a178351ab6464f62ea95391ea5ad3e254b978c1aaaa46c4","csrf_token_time":1747019122,"admin_id":1,"srcode":"23-32966","admin_name":"Admin User","email":"23-32966@g.batstate-u.edu.ph","is_super_admin":true,"usertype":"user","student_id":1,"student_name":"Lourence lourence","course_id":1,"section":"2201"}
[12-May-2025 05:10:18 Europe/Berlin] Session already active in TokenHandler. Session ID: ghk21qhjfdnf2kguelb4131ud3
[12-May-2025 05:10:18 Europe/Berlin] Current session data: {"csrf_token":"dcdba7dd24d0229b7a178351ab6464f62ea95391ea5ad3e254b978c1aaaa46c4","csrf_token_time":1747019122,"admin_id":1,"srcode":"23-32966","admin_name":"Admin User","email":"23-32966@g.batstate-u.edu.ph","is_super_admin":true,"usertype":"user","student_id":1,"student_name":"Lourence lourence","course_id":1,"section":"2201"}
[12-May-2025 05:10:18 Europe/Berlin] Session already active in TokenHandler. Session ID: ghk21qhjfdnf2kguelb4131ud3
[12-May-2025 05:10:18 Europe/Berlin] Current session data: {"csrf_token":"dcdba7dd24d0229b7a178351ab6464f62ea95391ea5ad3e254b978c1aaaa46c4","csrf_token_time":1747019122,"admin_id":1,"srcode":"23-32966","admin_name":"Admin User","email":"23-32966@g.batstate-u.edu.ph","is_super_admin":true,"usertype":"user","student_id":1,"student_name":"Lourence lourence","course_id":1,"section":"2201"}
[12-May-2025 05:10:20 Europe/Berlin] Session already active in TokenHandler. Session ID: ghk21qhjfdnf2kguelb4131ud3
[12-May-2025 05:10:20 Europe/Berlin] Current session data: {"csrf_token":"dcdba7dd24d0229b7a178351ab6464f62ea95391ea5ad3e254b978c1aaaa46c4","csrf_token_time":1747019122,"admin_id":1,"srcode":"23-32966","admin_name":"Admin User","email":"23-32966@g.batstate-u.edu.ph","is_super_admin":true,"usertype":"user","student_id":1,"student_name":"Lourence lourence","course_id":1,"section":"2201"}
[12-May-2025 05:10:20 Europe/Berlin] Session already active in TokenHandler. Session ID: ghk21qhjfdnf2kguelb4131ud3
[12-May-2025 05:10:20 Europe/Berlin] Current session data: {"csrf_token":"dcdba7dd24d0229b7a178351ab6464f62ea95391ea5ad3e254b978c1aaaa46c4","csrf_token_time":1747019122,"admin_id":1,"srcode":"23-32966","admin_name":"Admin User","email":"23-32966@g.batstate-u.edu.ph","is_super_admin":true,"usertype":"user","student_id":1,"student_name":"Lourence lourence","course_id":1,"section":"2201"}
[12-May-2025 05:10:23 Europe/Berlin] Session already active in TokenHandler. Session ID: ghk21qhjfdnf2kguelb4131ud3
[12-May-2025 05:10:23 Europe/Berlin] Current session data: {"csrf_token":"dcdba7dd24d0229b7a178351ab6464f62ea95391ea5ad3e254b978c1aaaa46c4","csrf_token_time":1747019122,"admin_id":1,"srcode":"23-32966","admin_name":"Admin User","email":"23-32966@g.batstate-u.edu.ph","is_super_admin":true,"usertype":"user","student_id":1,"student_name":"Lourence lourence","course_id":1,"section":"2201"}
[12-May-2025 05:10:23 Europe/Berlin] Session already active in TokenHandler. Session ID: ghk21qhjfdnf2kguelb4131ud3
[12-May-2025 05:10:23 Europe/Berlin] Current session data: {"csrf_token":"dcdba7dd24d0229b7a178351ab6464f62ea95391ea5ad3e254b978c1aaaa46c4","csrf_token_time":1747019122,"admin_id":1,"srcode":"23-32966","admin_name":"Admin User","email":"23-32966@g.batstate-u.edu.ph","is_super_admin":true,"usertype":"user","student_id":1,"student_name":"Lourence lourence","course_id":1,"section":"2201"}
[12-May-2025 05:10:23 Europe/Berlin] Session already active in TokenHandler. Session ID: ghk21qhjfdnf2kguelb4131ud3
[12-May-2025 05:10:23 Europe/Berlin] Current session data: {"csrf_token":"dcdba7dd24d0229b7a178351ab6464f62ea95391ea5ad3e254b978c1aaaa46c4","csrf_token_time":1747019122,"admin_id":1,"srcode":"23-32966","admin_name":"Admin User","email":"23-32966@g.batstate-u.edu.ph","is_super_admin":true,"usertype":"user","student_id":1,"student_name":"Lourence lourence","course_id":1,"section":"2201"}
[12-May-2025 05:10:23 Europe/Berlin] Session already active in TokenHandler. Session ID: ghk21qhjfdnf2kguelb4131ud3
[12-May-2025 05:10:23 Europe/Berlin] Current session data: {"csrf_token":"dcdba7dd24d0229b7a178351ab6464f62ea95391ea5ad3e254b978c1aaaa46c4","csrf_token_time":1747019122,"admin_id":1,"srcode":"23-32966","admin_name":"Admin User","email":"23-32966@g.batstate-u.edu.ph","is_super_admin":true,"usertype":"user","student_id":1,"student_name":"Lourence lourence","course_id":1,"section":"2201"}
[12-May-2025 05:10:41 Europe/Berlin] Starting CSRF validation for action: addCompany
[12-May-2025 05:10:41 Europe/Berlin] Received token: dcdba7dd24d0229b7a178351ab6464f62ea95391ea5ad3e254b978c1aaaa46c4
[12-May-2025 05:10:41 Europe/Berlin] Current session status: 2
[12-May-2025 05:10:41 Europe/Berlin] Session ID: ghk21qhjfdnf2kguelb4131ud3
[12-May-2025 05:10:41 Europe/Berlin] Session already active in TokenHandler. Session ID: ghk21qhjfdnf2kguelb4131ud3
[12-May-2025 05:10:41 Europe/Berlin] Current session data: {"csrf_token":"dcdba7dd24d0229b7a178351ab6464f62ea95391ea5ad3e254b978c1aaaa46c4","csrf_token_time":1747019122,"admin_id":1,"srcode":"23-32966","admin_name":"Admin User","email":"23-32966@g.batstate-u.edu.ph","is_super_admin":true,"usertype":"user","student_id":1,"student_name":"Lourence lourence","course_id":1,"section":"2201"}
[12-May-2025 05:10:41 Europe/Berlin] CSRF validation successful for action: addCompany
[12-May-2025 05:10:41 Europe/Berlin] Session already active in TokenHandler. Session ID: ghk21qhjfdnf2kguelb4131ud3
[12-May-2025 05:10:41 Europe/Berlin] Current session data: {"csrf_token":"dcdba7dd24d0229b7a178351ab6464f62ea95391ea5ad3e254b978c1aaaa46c4","csrf_token_time":1747019122,"admin_id":1,"srcode":"23-32966","admin_name":"Admin User","email":"23-32966@g.batstate-u.edu.ph","is_super_admin":true,"usertype":"user","student_id":1,"student_name":"Lourence lourence","course_id":1,"section":"2201"}
[12-May-2025 05:10:42 Europe/Berlin] Session already active in TokenHandler. Session ID: ghk21qhjfdnf2kguelb4131ud3
[12-May-2025 05:10:42 Europe/Berlin] Current session data: {"csrf_token":"dcdba7dd24d0229b7a178351ab6464f62ea95391ea5ad3e254b978c1aaaa46c4","csrf_token_time":1747019122,"admin_id":1,"srcode":"23-32966","admin_name":"Admin User","email":"23-32966@g.batstate-u.edu.ph","is_super_admin":true,"usertype":"user","student_id":1,"student_name":"Lourence lourence","course_id":1,"section":"2201"}
[12-May-2025 05:10:42 Europe/Berlin] Session already active in TokenHandler. Session ID: ghk21qhjfdnf2kguelb4131ud3
[12-May-2025 05:10:42 Europe/Berlin] Current session data: {"csrf_token":"dcdba7dd24d0229b7a178351ab6464f62ea95391ea5ad3e254b978c1aaaa46c4","csrf_token_time":1747019122,"admin_id":1,"srcode":"23-32966","admin_name":"Admin User","email":"23-32966@g.batstate-u.edu.ph","is_super_admin":true,"usertype":"user","student_id":1,"student_name":"Lourence lourence","course_id":1,"section":"2201"}
[12-May-2025 05:10:42 Europe/Berlin] Session already active in TokenHandler. Session ID: ghk21qhjfdnf2kguelb4131ud3
[12-May-2025 05:10:42 Europe/Berlin] Current session data: {"csrf_token":"dcdba7dd24d0229b7a178351ab6464f62ea95391ea5ad3e254b978c1aaaa46c4","csrf_token_time":1747019122,"admin_id":1,"srcode":"23-32966","admin_name":"Admin User","email":"23-32966@g.batstate-u.edu.ph","is_super_admin":true,"usertype":"user","student_id":1,"student_name":"Lourence lourence","course_id":1,"section":"2201"}
[12-May-2025 05:10:42 Europe/Berlin] Session already active in TokenHandler. Session ID: ghk21qhjfdnf2kguelb4131ud3
[12-May-2025 05:10:42 Europe/Berlin] Current session data: {"csrf_token":"dcdba7dd24d0229b7a178351ab6464f62ea95391ea5ad3e254b978c1aaaa46c4","csrf_token_time":1747019122,"admin_id":1,"srcode":"23-32966","admin_name":"Admin User","email":"23-32966@g.batstate-u.edu.ph","is_super_admin":true,"usertype":"user","student_id":1,"student_name":"Lourence lourence","course_id":1,"section":"2201"}
[12-May-2025 05:10:44 Europe/Berlin] Session already active in TokenHandler. Session ID: ghk21qhjfdnf2kguelb4131ud3
[12-May-2025 05:10:44 Europe/Berlin] Current session data: {"csrf_token":"dcdba7dd24d0229b7a178351ab6464f62ea95391ea5ad3e254b978c1aaaa46c4","csrf_token_time":1747019122,"admin_id":1,"srcode":"23-32966","admin_name":"Admin User","email":"23-32966@g.batstate-u.edu.ph","is_super_admin":true,"usertype":"user","student_id":1,"student_name":"Lourence lourence","course_id":1,"section":"2201"}
[12-May-2025 05:10:44 Europe/Berlin] Session already active in TokenHandler. Session ID: ghk21qhjfdnf2kguelb4131ud3
[12-May-2025 05:10:44 Europe/Berlin] Current session data: {"csrf_token":"dcdba7dd24d0229b7a178351ab6464f62ea95391ea5ad3e254b978c1aaaa46c4","csrf_token_time":1747019122,"admin_id":1,"srcode":"23-32966","admin_name":"Admin User","email":"23-32966@g.batstate-u.edu.ph","is_super_admin":true,"usertype":"user","student_id":1,"student_name":"Lourence lourence","course_id":1,"section":"2201"}
[12-May-2025 05:10:44 Europe/Berlin] Session already active in TokenHandler. Session ID: ghk21qhjfdnf2kguelb4131ud3
[12-May-2025 05:10:44 Europe/Berlin] Current session data: {"csrf_token":"dcdba7dd24d0229b7a178351ab6464f62ea95391ea5ad3e254b978c1aaaa46c4","csrf_token_time":1747019122,"admin_id":1,"srcode":"23-32966","admin_name":"Admin User","email":"23-32966@g.batstate-u.edu.ph","is_super_admin":true,"usertype":"user","student_id":1,"student_name":"Lourence lourence","course_id":1,"section":"2201"}
[12-May-2025 05:10:44 Europe/Berlin] Session already active in TokenHandler. Session ID: ghk21qhjfdnf2kguelb4131ud3
[12-May-2025 05:10:44 Europe/Berlin] Current session data: {"csrf_token":"dcdba7dd24d0229b7a178351ab6464f62ea95391ea5ad3e254b978c1aaaa46c4","csrf_token_time":1747019122,"admin_id":1,"srcode":"23-32966","admin_name":"Admin User","email":"23-32966@g.batstate-u.edu.ph","is_super_admin":true,"usertype":"user","student_id":1,"student_name":"Lourence lourence","course_id":1,"section":"2201"}
[12-May-2025 05:10:45 Europe/Berlin] Session already active in TokenHandler. Session ID: ghk21qhjfdnf2kguelb4131ud3
[12-May-2025 05:10:45 Europe/Berlin] Current session data: {"csrf_token":"dcdba7dd24d0229b7a178351ab6464f62ea95391ea5ad3e254b978c1aaaa46c4","csrf_token_time":1747019122,"admin_id":1,"srcode":"23-32966","admin_name":"Admin User","email":"23-32966@g.batstate-u.edu.ph","is_super_admin":true,"usertype":"user","student_id":1,"student_name":"Lourence lourence","course_id":1,"section":"2201"}
[12-May-2025 05:10:45 Europe/Berlin] Session already active in TokenHandler. Session ID: ghk21qhjfdnf2kguelb4131ud3
[12-May-2025 05:10:45 Europe/Berlin] Current session data: {"csrf_token":"dcdba7dd24d0229b7a178351ab6464f62ea95391ea5ad3e254b978c1aaaa46c4","csrf_token_time":1747019122,"admin_id":1,"srcode":"23-32966","admin_name":"Admin User","email":"23-32966@g.batstate-u.edu.ph","is_super_admin":true,"usertype":"user","student_id":1,"student_name":"Lourence lourence","course_id":1,"section":"2201"}
[12-May-2025 05:10:45 Europe/Berlin] Session already active in TokenHandler. Session ID: ghk21qhjfdnf2kguelb4131ud3
[12-May-2025 05:10:45 Europe/Berlin] Current session data: {"csrf_token":"dcdba7dd24d0229b7a178351ab6464f62ea95391ea5ad3e254b978c1aaaa46c4","csrf_token_time":1747019122,"admin_id":1,"srcode":"23-32966","admin_name":"Admin User","email":"23-32966@g.batstate-u.edu.ph","is_super_admin":true,"usertype":"user","student_id":1,"student_name":"Lourence lourence","course_id":1,"section":"2201"}
[12-May-2025 05:10:45 Europe/Berlin] Session already active in TokenHandler. Session ID: ghk21qhjfdnf2kguelb4131ud3
[12-May-2025 05:10:45 Europe/Berlin] Current session data: {"csrf_token":"dcdba7dd24d0229b7a178351ab6464f62ea95391ea5ad3e254b978c1aaaa46c4","csrf_token_time":1747019122,"admin_id":1,"srcode":"23-32966","admin_name":"Admin User","email":"23-32966@g.batstate-u.edu.ph","is_super_admin":true,"usertype":"user","student_id":1,"student_name":"Lourence lourence","course_id":1,"section":"2201"}
[12-May-2025 05:10:47 Europe/Berlin] Session already active in TokenHandler. Session ID: ghk21qhjfdnf2kguelb4131ud3
[12-May-2025 05:10:47 Europe/Berlin] Current session data: {"csrf_token":"dcdba7dd24d0229b7a178351ab6464f62ea95391ea5ad3e254b978c1aaaa46c4","csrf_token_time":1747019122,"admin_id":1,"srcode":"23-32966","admin_name":"Admin User","email":"23-32966@g.batstate-u.edu.ph","is_super_admin":true,"usertype":"user","student_id":1,"student_name":"Lourence lourence","course_id":1,"section":"2201"}
[12-May-2025 05:10:47 Europe/Berlin] Session already active in TokenHandler. Session ID: ghk21qhjfdnf2kguelb4131ud3
[12-May-2025 05:10:47 Europe/Berlin] Current session data: {"csrf_token":"dcdba7dd24d0229b7a178351ab6464f62ea95391ea5ad3e254b978c1aaaa46c4","csrf_token_time":1747019122,"admin_id":1,"srcode":"23-32966","admin_name":"Admin User","email":"23-32966@g.batstate-u.edu.ph","is_super_admin":true,"usertype":"user","student_id":1,"student_name":"Lourence lourence","course_id":1,"section":"2201"}
[12-May-2025 05:10:48 Europe/Berlin] Session already active in TokenHandler. Session ID: ghk21qhjfdnf2kguelb4131ud3
[12-May-2025 05:10:48 Europe/Berlin] Current session data: {"csrf_token":"dcdba7dd24d0229b7a178351ab6464f62ea95391ea5ad3e254b978c1aaaa46c4","csrf_token_time":1747019122,"admin_id":1,"srcode":"23-32966","admin_name":"Admin User","email":"23-32966@g.batstate-u.edu.ph","is_super_admin":true,"usertype":"user","student_id":1,"student_name":"Lourence lourence","course_id":1,"section":"2201"}
[12-May-2025 05:10:48 Europe/Berlin] Session already active in TokenHandler. Session ID: ghk21qhjfdnf2kguelb4131ud3
[12-May-2025 05:10:48 Europe/Berlin] Current session data: {"csrf_token":"dcdba7dd24d0229b7a178351ab6464f62ea95391ea5ad3e254b978c1aaaa46c4","csrf_token_time":1747019122,"admin_id":1,"srcode":"23-32966","admin_name":"Admin User","email":"23-32966@g.batstate-u.edu.ph","is_super_admin":true,"usertype":"user","student_id":1,"student_name":"Lourence lourence","course_id":1,"section":"2201"}
[12-May-2025 05:10:48 Europe/Berlin] Session already active in TokenHandler. Session ID: ghk21qhjfdnf2kguelb4131ud3
[12-May-2025 05:10:48 Europe/Berlin] Current session data: {"csrf_token":"dcdba7dd24d0229b7a178351ab6464f62ea95391ea5ad3e254b978c1aaaa46c4","csrf_token_time":1747019122,"admin_id":1,"srcode":"23-32966","admin_name":"Admin User","email":"23-32966@g.batstate-u.edu.ph","is_super_admin":true,"usertype":"user","student_id":1,"student_name":"Lourence lourence","course_id":1,"section":"2201"}
[12-May-2025 05:10:48 Europe/Berlin] Session already active in TokenHandler. Session ID: ghk21qhjfdnf2kguelb4131ud3
[12-May-2025 05:10:48 Europe/Berlin] Current session data: {"csrf_token":"dcdba7dd24d0229b7a178351ab6464f62ea95391ea5ad3e254b978c1aaaa46c4","csrf_token_time":1747019122,"admin_id":1,"srcode":"23-32966","admin_name":"Admin User","email":"23-32966@g.batstate-u.edu.ph","is_super_admin":true,"usertype":"user","student_id":1,"student_name":"Lourence lourence","course_id":1,"section":"2201"}
[12-May-2025 05:11:18 Europe/Berlin] Session already active in TokenHandler. Session ID: 0kpcqpq133luhqo0577f2kc8t0
[12-May-2025 05:11:18 Europe/Berlin] Current session data: []
[12-May-2025 05:11:18 Europe/Berlin] Session already active in TokenHandler. Session ID: 0kpcqpq133luhqo0577f2kc8t0
[12-May-2025 05:11:18 Europe/Berlin] Current session data: {"csrf_token":"b165cbd0f64da4c74ded71ca6dd4da0f862430c96c858db0034e1da8f4c23307","csrf_token_time":1747019478}
[12-May-2025 05:11:23 Europe/Berlin] Session already active in TokenHandler. Session ID: 0kpcqpq133luhqo0577f2kc8t0
[12-May-2025 05:11:23 Europe/Berlin] Current session data: {"csrf_token":"b165cbd0f64da4c74ded71ca6dd4da0f862430c96c858db0034e1da8f4c23307","csrf_token_time":1747019478}
[12-May-2025 05:11:23 Europe/Berlin] Session already active in TokenHandler. Session ID: 0kpcqpq133luhqo0577f2kc8t0
[12-May-2025 05:11:23 Europe/Berlin] Current session data: {"csrf_token":"b165cbd0f64da4c74ded71ca6dd4da0f862430c96c858db0034e1da8f4c23307","csrf_token_time":1747019478}
[12-May-2025 05:11:35 Europe/Berlin] Session already active in TokenHandler. Session ID: 0kpcqpq133luhqo0577f2kc8t0
[12-May-2025 05:11:35 Europe/Berlin] Current session data: {"csrf_token":"b165cbd0f64da4c74ded71ca6dd4da0f862430c96c858db0034e1da8f4c23307","csrf_token_time":1747019478,"student_id":1,"usertype":"user","srcode":"23-32966","student_name":"Lourence lourence","email":"23-32966@g.batstate-u.edu.ph","course_id":1,"section":"2201"}
[12-May-2025 05:11:35 Europe/Berlin] Session already active in TokenHandler. Session ID: 0kpcqpq133luhqo0577f2kc8t0
[12-May-2025 05:11:35 Europe/Berlin] Current session data: {"csrf_token":"b165cbd0f64da4c74ded71ca6dd4da0f862430c96c858db0034e1da8f4c23307","csrf_token_time":1747019478,"student_id":1,"usertype":"user","srcode":"23-32966","student_name":"Lourence lourence","email":"23-32966@g.batstate-u.edu.ph","course_id":1,"section":"2201"}
[12-May-2025 05:11:37 Europe/Berlin] Session already active in TokenHandler. Session ID: 0kpcqpq133luhqo0577f2kc8t0
[12-May-2025 05:11:37 Europe/Berlin] Current session data: {"csrf_token":"b165cbd0f64da4c74ded71ca6dd4da0f862430c96c858db0034e1da8f4c23307","csrf_token_time":1747019478,"student_id":1,"usertype":"user","srcode":"23-32966","student_name":"Lourence lourence","email":"23-32966@g.batstate-u.edu.ph","course_id":1,"section":"2201"}
[12-May-2025 05:11:37 Europe/Berlin] Session already active in TokenHandler. Session ID: 0kpcqpq133luhqo0577f2kc8t0
[12-May-2025 05:11:37 Europe/Berlin] Current session data: {"csrf_token":"b165cbd0f64da4c74ded71ca6dd4da0f862430c96c858db0034e1da8f4c23307","csrf_token_time":1747019478,"student_id":1,"usertype":"user","srcode":"23-32966","student_name":"Lourence lourence","email":"23-32966@g.batstate-u.edu.ph","course_id":1,"section":"2201"}
[12-May-2025 05:11:47 Europe/Berlin] Session already active in TokenHandler. Session ID: 0kpcqpq133luhqo0577f2kc8t0
[12-May-2025 05:11:47 Europe/Berlin] Current session data: {"csrf_token":"b165cbd0f64da4c74ded71ca6dd4da0f862430c96c858db0034e1da8f4c23307","csrf_token_time":1747019478,"student_id":1,"usertype":"admin","srcode":"21-00001","student_name":"Lourence lourence","email":"admin@admin.com","course_id":1,"section":"2201","admin_id":1,"admin_name":"Admin User","is_super_admin":true}
[12-May-2025 05:11:47 Europe/Berlin] Session already active in TokenHandler. Session ID: 0kpcqpq133luhqo0577f2kc8t0
[12-May-2025 05:11:47 Europe/Berlin] Current session data: {"csrf_token":"b165cbd0f64da4c74ded71ca6dd4da0f862430c96c858db0034e1da8f4c23307","csrf_token_time":1747019478,"student_id":1,"usertype":"admin","srcode":"21-00001","student_name":"Lourence lourence","email":"admin@admin.com","course_id":1,"section":"2201","admin_id":1,"admin_name":"Admin User","is_super_admin":true}
[12-May-2025 05:11:49 Europe/Berlin] Session already active in TokenHandler. Session ID: 0kpcqpq133luhqo0577f2kc8t0
[12-May-2025 05:11:49 Europe/Berlin] Current session data: {"csrf_token":"b165cbd0f64da4c74ded71ca6dd4da0f862430c96c858db0034e1da8f4c23307","csrf_token_time":1747019478,"student_id":1,"usertype":"admin","srcode":"21-00001","student_name":"Lourence lourence","email":"admin@admin.com","course_id":1,"section":"2201","admin_id":1,"admin_name":"Admin User","is_super_admin":true}
[12-May-2025 05:11:49 Europe/Berlin] Session already active in TokenHandler. Session ID: 0kpcqpq133luhqo0577f2kc8t0
[12-May-2025 05:11:49 Europe/Berlin] Current session data: {"csrf_token":"b165cbd0f64da4c74ded71ca6dd4da0f862430c96c858db0034e1da8f4c23307","csrf_token_time":1747019478,"student_id":1,"usertype":"admin","srcode":"21-00001","student_name":"Lourence lourence","email":"admin@admin.com","course_id":1,"section":"2201","admin_id":1,"admin_name":"Admin User","is_super_admin":true}
[12-May-2025 05:11:52 Europe/Berlin] Session already active in TokenHandler. Session ID: 0kpcqpq133luhqo0577f2kc8t0
[12-May-2025 05:11:52 Europe/Berlin] Current session data: {"csrf_token":"b165cbd0f64da4c74ded71ca6dd4da0f862430c96c858db0034e1da8f4c23307","csrf_token_time":1747019478,"student_id":1,"usertype":"admin","srcode":"21-00001","student_name":"Lourence lourence","email":"admin@admin.com","course_id":1,"section":"2201","admin_id":1,"admin_name":"Admin User","is_super_admin":true}
[12-May-2025 05:11:52 Europe/Berlin] Session already active in TokenHandler. Session ID: 0kpcqpq133luhqo0577f2kc8t0
[12-May-2025 05:11:52 Europe/Berlin] Current session data: {"csrf_token":"b165cbd0f64da4c74ded71ca6dd4da0f862430c96c858db0034e1da8f4c23307","csrf_token_time":1747019478,"student_id":1,"usertype":"admin","srcode":"21-00001","student_name":"Lourence lourence","email":"admin@admin.com","course_id":1,"section":"2201","admin_id":1,"admin_name":"Admin User","is_super_admin":true}
[12-May-2025 05:11:52 Europe/Berlin] Session already active in TokenHandler. Session ID: 0kpcqpq133luhqo0577f2kc8t0
[12-May-2025 05:11:52 Europe/Berlin] Current session data: {"csrf_token":"b165cbd0f64da4c74ded71ca6dd4da0f862430c96c858db0034e1da8f4c23307","csrf_token_time":1747019478,"student_id":1,"usertype":"admin","srcode":"21-00001","student_name":"Lourence lourence","email":"admin@admin.com","course_id":1,"section":"2201","admin_id":1,"admin_name":"Admin User","is_super_admin":true}
[12-May-2025 05:11:52 Europe/Berlin] Session already active in TokenHandler. Session ID: 0kpcqpq133luhqo0577f2kc8t0
[12-May-2025 05:11:52 Europe/Berlin] Current session data: {"csrf_token":"b165cbd0f64da4c74ded71ca6dd4da0f862430c96c858db0034e1da8f4c23307","csrf_token_time":1747019478,"student_id":1,"usertype":"admin","srcode":"21-00001","student_name":"Lourence lourence","email":"admin@admin.com","course_id":1,"section":"2201","admin_id":1,"admin_name":"Admin User","is_super_admin":true}
[12-May-2025 05:12:13 Europe/Berlin] Starting CSRF validation for action: addJobListing
[12-May-2025 05:12:13 Europe/Berlin] Received token: b165cbd0f64da4c74ded71ca6dd4da0f862430c96c858db0034e1da8f4c23307
[12-May-2025 05:12:13 Europe/Berlin] Current session status: 2
[12-May-2025 05:12:13 Europe/Berlin] Session ID: 0kpcqpq133luhqo0577f2kc8t0
[12-May-2025 05:12:13 Europe/Berlin] Session already active in TokenHandler. Session ID: 0kpcqpq133luhqo0577f2kc8t0
[12-May-2025 05:12:13 Europe/Berlin] Current session data: {"csrf_token":"b165cbd0f64da4c74ded71ca6dd4da0f862430c96c858db0034e1da8f4c23307","csrf_token_time":1747019478,"student_id":1,"usertype":"admin","srcode":"21-00001","student_name":"Lourence lourence","email":"admin@admin.com","course_id":1,"section":"2201","admin_id":1,"admin_name":"Admin User","is_super_admin":true}
[12-May-2025 05:12:13 Europe/Berlin] CSRF validation successful for action: addJobListing
[12-May-2025 05:12:14 Europe/Berlin] Session already active in TokenHandler. Session ID: 0kpcqpq133luhqo0577f2kc8t0
[12-May-2025 05:12:14 Europe/Berlin] Current session data: {"csrf_token":"b165cbd0f64da4c74ded71ca6dd4da0f862430c96c858db0034e1da8f4c23307","csrf_token_time":1747019478,"student_id":1,"usertype":"admin","srcode":"21-00001","student_name":"Lourence lourence","email":"admin@admin.com","course_id":1,"section":"2201","admin_id":1,"admin_name":"Admin User","is_super_admin":true}
[12-May-2025 05:12:15 Europe/Berlin] Session already active in TokenHandler. Session ID: 0kpcqpq133luhqo0577f2kc8t0
[12-May-2025 05:12:15 Europe/Berlin] Current session data: {"csrf_token":"b165cbd0f64da4c74ded71ca6dd4da0f862430c96c858db0034e1da8f4c23307","csrf_token_time":1747019478,"student_id":1,"usertype":"admin","srcode":"21-00001","student_name":"Lourence lourence","email":"admin@admin.com","course_id":1,"section":"2201","admin_id":1,"admin_name":"Admin User","is_super_admin":true}
[12-May-2025 05:12:15 Europe/Berlin] Session already active in TokenHandler. Session ID: 0kpcqpq133luhqo0577f2kc8t0
[12-May-2025 05:12:15 Europe/Berlin] Current session data: {"csrf_token":"b165cbd0f64da4c74ded71ca6dd4da0f862430c96c858db0034e1da8f4c23307","csrf_token_time":1747019478,"student_id":1,"usertype":"admin","srcode":"21-00001","student_name":"Lourence lourence","email":"admin@admin.com","course_id":1,"section":"2201","admin_id":1,"admin_name":"Admin User","is_super_admin":true}
[12-May-2025 05:12:15 Europe/Berlin] Session already active in TokenHandler. Session ID: 0kpcqpq133luhqo0577f2kc8t0
[12-May-2025 05:12:15 Europe/Berlin] Current session data: {"csrf_token":"b165cbd0f64da4c74ded71ca6dd4da0f862430c96c858db0034e1da8f4c23307","csrf_token_time":1747019478,"student_id":1,"usertype":"admin","srcode":"21-00001","student_name":"Lourence lourence","email":"admin@admin.com","course_id":1,"section":"2201","admin_id":1,"admin_name":"Admin User","is_super_admin":true}
[12-May-2025 05:12:15 Europe/Berlin] Session already active in TokenHandler. Session ID: 0kpcqpq133luhqo0577f2kc8t0
[12-May-2025 05:12:15 Europe/Berlin] Current session data: {"csrf_token":"b165cbd0f64da4c74ded71ca6dd4da0f862430c96c858db0034e1da8f4c23307","csrf_token_time":1747019478,"student_id":1,"usertype":"admin","srcode":"21-00001","student_name":"Lourence lourence","email":"admin@admin.com","course_id":1,"section":"2201","admin_id":1,"admin_name":"Admin User","is_super_admin":true}
[12-May-2025 05:12:18 Europe/Berlin] Session already active in TokenHandler. Session ID: 0kpcqpq133luhqo0577f2kc8t0
[12-May-2025 05:12:18 Europe/Berlin] Current session data: {"csrf_token":"b165cbd0f64da4c74ded71ca6dd4da0f862430c96c858db0034e1da8f4c23307","csrf_token_time":1747019478,"student_id":1,"usertype":"admin","srcode":"21-00001","student_name":"Lourence lourence","email":"admin@admin.com","course_id":1,"section":"2201","admin_id":1,"admin_name":"Admin User","is_super_admin":true}
[12-May-2025 05:12:18 Europe/Berlin] Session already active in TokenHandler. Session ID: 0kpcqpq133luhqo0577f2kc8t0
[12-May-2025 05:12:18 Europe/Berlin] Current session data: {"csrf_token":"b165cbd0f64da4c74ded71ca6dd4da0f862430c96c858db0034e1da8f4c23307","csrf_token_time":1747019478,"student_id":1,"usertype":"admin","srcode":"21-00001","student_name":"Lourence lourence","email":"admin@admin.com","course_id":1,"section":"2201","admin_id":1,"admin_name":"Admin User","is_super_admin":true}
[12-May-2025 05:12:20 Europe/Berlin] Session already active in TokenHandler. Session ID: 0kpcqpq133luhqo0577f2kc8t0
[12-May-2025 05:12:20 Europe/Berlin] Current session data: {"csrf_token":"b165cbd0f64da4c74ded71ca6dd4da0f862430c96c858db0034e1da8f4c23307","csrf_token_time":1747019478,"student_id":1,"usertype":"admin","srcode":"21-00001","student_name":"Lourence lourence","email":"admin@admin.com","course_id":1,"section":"2201","admin_id":1,"admin_name":"Admin User","is_super_admin":true}
[12-May-2025 05:12:20 Europe/Berlin] Session already active in TokenHandler. Session ID: 0kpcqpq133luhqo0577f2kc8t0
[12-May-2025 05:12:20 Europe/Berlin] Current session data: {"csrf_token":"b165cbd0f64da4c74ded71ca6dd4da0f862430c96c858db0034e1da8f4c23307","csrf_token_time":1747019478,"student_id":1,"usertype":"admin","srcode":"21-00001","student_name":"Lourence lourence","email":"admin@admin.com","course_id":1,"section":"2201","admin_id":1,"admin_name":"Admin User","is_super_admin":true}
[12-May-2025 05:12:22 Europe/Berlin] Session already active in TokenHandler. Session ID: 0kpcqpq133luhqo0577f2kc8t0
[12-May-2025 05:12:22 Europe/Berlin] Current session data: {"csrf_token":"b165cbd0f64da4c74ded71ca6dd4da0f862430c96c858db0034e1da8f4c23307","csrf_token_time":1747019478,"student_id":1,"usertype":"admin","srcode":"21-00001","student_name":"Lourence lourence","email":"admin@admin.com","course_id":1,"section":"2201","admin_id":1,"admin_name":"Admin User","is_super_admin":true}
[12-May-2025 05:12:22 Europe/Berlin] Session already active in TokenHandler. Session ID: 0kpcqpq133luhqo0577f2kc8t0
[12-May-2025 05:12:22 Europe/Berlin] Current session data: {"csrf_token":"b165cbd0f64da4c74ded71ca6dd4da0f862430c96c858db0034e1da8f4c23307","csrf_token_time":1747019478,"student_id":1,"usertype":"admin","srcode":"21-00001","student_name":"Lourence lourence","email":"admin@admin.com","course_id":1,"section":"2201","admin_id":1,"admin_name":"Admin User","is_super_admin":true}
[12-May-2025 05:12:24 Europe/Berlin] Starting CSRF validation for action: applyForJob
[12-May-2025 05:12:24 Europe/Berlin] Received token: b165cbd0f64da4c74ded71ca6dd4da0f862430c96c858db0034e1da8f4c23307
[12-May-2025 05:12:24 Europe/Berlin] Current session status: 2
[12-May-2025 05:12:24 Europe/Berlin] Session ID: 0kpcqpq133luhqo0577f2kc8t0
[12-May-2025 05:12:24 Europe/Berlin] Session already active in TokenHandler. Session ID: 0kpcqpq133luhqo0577f2kc8t0
[12-May-2025 05:12:24 Europe/Berlin] Current session data: {"csrf_token":"b165cbd0f64da4c74ded71ca6dd4da0f862430c96c858db0034e1da8f4c23307","csrf_token_time":1747019478,"student_id":1,"usertype":"admin","srcode":"21-00001","student_name":"Lourence lourence","email":"admin@admin.com","course_id":1,"section":"2201","admin_id":1,"admin_name":"Admin User","is_super_admin":true}
[12-May-2025 05:12:24 Europe/Berlin] CSRF validation successful for action: applyForJob
[12-May-2025 05:12:24 Europe/Berlin] Please upload your resume before applying
[12-May-2025 05:12:40 Europe/Berlin] Session already active in TokenHandler. Session ID: 0kpcqpq133luhqo0577f2kc8t0
[12-May-2025 05:12:40 Europe/Berlin] Current session data: {"csrf_token":"b165cbd0f64da4c74ded71ca6dd4da0f862430c96c858db0034e1da8f4c23307","csrf_token_time":1747019478,"student_id":1,"usertype":"admin","srcode":"21-00001","student_name":"Lourence lourence","email":"admin@admin.com","course_id":1,"section":"2201","admin_id":1,"admin_name":"Admin User","is_super_admin":true}
[12-May-2025 05:12:40 Europe/Berlin] Session already active in TokenHandler. Session ID: 0kpcqpq133luhqo0577f2kc8t0
[12-May-2025 05:12:40 Europe/Berlin] Current session data: {"csrf_token":"b165cbd0f64da4c74ded71ca6dd4da0f862430c96c858db0034e1da8f4c23307","csrf_token_time":1747019478,"student_id":1,"usertype":"admin","srcode":"21-00001","student_name":"Lourence lourence","email":"admin@admin.com","course_id":1,"section":"2201","admin_id":1,"admin_name":"Admin User","is_super_admin":true}
[12-May-2025 05:12:42 Europe/Berlin] Session already active in TokenHandler. Session ID: 0kpcqpq133luhqo0577f2kc8t0
[12-May-2025 05:12:42 Europe/Berlin] Current session data: {"csrf_token":"b165cbd0f64da4c74ded71ca6dd4da0f862430c96c858db0034e1da8f4c23307","csrf_token_time":1747019478,"student_id":1,"usertype":"admin","srcode":"21-00001","student_name":"Lourence lourence","email":"admin@admin.com","course_id":1,"section":"2201","admin_id":1,"admin_name":"Admin User","is_super_admin":true}
[12-May-2025 05:12:42 Europe/Berlin] Session already active in TokenHandler. Session ID: 0kpcqpq133luhqo0577f2kc8t0
[12-May-2025 05:12:42 Europe/Berlin] Current session data: {"csrf_token":"b165cbd0f64da4c74ded71ca6dd4da0f862430c96c858db0034e1da8f4c23307","csrf_token_time":1747019478,"student_id":1,"usertype":"admin","srcode":"21-00001","student_name":"Lourence lourence","email":"admin@admin.com","course_id":1,"section":"2201","admin_id":1,"admin_name":"Admin User","is_super_admin":true}
[12-May-2025 05:12:44 Europe/Berlin] Starting CSRF validation for action: applyForJob
[12-May-2025 05:12:44 Europe/Berlin] Received token: b165cbd0f64da4c74ded71ca6dd4da0f862430c96c858db0034e1da8f4c23307
[12-May-2025 05:12:44 Europe/Berlin] Current session status: 2
[12-May-2025 05:12:44 Europe/Berlin] Session ID: 0kpcqpq133luhqo0577f2kc8t0
[12-May-2025 05:12:44 Europe/Berlin] Session already active in TokenHandler. Session ID: 0kpcqpq133luhqo0577f2kc8t0
[12-May-2025 05:12:44 Europe/Berlin] Current session data: {"csrf_token":"b165cbd0f64da4c74ded71ca6dd4da0f862430c96c858db0034e1da8f4c23307","csrf_token_time":1747019478,"student_id":1,"usertype":"admin","srcode":"21-00001","student_name":"Lourence lourence","email":"admin@admin.com","course_id":1,"section":"2201","admin_id":1,"admin_name":"Admin User","is_super_admin":true}
[12-May-2025 05:12:44 Europe/Berlin] CSRF validation successful for action: applyForJob
[12-May-2025 05:12:44 Europe/Berlin] Session already active in TokenHandler. Session ID: 0kpcqpq133luhqo0577f2kc8t0
[12-May-2025 05:12:44 Europe/Berlin] Current session data: {"csrf_token":"b165cbd0f64da4c74ded71ca6dd4da0f862430c96c858db0034e1da8f4c23307","csrf_token_time":1747019478,"student_id":1,"usertype":"admin","srcode":"21-00001","student_name":"Lourence lourence","email":"admin@admin.com","course_id":1,"section":"2201","admin_id":1,"admin_name":"Admin User","is_super_admin":true}
[12-May-2025 05:12:48 Europe/Berlin] Session already active in TokenHandler. Session ID: 0kpcqpq133luhqo0577f2kc8t0
[12-May-2025 05:12:48 Europe/Berlin] Current session data: {"csrf_token":"b165cbd0f64da4c74ded71ca6dd4da0f862430c96c858db0034e1da8f4c23307","csrf_token_time":1747019478,"student_id":1,"usertype":"admin","srcode":"21-00001","student_name":"Lourence lourence","email":"admin@admin.com","course_id":1,"section":"2201","admin_id":1,"admin_name":"Admin User","is_super_admin":true}
[12-May-2025 05:12:48 Europe/Berlin] Session already active in TokenHandler. Session ID: 0kpcqpq133luhqo0577f2kc8t0
[12-May-2025 05:12:48 Europe/Berlin] Current session data: {"csrf_token":"b165cbd0f64da4c74ded71ca6dd4da0f862430c96c858db0034e1da8f4c23307","csrf_token_time":1747019478,"student_id":1,"usertype":"admin","srcode":"21-00001","student_name":"Lourence lourence","email":"admin@admin.com","course_id":1,"section":"2201","admin_id":1,"admin_name":"Admin User","is_super_admin":true}
[12-May-2025 05:12:48 Europe/Berlin] Session already active in TokenHandler. Session ID: 0kpcqpq133luhqo0577f2kc8t0
[12-May-2025 05:12:48 Europe/Berlin] Current session data: {"csrf_token":"b165cbd0f64da4c74ded71ca6dd4da0f862430c96c858db0034e1da8f4c23307","csrf_token_time":1747019478,"student_id":1,"usertype":"admin","srcode":"21-00001","student_name":"Lourence lourence","email":"admin@admin.com","course_id":1,"section":"2201","admin_id":1,"admin_name":"Admin User","is_super_admin":true}
[12-May-2025 05:12:48 Europe/Berlin] Session already active in TokenHandler. Session ID: 0kpcqpq133luhqo0577f2kc8t0
[12-May-2025 05:12:48 Europe/Berlin] Current session data: {"csrf_token":"b165cbd0f64da4c74ded71ca6dd4da0f862430c96c858db0034e1da8f4c23307","csrf_token_time":1747019478,"student_id":1,"usertype":"admin","srcode":"21-00001","student_name":"Lourence lourence","email":"admin@admin.com","course_id":1,"section":"2201","admin_id":1,"admin_name":"Admin User","is_super_admin":true}
[12-May-2025 05:12:53 Europe/Berlin] Session already active in TokenHandler. Session ID: 0kpcqpq133luhqo0577f2kc8t0
[12-May-2025 05:12:53 Europe/Berlin] Current session data: {"csrf_token":"b165cbd0f64da4c74ded71ca6dd4da0f862430c96c858db0034e1da8f4c23307","csrf_token_time":1747019478,"student_id":1,"usertype":"admin","srcode":"21-00001","student_name":"Lourence lourence","email":"admin@admin.com","course_id":1,"section":"2201","admin_id":1,"admin_name":"Admin User","is_super_admin":true}
[12-May-2025 05:26:26 Europe/Berlin] Session already active in TokenHandler. Session ID: 0kpcqpq133luhqo0577f2kc8t0
[12-May-2025 05:26:26 Europe/Berlin] Current session data: []
[12-May-2025 05:26:26 Europe/Berlin] Session already active in TokenHandler. Session ID: 0kpcqpq133luhqo0577f2kc8t0
[12-May-2025 05:26:26 Europe/Berlin] Current session data: {"csrf_token":"b1d7833949e4f6d9b3a2a1c39583926fdaf655c7002f5c07ee19961e28910554","csrf_token_time":1747020386}
[12-May-2025 05:26:47 Europe/Berlin] Session already active in TokenHandler. Session ID: 0kpcqpq133luhqo0577f2kc8t0
[12-May-2025 05:26:47 Europe/Berlin] Current session data: {"csrf_token":"21bbea201990977561aff5dfaa61e457a5ac6c8e6b5b83886a732a0a6c87687e","csrf_token_time":1747020386}
[12-May-2025 05:26:47 Europe/Berlin] Session already active in TokenHandler. Session ID: 0kpcqpq133luhqo0577f2kc8t0
[12-May-2025 05:26:47 Europe/Berlin] Current session data: {"csrf_token":"21bbea201990977561aff5dfaa61e457a5ac6c8e6b5b83886a732a0a6c87687e","csrf_token_time":1747020386}
[12-May-2025 05:26:50 Europe/Berlin] Session already active in TokenHandler. Session ID: 0kpcqpq133luhqo0577f2kc8t0
[12-May-2025 05:26:50 Europe/Berlin] Current session data: {"csrf_token":"21bbea201990977561aff5dfaa61e457a5ac6c8e6b5b83886a732a0a6c87687e","csrf_token_time":1747020386}
[12-May-2025 05:26:50 Europe/Berlin] Session already active in TokenHandler. Session ID: 0kpcqpq133luhqo0577f2kc8t0
[12-May-2025 05:26:50 Europe/Berlin] Current session data: {"csrf_token":"21bbea201990977561aff5dfaa61e457a5ac6c8e6b5b83886a732a0a6c87687e","csrf_token_time":1747020386}
[12-May-2025 05:26:56 Europe/Berlin] Session already active in TokenHandler. Session ID: 0kpcqpq133luhqo0577f2kc8t0
[12-May-2025 05:26:56 Europe/Berlin] Current session data: {"csrf_token":"21bbea201990977561aff5dfaa61e457a5ac6c8e6b5b83886a732a0a6c87687e","csrf_token_time":1747020386,"admin_id":1,"srcode":"21-00001","admin_name":"Admin User","email":"admin@admin.com","is_super_admin":true,"usertype":"admin"}
[12-May-2025 05:26:56 Europe/Berlin] Session already active in TokenHandler. Session ID: 0kpcqpq133luhqo0577f2kc8t0
[12-May-2025 05:26:56 Europe/Berlin] Current session data: {"csrf_token":"21bbea201990977561aff5dfaa61e457a5ac6c8e6b5b83886a732a0a6c87687e","csrf_token_time":1747020386,"admin_id":1,"srcode":"21-00001","admin_name":"Admin User","email":"admin@admin.com","is_super_admin":true,"usertype":"admin"}
[12-May-2025 05:26:59 Europe/Berlin] Session already active in TokenHandler. Session ID: 0kpcqpq133luhqo0577f2kc8t0
[12-May-2025 05:26:59 Europe/Berlin] Current session data: {"csrf_token":"21bbea201990977561aff5dfaa61e457a5ac6c8e6b5b83886a732a0a6c87687e","csrf_token_time":1747020386,"admin_id":1,"srcode":"21-00001","admin_name":"Admin User","email":"admin@admin.com","is_super_admin":true,"usertype":"admin"}
[12-May-2025 05:26:59 Europe/Berlin] Session already active in TokenHandler. Session ID: 0kpcqpq133luhqo0577f2kc8t0
[12-May-2025 05:26:59 Europe/Berlin] Current session data: {"csrf_token":"21bbea201990977561aff5dfaa61e457a5ac6c8e6b5b83886a732a0a6c87687e","csrf_token_time":1747020386,"admin_id":1,"srcode":"21-00001","admin_name":"Admin User","email":"admin@admin.com","is_super_admin":true,"usertype":"admin"}
[12-May-2025 05:26:59 Europe/Berlin] Session already active in TokenHandler. Session ID: 0kpcqpq133luhqo0577f2kc8t0
[12-May-2025 05:26:59 Europe/Berlin] Current session data: {"csrf_token":"21bbea201990977561aff5dfaa61e457a5ac6c8e6b5b83886a732a0a6c87687e","csrf_token_time":1747020386,"admin_id":1,"srcode":"21-00001","admin_name":"Admin User","email":"admin@admin.com","is_super_admin":true,"usertype":"admin"}
[12-May-2025 05:26:59 Europe/Berlin] Session already active in TokenHandler. Session ID: 0kpcqpq133luhqo0577f2kc8t0
[12-May-2025 05:26:59 Europe/Berlin] Current session data: {"csrf_token":"21bbea201990977561aff5dfaa61e457a5ac6c8e6b5b83886a732a0a6c87687e","csrf_token_time":1747020386,"admin_id":1,"srcode":"21-00001","admin_name":"Admin User","email":"admin@admin.com","is_super_admin":true,"usertype":"admin"}
[12-May-2025 05:26:59 Europe/Berlin] Session already active in TokenHandler. Session ID: 0kpcqpq133luhqo0577f2kc8t0
[12-May-2025 05:26:59 Europe/Berlin] Current session data: {"csrf_token":"21bbea201990977561aff5dfaa61e457a5ac6c8e6b5b83886a732a0a6c87687e","csrf_token_time":1747020386,"admin_id":1,"srcode":"21-00001","admin_name":"Admin User","email":"admin@admin.com","is_super_admin":true,"usertype":"admin"}
[12-May-2025 05:26:59 Europe/Berlin] Session already active in TokenHandler. Session ID: 0kpcqpq133luhqo0577f2kc8t0
[12-May-2025 05:26:59 Europe/Berlin] Current session data: {"csrf_token":"21bbea201990977561aff5dfaa61e457a5ac6c8e6b5b83886a732a0a6c87687e","csrf_token_time":1747020386,"admin_id":1,"srcode":"21-00001","admin_name":"Admin User","email":"admin@admin.com","is_super_admin":true,"usertype":"admin"}
[12-May-2025 05:27:01 Europe/Berlin] Session already active in TokenHandler. Session ID: 0kpcqpq133luhqo0577f2kc8t0
[12-May-2025 05:27:01 Europe/Berlin] Current session data: {"csrf_token":"21bbea201990977561aff5dfaa61e457a5ac6c8e6b5b83886a732a0a6c87687e","csrf_token_time":1747020386,"admin_id":1,"srcode":"21-00001","admin_name":"Admin User","email":"admin@admin.com","is_super_admin":true,"usertype":"admin"}
[12-May-2025 05:27:01 Europe/Berlin] Session already active in TokenHandler. Session ID: 0kpcqpq133luhqo0577f2kc8t0
[12-May-2025 05:27:01 Europe/Berlin] Current session data: {"csrf_token":"21bbea201990977561aff5dfaa61e457a5ac6c8e6b5b83886a732a0a6c87687e","csrf_token_time":1747020386,"admin_id":1,"srcode":"21-00001","admin_name":"Admin User","email":"admin@admin.com","is_super_admin":true,"usertype":"admin"}
[12-May-2025 05:27:01 Europe/Berlin] Session already active in TokenHandler. Session ID: 0kpcqpq133luhqo0577f2kc8t0
[12-May-2025 05:27:01 Europe/Berlin] Current session data: {"csrf_token":"21bbea201990977561aff5dfaa61e457a5ac6c8e6b5b83886a732a0a6c87687e","csrf_token_time":1747020386,"admin_id":1,"srcode":"21-00001","admin_name":"Admin User","email":"admin@admin.com","is_super_admin":true,"usertype":"admin"}
[12-May-2025 05:27:01 Europe/Berlin] Session already active in TokenHandler. Session ID: 0kpcqpq133luhqo0577f2kc8t0
[12-May-2025 05:27:01 Europe/Berlin] Current session data: {"csrf_token":"21bbea201990977561aff5dfaa61e457a5ac6c8e6b5b83886a732a0a6c87687e","csrf_token_time":1747020386,"admin_id":1,"srcode":"21-00001","admin_name":"Admin User","email":"admin@admin.com","is_super_admin":true,"usertype":"admin"}
[12-May-2025 05:27:02 Europe/Berlin] Session already active in TokenHandler. Session ID: 0kpcqpq133luhqo0577f2kc8t0
[12-May-2025 05:27:02 Europe/Berlin] Current session data: []
[12-May-2025 05:27:02 Europe/Berlin] Session already active in TokenHandler. Session ID: 0kpcqpq133luhqo0577f2kc8t0
[12-May-2025 05:27:02 Europe/Berlin] Current session data: {"csrf_token":"9fe7391647f1e4d5a57d1798038b94cf98f2b130a13242244ecceae611087089","csrf_token_time":1747020422}
[12-May-2025 05:27:06 Europe/Berlin] Session already active in TokenHandler. Session ID: 0kpcqpq133luhqo0577f2kc8t0
[12-May-2025 05:27:06 Europe/Berlin] Current session data: {"csrf_token":"9fe7391647f1e4d5a57d1798038b94cf98f2b130a13242244ecceae611087089","csrf_token_time":1747020422}
[12-May-2025 05:27:06 Europe/Berlin] Session already active in TokenHandler. Session ID: 0kpcqpq133luhqo0577f2kc8t0
[12-May-2025 05:27:06 Europe/Berlin] Current session data: {"csrf_token":"9fe7391647f1e4d5a57d1798038b94cf98f2b130a13242244ecceae611087089","csrf_token_time":1747020422}
[12-May-2025 05:27:06 Europe/Berlin] Session already active in TokenHandler. Session ID: 0kpcqpq133luhqo0577f2kc8t0
[12-May-2025 05:27:06 Europe/Berlin] Current session data: {"csrf_token":"9fe7391647f1e4d5a57d1798038b94cf98f2b130a13242244ecceae611087089","csrf_token_time":1747020422}
[12-May-2025 05:27:16 Europe/Berlin] Session already active in TokenHandler. Session ID: 0kpcqpq133luhqo0577f2kc8t0
[12-May-2025 05:27:16 Europe/Berlin] Current session data: {"csrf_token":"9fe7391647f1e4d5a57d1798038b94cf98f2b130a13242244ecceae611087089","csrf_token_time":1747020422}
[12-May-2025 05:27:16 Europe/Berlin] Session already active in TokenHandler. Session ID: 0kpcqpq133luhqo0577f2kc8t0
[12-May-2025 05:27:16 Europe/Berlin] Current session data: {"csrf_token":"9fe7391647f1e4d5a57d1798038b94cf98f2b130a13242244ecceae611087089","csrf_token_time":1747020422}
[12-May-2025 05:27:17 Europe/Berlin] Session already active in TokenHandler. Session ID: 0kpcqpq133luhqo0577f2kc8t0
[12-May-2025 05:27:17 Europe/Berlin] Current session data: {"csrf_token":"9fe7391647f1e4d5a57d1798038b94cf98f2b130a13242244ecceae611087089","csrf_token_time":1747020422}
[12-May-2025 05:27:18 Europe/Berlin] Session already active in TokenHandler. Session ID: 0kpcqpq133luhqo0577f2kc8t0
[12-May-2025 05:27:18 Europe/Berlin] Current session data: {"csrf_token":"9fe7391647f1e4d5a57d1798038b94cf98f2b130a13242244ecceae611087089","csrf_token_time":1747020422}
[12-May-2025 05:27:18 Europe/Berlin] Session already active in TokenHandler. Session ID: 0kpcqpq133luhqo0577f2kc8t0
[12-May-2025 05:27:18 Europe/Berlin] Current session data: {"csrf_token":"9fe7391647f1e4d5a57d1798038b94cf98f2b130a13242244ecceae611087089","csrf_token_time":1747020422}
[12-May-2025 05:27:36 Europe/Berlin] Session already active in TokenHandler. Session ID: 0kpcqpq133luhqo0577f2kc8t0
[12-May-2025 05:27:36 Europe/Berlin] Current session data: {"csrf_token":"9fe7391647f1e4d5a57d1798038b94cf98f2b130a13242244ecceae611087089","csrf_token_time":1747020422,"admin_id":1,"srcode":"21-00001","admin_name":"Admin User","email":"admin@admin.com","is_super_admin":true,"usertype":"admin"}
[12-May-2025 05:27:36 Europe/Berlin] Session already active in TokenHandler. Session ID: 0kpcqpq133luhqo0577f2kc8t0
[12-May-2025 05:27:36 Europe/Berlin] Current session data: {"csrf_token":"9fe7391647f1e4d5a57d1798038b94cf98f2b130a13242244ecceae611087089","csrf_token_time":1747020422,"admin_id":1,"srcode":"21-00001","admin_name":"Admin User","email":"admin@admin.com","is_super_admin":true,"usertype":"admin"}
[12-May-2025 05:27:38 Europe/Berlin] Session already active in TokenHandler. Session ID: 0kpcqpq133luhqo0577f2kc8t0
[12-May-2025 05:27:38 Europe/Berlin] Current session data: {"csrf_token":"9fe7391647f1e4d5a57d1798038b94cf98f2b130a13242244ecceae611087089","csrf_token_time":1747020422,"admin_id":1,"srcode":"21-00001","admin_name":"Admin User","email":"admin@admin.com","is_super_admin":true,"usertype":"admin"}
[12-May-2025 05:27:38 Europe/Berlin] Session already active in TokenHandler. Session ID: 0kpcqpq133luhqo0577f2kc8t0
[12-May-2025 05:27:38 Europe/Berlin] Current session data: {"csrf_token":"9fe7391647f1e4d5a57d1798038b94cf98f2b130a13242244ecceae611087089","csrf_token_time":1747020422,"admin_id":1,"srcode":"21-00001","admin_name":"Admin User","email":"admin@admin.com","is_super_admin":true,"usertype":"admin"}
[12-May-2025 05:27:41 Europe/Berlin] Session already active in TokenHandler. Session ID: 0kpcqpq133luhqo0577f2kc8t0
[12-May-2025 05:27:41 Europe/Berlin] Current session data: {"csrf_token":"9fe7391647f1e4d5a57d1798038b94cf98f2b130a13242244ecceae611087089","csrf_token_time":1747020422,"admin_id":1,"srcode":"21-00001","admin_name":"Admin User","email":"admin@admin.com","is_super_admin":true,"usertype":"admin"}
[12-May-2025 05:27:41 Europe/Berlin] Session already active in TokenHandler. Session ID: 0kpcqpq133luhqo0577f2kc8t0
[12-May-2025 05:27:41 Europe/Berlin] Current session data: {"csrf_token":"9fe7391647f1e4d5a57d1798038b94cf98f2b130a13242244ecceae611087089","csrf_token_time":1747020422,"admin_id":1,"srcode":"21-00001","admin_name":"Admin User","email":"admin@admin.com","is_super_admin":true,"usertype":"admin"}
[12-May-2025 05:27:41 Europe/Berlin] Session already active in TokenHandler. Session ID: 0kpcqpq133luhqo0577f2kc8t0
[12-May-2025 05:27:41 Europe/Berlin] Current session data: {"csrf_token":"9fe7391647f1e4d5a57d1798038b94cf98f2b130a13242244ecceae611087089","csrf_token_time":1747020422,"admin_id":1,"srcode":"21-00001","admin_name":"Admin User","email":"admin@admin.com","is_super_admin":true,"usertype":"admin"}
[12-May-2025 05:27:41 Europe/Berlin] Session already active in TokenHandler. Session ID: 0kpcqpq133luhqo0577f2kc8t0
[12-May-2025 05:27:41 Europe/Berlin] Current session data: {"csrf_token":"9fe7391647f1e4d5a57d1798038b94cf98f2b130a13242244ecceae611087089","csrf_token_time":1747020422,"admin_id":1,"srcode":"21-00001","admin_name":"Admin User","email":"admin@admin.com","is_super_admin":true,"usertype":"admin"}
[12-May-2025 05:27:43 Europe/Berlin] Session already active in TokenHandler. Session ID: 0kpcqpq133luhqo0577f2kc8t0
[12-May-2025 05:27:43 Europe/Berlin] Current session data: {"csrf_token":"9fe7391647f1e4d5a57d1798038b94cf98f2b130a13242244ecceae611087089","csrf_token_time":1747020422,"admin_id":1,"srcode":"21-00001","admin_name":"Admin User","email":"admin@admin.com","is_super_admin":true,"usertype":"admin"}
[12-May-2025 05:28:10 Europe/Berlin] Session already active in TokenHandler. Session ID: 0kpcqpq133luhqo0577f2kc8t0
[12-May-2025 05:28:10 Europe/Berlin] Current session data: {"csrf_token":"9fe7391647f1e4d5a57d1798038b94cf98f2b130a13242244ecceae611087089","csrf_token_time":1747020422,"admin_id":1,"srcode":"21-00001","admin_name":"Admin User","email":"admin@admin.com","is_super_admin":true,"usertype":"admin"}
[12-May-2025 05:28:10 Europe/Berlin] Session already active in TokenHandler. Session ID: 0kpcqpq133luhqo0577f2kc8t0
[12-May-2025 05:28:10 Europe/Berlin] Current session data: {"csrf_token":"9fe7391647f1e4d5a57d1798038b94cf98f2b130a13242244ecceae611087089","csrf_token_time":1747020422,"admin_id":1,"srcode":"21-00001","admin_name":"Admin User","email":"admin@admin.com","is_super_admin":true,"usertype":"admin"}
[12-May-2025 05:28:12 Europe/Berlin] Session already active in TokenHandler. Session ID: 0kpcqpq133luhqo0577f2kc8t0
[12-May-2025 05:28:12 Europe/Berlin] Current session data: {"csrf_token":"9fe7391647f1e4d5a57d1798038b94cf98f2b130a13242244ecceae611087089","csrf_token_time":1747020422,"admin_id":1,"srcode":"21-00001","admin_name":"Admin User","email":"admin@admin.com","is_super_admin":true,"usertype":"admin"}
[12-May-2025 05:28:12 Europe/Berlin] Session already active in TokenHandler. Session ID: 0kpcqpq133luhqo0577f2kc8t0
[12-May-2025 05:28:12 Europe/Berlin] Current session data: {"csrf_token":"9fe7391647f1e4d5a57d1798038b94cf98f2b130a13242244ecceae611087089","csrf_token_time":1747020422,"admin_id":1,"srcode":"21-00001","admin_name":"Admin User","email":"admin@admin.com","is_super_admin":true,"usertype":"admin"}
[12-May-2025 05:28:24 Europe/Berlin] Session already active in TokenHandler. Session ID: 0kpcqpq133luhqo0577f2kc8t0
[12-May-2025 05:28:24 Europe/Berlin] Current session data: {"csrf_token":"9fe7391647f1e4d5a57d1798038b94cf98f2b130a13242244ecceae611087089","csrf_token_time":1747020422,"admin_id":1,"srcode":"23-32966","admin_name":"Admin User","email":"23-32966@g.batstate-u.edu.ph","is_super_admin":true,"usertype":"user","student_id":1,"student_name":"Lourence Reguis","course_id":1,"section":"2201"}
[12-May-2025 05:28:24 Europe/Berlin] Session already active in TokenHandler. Session ID: 0kpcqpq133luhqo0577f2kc8t0
[12-May-2025 05:28:24 Europe/Berlin] Current session data: {"csrf_token":"9fe7391647f1e4d5a57d1798038b94cf98f2b130a13242244ecceae611087089","csrf_token_time":1747020422,"admin_id":1,"srcode":"23-32966","admin_name":"Admin User","email":"23-32966@g.batstate-u.edu.ph","is_super_admin":true,"usertype":"user","student_id":1,"student_name":"Lourence Reguis","course_id":1,"section":"2201"}
[12-May-2025 05:28:26 Europe/Berlin] Session already active in TokenHandler. Session ID: 0kpcqpq133luhqo0577f2kc8t0
[12-May-2025 05:28:26 Europe/Berlin] Current session data: {"csrf_token":"9fe7391647f1e4d5a57d1798038b94cf98f2b130a13242244ecceae611087089","csrf_token_time":1747020422,"admin_id":1,"srcode":"23-32966","admin_name":"Admin User","email":"23-32966@g.batstate-u.edu.ph","is_super_admin":true,"usertype":"user","student_id":1,"student_name":"Lourence Reguis","course_id":1,"section":"2201"}
[12-May-2025 05:28:26 Europe/Berlin] Session already active in TokenHandler. Session ID: 0kpcqpq133luhqo0577f2kc8t0
[12-May-2025 05:28:26 Europe/Berlin] Current session data: {"csrf_token":"9fe7391647f1e4d5a57d1798038b94cf98f2b130a13242244ecceae611087089","csrf_token_time":1747020422,"admin_id":1,"srcode":"23-32966","admin_name":"Admin User","email":"23-32966@g.batstate-u.edu.ph","is_super_admin":true,"usertype":"user","student_id":1,"student_name":"Lourence Reguis","course_id":1,"section":"2201"}
[12-May-2025 05:31:59 Europe/Berlin] Session already active in TokenHandler. Session ID: 0kpcqpq133luhqo0577f2kc8t0
[12-May-2025 05:31:59 Europe/Berlin] Current session data: {"csrf_token":"a333a0ae1e39518d37d79dbc325955cd89f62c7e9aecc225dcf0dc039863c0db","csrf_token_time":1747020422,"admin_id":1,"srcode":"23-32966","admin_name":"Admin User","email":"23-32966@g.batstate-u.edu.ph","is_super_admin":true,"usertype":"user","student_id":1,"student_name":"Lourence Reguis","course_id":1,"section":"2201"}
[12-May-2025 05:31:59 Europe/Berlin] Session already active in TokenHandler. Session ID: 0kpcqpq133luhqo0577f2kc8t0
[12-May-2025 05:31:59 Europe/Berlin] Current session data: {"csrf_token":"a333a0ae1e39518d37d79dbc325955cd89f62c7e9aecc225dcf0dc039863c0db","csrf_token_time":1747020422,"admin_id":1,"srcode":"23-32966","admin_name":"Admin User","email":"23-32966@g.batstate-u.edu.ph","is_super_admin":true,"usertype":"user","student_id":1,"student_name":"Lourence Reguis","course_id":1,"section":"2201"}
[12-May-2025 05:32:04 Europe/Berlin] Session already active in TokenHandler. Session ID: 0kpcqpq133luhqo0577f2kc8t0
[12-May-2025 05:32:04 Europe/Berlin] Current session data: {"csrf_token":"a333a0ae1e39518d37d79dbc325955cd89f62c7e9aecc225dcf0dc039863c0db","csrf_token_time":1747020422,"admin_id":1,"srcode":"23-32966","admin_name":"Admin User","email":"23-32966@g.batstate-u.edu.ph","is_super_admin":true,"usertype":"user","student_id":1,"student_name":"Lourence Reguis","course_id":1,"section":"2201"}
[12-May-2025 05:32:04 Europe/Berlin] Session already active in TokenHandler. Session ID: 0kpcqpq133luhqo0577f2kc8t0
[12-May-2025 05:32:04 Europe/Berlin] Current session data: {"csrf_token":"a333a0ae1e39518d37d79dbc325955cd89f62c7e9aecc225dcf0dc039863c0db","csrf_token_time":1747020422,"admin_id":1,"srcode":"23-32966","admin_name":"Admin User","email":"23-32966@g.batstate-u.edu.ph","is_super_admin":true,"usertype":"user","student_id":1,"student_name":"Lourence Reguis","course_id":1,"section":"2201"}
[12-May-2025 05:32:05 Europe/Berlin] Session already active in TokenHandler. Session ID: 0kpcqpq133luhqo0577f2kc8t0
[12-May-2025 05:32:05 Europe/Berlin] Current session data: {"csrf_token":"a333a0ae1e39518d37d79dbc325955cd89f62c7e9aecc225dcf0dc039863c0db","csrf_token_time":1747020422,"admin_id":1,"srcode":"23-32966","admin_name":"Admin User","email":"23-32966@g.batstate-u.edu.ph","is_super_admin":true,"usertype":"user","student_id":1,"student_name":"Lourence Reguis","course_id":1,"section":"2201"}
[12-May-2025 05:32:05 Europe/Berlin] Session already active in TokenHandler. Session ID: 0kpcqpq133luhqo0577f2kc8t0
[12-May-2025 05:32:05 Europe/Berlin] Current session data: {"csrf_token":"a333a0ae1e39518d37d79dbc325955cd89f62c7e9aecc225dcf0dc039863c0db","csrf_token_time":1747020422,"admin_id":1,"srcode":"23-32966","admin_name":"Admin User","email":"23-32966@g.batstate-u.edu.ph","is_super_admin":true,"usertype":"user","student_id":1,"student_name":"Lourence Reguis","course_id":1,"section":"2201"}
[12-May-2025 05:33:47 Europe/Berlin] Session already active in TokenHandler. Session ID: 0kpcqpq133luhqo0577f2kc8t0
[12-May-2025 05:33:47 Europe/Berlin] Current session data: {"csrf_token":"077fc588902d84ca37a97f9efd0112df0e08d0d0112762713ddab43eac838b07","csrf_token_time":1747020422,"admin_id":1,"srcode":"23-32966","admin_name":"Admin User","email":"23-32966@g.batstate-u.edu.ph","is_super_admin":true,"usertype":"user","student_id":1,"student_name":"Lourence Reguis","course_id":1,"section":"2201"}
[12-May-2025 05:33:47 Europe/Berlin] Session already active in TokenHandler. Session ID: 0kpcqpq133luhqo0577f2kc8t0
[12-May-2025 05:33:47 Europe/Berlin] Current session data: {"csrf_token":"077fc588902d84ca37a97f9efd0112df0e08d0d0112762713ddab43eac838b07","csrf_token_time":1747020422,"admin_id":1,"srcode":"23-32966","admin_name":"Admin User","email":"23-32966@g.batstate-u.edu.ph","is_super_admin":true,"usertype":"user","student_id":1,"student_name":"Lourence Reguis","course_id":1,"section":"2201"}
[12-May-2025 05:33:49 Europe/Berlin] Session already active in TokenHandler. Session ID: 0kpcqpq133luhqo0577f2kc8t0
[12-May-2025 05:33:49 Europe/Berlin] Current session data: {"csrf_token":"077fc588902d84ca37a97f9efd0112df0e08d0d0112762713ddab43eac838b07","csrf_token_time":1747020422,"admin_id":1,"srcode":"23-32966","admin_name":"Admin User","email":"23-32966@g.batstate-u.edu.ph","is_super_admin":true,"usertype":"user","student_id":1,"student_name":"Lourence Reguis","course_id":1,"section":"2201"}
[12-May-2025 05:33:49 Europe/Berlin] Session already active in TokenHandler. Session ID: 0kpcqpq133luhqo0577f2kc8t0
[12-May-2025 05:33:49 Europe/Berlin] Current session data: {"csrf_token":"077fc588902d84ca37a97f9efd0112df0e08d0d0112762713ddab43eac838b07","csrf_token_time":1747020422,"admin_id":1,"srcode":"23-32966","admin_name":"Admin User","email":"23-32966@g.batstate-u.edu.ph","is_super_admin":true,"usertype":"user","student_id":1,"student_name":"Lourence Reguis","course_id":1,"section":"2201"}
[12-May-2025 05:33:51 Europe/Berlin] Session already active in TokenHandler. Session ID: 0kpcqpq133luhqo0577f2kc8t0
[12-May-2025 05:33:51 Europe/Berlin] Current session data: {"csrf_token":"077fc588902d84ca37a97f9efd0112df0e08d0d0112762713ddab43eac838b07","csrf_token_time":1747020422,"admin_id":1,"srcode":"23-32966","admin_name":"Admin User","email":"23-32966@g.batstate-u.edu.ph","is_super_admin":true,"usertype":"user","student_id":1,"student_name":"Lourence Reguis","course_id":1,"section":"2201"}
[12-May-2025 05:33:51 Europe/Berlin] Session already active in TokenHandler. Session ID: 0kpcqpq133luhqo0577f2kc8t0
[12-May-2025 05:33:51 Europe/Berlin] Current session data: {"csrf_token":"077fc588902d84ca37a97f9efd0112df0e08d0d0112762713ddab43eac838b07","csrf_token_time":1747020422,"admin_id":1,"srcode":"23-32966","admin_name":"Admin User","email":"23-32966@g.batstate-u.edu.ph","is_super_admin":true,"usertype":"user","student_id":1,"student_name":"Lourence Reguis","course_id":1,"section":"2201"}
[12-May-2025 05:33:51 Europe/Berlin] Session already active in TokenHandler. Session ID: 0kpcqpq133luhqo0577f2kc8t0
[12-May-2025 05:33:51 Europe/Berlin] Current session data: {"csrf_token":"077fc588902d84ca37a97f9efd0112df0e08d0d0112762713ddab43eac838b07","csrf_token_time":1747020422,"admin_id":1,"srcode":"23-32966","admin_name":"Admin User","email":"23-32966@g.batstate-u.edu.ph","is_super_admin":true,"usertype":"user","student_id":1,"student_name":"Lourence Reguis","course_id":1,"section":"2201"}
[12-May-2025 05:33:51 Europe/Berlin] Session already active in TokenHandler. Session ID: 0kpcqpq133luhqo0577f2kc8t0
[12-May-2025 05:33:51 Europe/Berlin] Current session data: {"csrf_token":"077fc588902d84ca37a97f9efd0112df0e08d0d0112762713ddab43eac838b07","csrf_token_time":1747020422,"admin_id":1,"srcode":"23-32966","admin_name":"Admin User","email":"23-32966@g.batstate-u.edu.ph","is_super_admin":true,"usertype":"user","student_id":1,"student_name":"Lourence Reguis","course_id":1,"section":"2201"}
[12-May-2025 05:33:55 Europe/Berlin] Session already active in TokenHandler. Session ID: 0kpcqpq133luhqo0577f2kc8t0
[12-May-2025 05:33:55 Europe/Berlin] Current session data: []
[12-May-2025 05:33:55 Europe/Berlin] Session already active in TokenHandler. Session ID: 0kpcqpq133luhqo0577f2kc8t0
[12-May-2025 05:33:55 Europe/Berlin] Current session data: {"csrf_token":"c2bd1d4c271f8d75a40a4b4f5fdddff4361c2b72c4c7a9b79def13f112b99528","csrf_token_time":1747020835}
[12-May-2025 05:33:57 Europe/Berlin] Session already active in TokenHandler. Session ID: 0kpcqpq133luhqo0577f2kc8t0
[12-May-2025 05:33:57 Europe/Berlin] Current session data: {"csrf_token":"c2bd1d4c271f8d75a40a4b4f5fdddff4361c2b72c4c7a9b79def13f112b99528","csrf_token_time":1747020835}
[12-May-2025 05:33:57 Europe/Berlin] Session already active in TokenHandler. Session ID: 0kpcqpq133luhqo0577f2kc8t0
[12-May-2025 05:33:57 Europe/Berlin] Current session data: {"csrf_token":"c2bd1d4c271f8d75a40a4b4f5fdddff4361c2b72c4c7a9b79def13f112b99528","csrf_token_time":1747020835}
[12-May-2025 05:34:04 Europe/Berlin] Session already active in TokenHandler. Session ID: 0kpcqpq133luhqo0577f2kc8t0
[12-May-2025 05:34:04 Europe/Berlin] Current session data: {"csrf_token":"c2bd1d4c271f8d75a40a4b4f5fdddff4361c2b72c4c7a9b79def13f112b99528","csrf_token_time":1747020835,"admin_id":1,"srcode":"21-00001","admin_name":"Admin User","email":"admin@admin.com","is_super_admin":true,"usertype":"admin"}
[12-May-2025 05:34:04 Europe/Berlin] Session already active in TokenHandler. Session ID: 0kpcqpq133luhqo0577f2kc8t0
[12-May-2025 05:34:04 Europe/Berlin] Current session data: {"csrf_token":"c2bd1d4c271f8d75a40a4b4f5fdddff4361c2b72c4c7a9b79def13f112b99528","csrf_token_time":1747020835,"admin_id":1,"srcode":"21-00001","admin_name":"Admin User","email":"admin@admin.com","is_super_admin":true,"usertype":"admin"}
[12-May-2025 05:34:06 Europe/Berlin] Session already active in TokenHandler. Session ID: 0kpcqpq133luhqo0577f2kc8t0
[12-May-2025 05:34:06 Europe/Berlin] Current session data: {"csrf_token":"c2bd1d4c271f8d75a40a4b4f5fdddff4361c2b72c4c7a9b79def13f112b99528","csrf_token_time":1747020835,"admin_id":1,"srcode":"21-00001","admin_name":"Admin User","email":"admin@admin.com","is_super_admin":true,"usertype":"admin"}
[12-May-2025 05:34:06 Europe/Berlin] Session already active in TokenHandler. Session ID: 0kpcqpq133luhqo0577f2kc8t0
[12-May-2025 05:34:06 Europe/Berlin] Current session data: {"csrf_token":"c2bd1d4c271f8d75a40a4b4f5fdddff4361c2b72c4c7a9b79def13f112b99528","csrf_token_time":1747020835,"admin_id":1,"srcode":"21-00001","admin_name":"Admin User","email":"admin@admin.com","is_super_admin":true,"usertype":"admin"}
[12-May-2025 05:34:13 Europe/Berlin] Session already active in TokenHandler. Session ID: 0kpcqpq133luhqo0577f2kc8t0
[12-May-2025 05:34:13 Europe/Berlin] Current session data: {"csrf_token":"c2bd1d4c271f8d75a40a4b4f5fdddff4361c2b72c4c7a9b79def13f112b99528","csrf_token_time":1747020835,"admin_id":1,"srcode":"21-00001","admin_name":"Admin User","email":"admin@admin.com","is_super_admin":true,"usertype":"admin"}
[12-May-2025 05:34:13 Europe/Berlin] Session already active in TokenHandler. Session ID: 0kpcqpq133luhqo0577f2kc8t0
[12-May-2025 05:34:13 Europe/Berlin] Current session data: {"csrf_token":"c2bd1d4c271f8d75a40a4b4f5fdddff4361c2b72c4c7a9b79def13f112b99528","csrf_token_time":1747020835,"admin_id":1,"srcode":"21-00001","admin_name":"Admin User","email":"admin@admin.com","is_super_admin":true,"usertype":"admin"}
[12-May-2025 05:34:13 Europe/Berlin] Session already active in TokenHandler. Session ID: 0kpcqpq133luhqo0577f2kc8t0
[12-May-2025 05:34:13 Europe/Berlin] Current session data: {"csrf_token":"c2bd1d4c271f8d75a40a4b4f5fdddff4361c2b72c4c7a9b79def13f112b99528","csrf_token_time":1747020835,"admin_id":1,"srcode":"21-00001","admin_name":"Admin User","email":"admin@admin.com","is_super_admin":true,"usertype":"admin"}
[12-May-2025 05:34:13 Europe/Berlin] Session already active in TokenHandler. Session ID: 0kpcqpq133luhqo0577f2kc8t0
[12-May-2025 05:34:13 Europe/Berlin] Current session data: {"csrf_token":"c2bd1d4c271f8d75a40a4b4f5fdddff4361c2b72c4c7a9b79def13f112b99528","csrf_token_time":1747020835,"admin_id":1,"srcode":"21-00001","admin_name":"Admin User","email":"admin@admin.com","is_super_admin":true,"usertype":"admin"}
[12-May-2025 05:34:21 Europe/Berlin] Session already active in TokenHandler. Session ID: 0kpcqpq133luhqo0577f2kc8t0
[12-May-2025 05:34:21 Europe/Berlin] Current session data: {"csrf_token":"c2bd1d4c271f8d75a40a4b4f5fdddff4361c2b72c4c7a9b79def13f112b99528","csrf_token_time":1747020835,"admin_id":1,"srcode":"21-00001","admin_name":"Admin User","email":"admin@admin.com","is_super_admin":true,"usertype":"admin"}
[12-May-2025 05:34:31 Europe/Berlin] Session already active in TokenHandler. Session ID: 0kpcqpq133luhqo0577f2kc8t0
[12-May-2025 05:34:31 Europe/Berlin] Current session data: {"csrf_token":"c2bd1d4c271f8d75a40a4b4f5fdddff4361c2b72c4c7a9b79def13f112b99528","csrf_token_time":1747020835,"admin_id":1,"srcode":"21-00001","admin_name":"Admin User","email":"admin@admin.com","is_super_admin":true,"usertype":"admin"}
[12-May-2025 05:34:31 Europe/Berlin] Session already active in TokenHandler. Session ID: 0kpcqpq133luhqo0577f2kc8t0
[12-May-2025 05:34:31 Europe/Berlin] Current session data: {"csrf_token":"c2bd1d4c271f8d75a40a4b4f5fdddff4361c2b72c4c7a9b79def13f112b99528","csrf_token_time":1747020835,"admin_id":1,"srcode":"21-00001","admin_name":"Admin User","email":"admin@admin.com","is_super_admin":true,"usertype":"admin"}
[12-May-2025 05:34:34 Europe/Berlin] Session already active in TokenHandler. Session ID: 0kpcqpq133luhqo0577f2kc8t0
[12-May-2025 05:34:34 Europe/Berlin] Current session data: {"csrf_token":"c2bd1d4c271f8d75a40a4b4f5fdddff4361c2b72c4c7a9b79def13f112b99528","csrf_token_time":1747020835,"admin_id":1,"srcode":"21-00001","admin_name":"Admin User","email":"admin@admin.com","is_super_admin":true,"usertype":"admin"}
[12-May-2025 05:34:34 Europe/Berlin] Session already active in TokenHandler. Session ID: 0kpcqpq133luhqo0577f2kc8t0
[12-May-2025 05:34:34 Europe/Berlin] Current session data: {"csrf_token":"c2bd1d4c271f8d75a40a4b4f5fdddff4361c2b72c4c7a9b79def13f112b99528","csrf_token_time":1747020835,"admin_id":1,"srcode":"21-00001","admin_name":"Admin User","email":"admin@admin.com","is_super_admin":true,"usertype":"admin"}
[12-May-2025 05:34:42 Europe/Berlin] Session already active in TokenHandler. Session ID: 0kpcqpq133luhqo0577f2kc8t0
[12-May-2025 05:34:42 Europe/Berlin] Current session data: {"csrf_token":"c2bd1d4c271f8d75a40a4b4f5fdddff4361c2b72c4c7a9b79def13f112b99528","csrf_token_time":1747020835,"admin_id":1,"srcode":"23-32966","admin_name":"Admin User","email":"23-32966@g.batstate-u.edu.ph","is_super_admin":true,"usertype":"user","student_id":1,"student_name":"Lourence Reguis","course_id":1,"section":"2201"}
[12-May-2025 05:34:42 Europe/Berlin] Session already active in TokenHandler. Session ID: 0kpcqpq133luhqo0577f2kc8t0
[12-May-2025 05:34:42 Europe/Berlin] Current session data: {"csrf_token":"c2bd1d4c271f8d75a40a4b4f5fdddff4361c2b72c4c7a9b79def13f112b99528","csrf_token_time":1747020835,"admin_id":1,"srcode":"23-32966","admin_name":"Admin User","email":"23-32966@g.batstate-u.edu.ph","is_super_admin":true,"usertype":"user","student_id":1,"student_name":"Lourence Reguis","course_id":1,"section":"2201"}
[12-May-2025 05:34:44 Europe/Berlin] Session already active in TokenHandler. Session ID: 0kpcqpq133luhqo0577f2kc8t0
[12-May-2025 05:34:44 Europe/Berlin] Current session data: {"csrf_token":"c2bd1d4c271f8d75a40a4b4f5fdddff4361c2b72c4c7a9b79def13f112b99528","csrf_token_time":1747020835,"admin_id":1,"srcode":"23-32966","admin_name":"Admin User","email":"23-32966@g.batstate-u.edu.ph","is_super_admin":true,"usertype":"user","student_id":1,"student_name":"Lourence Reguis","course_id":1,"section":"2201"}
[12-May-2025 05:34:44 Europe/Berlin] Session already active in TokenHandler. Session ID: 0kpcqpq133luhqo0577f2kc8t0
[12-May-2025 05:34:44 Europe/Berlin] Current session data: {"csrf_token":"c2bd1d4c271f8d75a40a4b4f5fdddff4361c2b72c4c7a9b79def13f112b99528","csrf_token_time":1747020835,"admin_id":1,"srcode":"23-32966","admin_name":"Admin User","email":"23-32966@g.batstate-u.edu.ph","is_super_admin":true,"usertype":"user","student_id":1,"student_name":"Lourence Reguis","course_id":1,"section":"2201"}
[12-May-2025 05:36:26 Europe/Berlin] Session already active in TokenHandler. Session ID: 0kpcqpq133luhqo0577f2kc8t0
[12-May-2025 05:36:26 Europe/Berlin] Current session data: {"csrf_token":"c2bd1d4c271f8d75a40a4b4f5fdddff4361c2b72c4c7a9b79def13f112b99528","csrf_token_time":1747020835,"admin_id":1,"srcode":"23-32966","admin_name":"Admin User","email":"23-32966@g.batstate-u.edu.ph","is_super_admin":true,"usertype":"user","student_id":1,"student_name":"Lourence Reguis","course_id":1,"section":"2201"}
[12-May-2025 05:36:26 Europe/Berlin] Session already active in TokenHandler. Session ID: 0kpcqpq133luhqo0577f2kc8t0
[12-May-2025 05:36:26 Europe/Berlin] Current session data: {"csrf_token":"c2bd1d4c271f8d75a40a4b4f5fdddff4361c2b72c4c7a9b79def13f112b99528","csrf_token_time":1747020835,"admin_id":1,"srcode":"23-32966","admin_name":"Admin User","email":"23-32966@g.batstate-u.edu.ph","is_super_admin":true,"usertype":"user","student_id":1,"student_name":"Lourence Reguis","course_id":1,"section":"2201"}
[12-May-2025 05:41:35 Europe/Berlin] Session already active in TokenHandler. Session ID: 0kpcqpq133luhqo0577f2kc8t0
[12-May-2025 05:41:35 Europe/Berlin] Current session data: {"csrf_token":"2599064c06ea5c052be85ecdc8b3e07ace555d38394feb1d1b4645beb6b24d38","csrf_token_time":1747020835,"admin_id":1,"srcode":"23-32966","admin_name":"Admin User","email":"23-32966@g.batstate-u.edu.ph","is_super_admin":true,"usertype":"user","student_id":1,"student_name":"Lourence Reguis","course_id":1,"section":"2201"}
[12-May-2025 05:41:35 Europe/Berlin] Session already active in TokenHandler. Session ID: 0kpcqpq133luhqo0577f2kc8t0
[12-May-2025 05:41:35 Europe/Berlin] Current session data: {"csrf_token":"2599064c06ea5c052be85ecdc8b3e07ace555d38394feb1d1b4645beb6b24d38","csrf_token_time":1747020835,"admin_id":1,"srcode":"23-32966","admin_name":"Admin User","email":"23-32966@g.batstate-u.edu.ph","is_super_admin":true,"usertype":"user","student_id":1,"student_name":"Lourence Reguis","course_id":1,"section":"2201"}
[12-May-2025 05:43:44 Europe/Berlin] Session already active in TokenHandler. Session ID: 0kpcqpq133luhqo0577f2kc8t0
[12-May-2025 05:43:44 Europe/Berlin] Current session data: {"csrf_token":"558ce1c205879f9e446c5b64d1e801eac27aad22c8223e40e4bc8ef8b7a93aaf","csrf_token_time":1747020835,"admin_id":1,"srcode":"23-32966","admin_name":"Admin User","email":"23-32966@g.batstate-u.edu.ph","is_super_admin":true,"usertype":"user","student_id":1,"student_name":"Lourence Reguis","course_id":1,"section":"2201"}
[12-May-2025 05:43:44 Europe/Berlin] Session already active in TokenHandler. Session ID: 0kpcqpq133luhqo0577f2kc8t0
[12-May-2025 05:43:44 Europe/Berlin] Current session data: {"csrf_token":"558ce1c205879f9e446c5b64d1e801eac27aad22c8223e40e4bc8ef8b7a93aaf","csrf_token_time":1747020835,"admin_id":1,"srcode":"23-32966","admin_name":"Admin User","email":"23-32966@g.batstate-u.edu.ph","is_super_admin":true,"usertype":"user","student_id":1,"student_name":"Lourence Reguis","course_id":1,"section":"2201"}
[12-May-2025 05:45:27 Europe/Berlin] Session already active in TokenHandler. Session ID: 0kpcqpq133luhqo0577f2kc8t0
[12-May-2025 05:45:27 Europe/Berlin] Current session data: []
[12-May-2025 05:45:27 Europe/Berlin] Session already active in TokenHandler. Session ID: 0kpcqpq133luhqo0577f2kc8t0
[12-May-2025 05:45:27 Europe/Berlin] Current session data: {"csrf_token":"5ffb3e8e7ed27f2f9ba524a6799225be1e54a38b5919e092c715070a8e85b79d","csrf_token_time":1747021527}
[12-May-2025 05:45:31 Europe/Berlin] Session already active in TokenHandler. Session ID: 0kpcqpq133luhqo0577f2kc8t0
[12-May-2025 05:45:31 Europe/Berlin] Current session data: {"csrf_token":"5ffb3e8e7ed27f2f9ba524a6799225be1e54a38b5919e092c715070a8e85b79d","csrf_token_time":1747021527}
[12-May-2025 05:45:31 Europe/Berlin] Session already active in TokenHandler. Session ID: 0kpcqpq133luhqo0577f2kc8t0
[12-May-2025 05:45:31 Europe/Berlin] Current session data: {"csrf_token":"5ffb3e8e7ed27f2f9ba524a6799225be1e54a38b5919e092c715070a8e85b79d","csrf_token_time":1747021527}
[12-May-2025 05:45:31 Europe/Berlin] Session already active in TokenHandler. Session ID: 0kpcqpq133luhqo0577f2kc8t0
[12-May-2025 05:45:31 Europe/Berlin] Current session data: {"csrf_token":"5ffb3e8e7ed27f2f9ba524a6799225be1e54a38b5919e092c715070a8e85b79d","csrf_token_time":1747021527}
[12-May-2025 05:45:33 Europe/Berlin] Session already active in TokenHandler. Session ID: 0kpcqpq133luhqo0577f2kc8t0
[12-May-2025 05:45:33 Europe/Berlin] Current session data: {"csrf_token":"5ffb3e8e7ed27f2f9ba524a6799225be1e54a38b5919e092c715070a8e85b79d","csrf_token_time":1747021527}
[12-May-2025 05:45:33 Europe/Berlin] Session already active in TokenHandler. Session ID: 0kpcqpq133luhqo0577f2kc8t0
[12-May-2025 05:45:33 Europe/Berlin] Current session data: {"csrf_token":"5ffb3e8e7ed27f2f9ba524a6799225be1e54a38b5919e092c715070a8e85b79d","csrf_token_time":1747021527}
[12-May-2025 05:45:48 Europe/Berlin] Session already active in TokenHandler. Session ID: 0kpcqpq133luhqo0577f2kc8t0
[12-May-2025 05:45:48 Europe/Berlin] Current session data: {"csrf_token":"5ffb3e8e7ed27f2f9ba524a6799225be1e54a38b5919e092c715070a8e85b79d","csrf_token_time":1747021527,"admin_id":1,"srcode":"21-00001","admin_name":"Admin User","email":"admin@admin.com","is_super_admin":true,"usertype":"admin"}
[12-May-2025 05:45:48 Europe/Berlin] Session already active in TokenHandler. Session ID: 0kpcqpq133luhqo0577f2kc8t0
[12-May-2025 05:45:48 Europe/Berlin] Current session data: {"csrf_token":"5ffb3e8e7ed27f2f9ba524a6799225be1e54a38b5919e092c715070a8e85b79d","csrf_token_time":1747021527,"admin_id":1,"srcode":"21-00001","admin_name":"Admin User","email":"admin@admin.com","is_super_admin":true,"usertype":"admin"}
[12-May-2025 05:45:50 Europe/Berlin] Session already active in TokenHandler. Session ID: 0kpcqpq133luhqo0577f2kc8t0
[12-May-2025 05:45:50 Europe/Berlin] Current session data: {"csrf_token":"5ffb3e8e7ed27f2f9ba524a6799225be1e54a38b5919e092c715070a8e85b79d","csrf_token_time":1747021527,"admin_id":1,"srcode":"21-00001","admin_name":"Admin User","email":"admin@admin.com","is_super_admin":true,"usertype":"admin"}
[12-May-2025 05:45:50 Europe/Berlin] Session already active in TokenHandler. Session ID: 0kpcqpq133luhqo0577f2kc8t0
[12-May-2025 05:45:50 Europe/Berlin] Current session data: {"csrf_token":"5ffb3e8e7ed27f2f9ba524a6799225be1e54a38b5919e092c715070a8e85b79d","csrf_token_time":1747021527,"admin_id":1,"srcode":"21-00001","admin_name":"Admin User","email":"admin@admin.com","is_super_admin":true,"usertype":"admin"}
[12-May-2025 05:45:56 Europe/Berlin] Session already active in TokenHandler. Session ID: 0kpcqpq133luhqo0577f2kc8t0
[12-May-2025 05:45:56 Europe/Berlin] Current session data: {"csrf_token":"5ffb3e8e7ed27f2f9ba524a6799225be1e54a38b5919e092c715070a8e85b79d","csrf_token_time":1747021527,"admin_id":1,"srcode":"21-00001","admin_name":"Admin User","email":"admin@admin.com","is_super_admin":true,"usertype":"admin"}
[12-May-2025 05:45:56 Europe/Berlin] Session already active in TokenHandler. Session ID: 0kpcqpq133luhqo0577f2kc8t0
[12-May-2025 05:45:56 Europe/Berlin] Current session data: {"csrf_token":"5ffb3e8e7ed27f2f9ba524a6799225be1e54a38b5919e092c715070a8e85b79d","csrf_token_time":1747021527,"admin_id":1,"srcode":"21-00001","admin_name":"Admin User","email":"admin@admin.com","is_super_admin":true,"usertype":"admin"}
[12-May-2025 05:45:56 Europe/Berlin] Session already active in TokenHandler. Session ID: 0kpcqpq133luhqo0577f2kc8t0
[12-May-2025 05:45:56 Europe/Berlin] Current session data: {"csrf_token":"5ffb3e8e7ed27f2f9ba524a6799225be1e54a38b5919e092c715070a8e85b79d","csrf_token_time":1747021527,"admin_id":1,"srcode":"21-00001","admin_name":"Admin User","email":"admin@admin.com","is_super_admin":true,"usertype":"admin"}
[12-May-2025 05:45:56 Europe/Berlin] Session already active in TokenHandler. Session ID: 0kpcqpq133luhqo0577f2kc8t0
[12-May-2025 05:45:56 Europe/Berlin] Current session data: {"csrf_token":"5ffb3e8e7ed27f2f9ba524a6799225be1e54a38b5919e092c715070a8e85b79d","csrf_token_time":1747021527,"admin_id":1,"srcode":"21-00001","admin_name":"Admin User","email":"admin@admin.com","is_super_admin":true,"usertype":"admin"}
[12-May-2025 05:45:57 Europe/Berlin] Session already active in TokenHandler. Session ID: 0kpcqpq133luhqo0577f2kc8t0
[12-May-2025 05:45:57 Europe/Berlin] Current session data: {"csrf_token":"5ffb3e8e7ed27f2f9ba524a6799225be1e54a38b5919e092c715070a8e85b79d","csrf_token_time":1747021527,"admin_id":1,"srcode":"21-00001","admin_name":"Admin User","email":"admin@admin.com","is_super_admin":true,"usertype":"admin"}
[12-May-2025 05:45:57 Europe/Berlin] Session already active in TokenHandler. Session ID: 0kpcqpq133luhqo0577f2kc8t0
[12-May-2025 05:45:57 Europe/Berlin] Current session data: {"csrf_token":"5ffb3e8e7ed27f2f9ba524a6799225be1e54a38b5919e092c715070a8e85b79d","csrf_token_time":1747021527,"admin_id":1,"srcode":"21-00001","admin_name":"Admin User","email":"admin@admin.com","is_super_admin":true,"usertype":"admin"}
[12-May-2025 05:45:58 Europe/Berlin] Session already active in TokenHandler. Session ID: 0kpcqpq133luhqo0577f2kc8t0
[12-May-2025 05:45:58 Europe/Berlin] Current session data: {"csrf_token":"5ffb3e8e7ed27f2f9ba524a6799225be1e54a38b5919e092c715070a8e85b79d","csrf_token_time":1747021527,"admin_id":1,"srcode":"21-00001","admin_name":"Admin User","email":"admin@admin.com","is_super_admin":true,"usertype":"admin"}
[12-May-2025 05:45:58 Europe/Berlin] Session already active in TokenHandler. Session ID: 0kpcqpq133luhqo0577f2kc8t0
[12-May-2025 05:45:58 Europe/Berlin] Current session data: {"csrf_token":"5ffb3e8e7ed27f2f9ba524a6799225be1e54a38b5919e092c715070a8e85b79d","csrf_token_time":1747021527,"admin_id":1,"srcode":"21-00001","admin_name":"Admin User","email":"admin@admin.com","is_super_admin":true,"usertype":"admin"}
[12-May-2025 05:45:58 Europe/Berlin] Session already active in TokenHandler. Session ID: 0kpcqpq133luhqo0577f2kc8t0
[12-May-2025 05:45:58 Europe/Berlin] Current session data: {"csrf_token":"5ffb3e8e7ed27f2f9ba524a6799225be1e54a38b5919e092c715070a8e85b79d","csrf_token_time":1747021527,"admin_id":1,"srcode":"21-00001","admin_name":"Admin User","email":"admin@admin.com","is_super_admin":true,"usertype":"admin"}
[12-May-2025 05:45:58 Europe/Berlin] Session already active in TokenHandler. Session ID: 0kpcqpq133luhqo0577f2kc8t0
[12-May-2025 05:45:58 Europe/Berlin] Current session data: {"csrf_token":"5ffb3e8e7ed27f2f9ba524a6799225be1e54a38b5919e092c715070a8e85b79d","csrf_token_time":1747021527,"admin_id":1,"srcode":"21-00001","admin_name":"Admin User","email":"admin@admin.com","is_super_admin":true,"usertype":"admin"}
[12-May-2025 05:45:59 Europe/Berlin] Session already active in TokenHandler. Session ID: 0kpcqpq133luhqo0577f2kc8t0
[12-May-2025 05:45:59 Europe/Berlin] Current session data: {"csrf_token":"5ffb3e8e7ed27f2f9ba524a6799225be1e54a38b5919e092c715070a8e85b79d","csrf_token_time":1747021527,"admin_id":1,"srcode":"21-00001","admin_name":"Admin User","email":"admin@admin.com","is_super_admin":true,"usertype":"admin"}
[12-May-2025 05:45:59 Europe/Berlin] Session already active in TokenHandler. Session ID: 0kpcqpq133luhqo0577f2kc8t0
[12-May-2025 05:45:59 Europe/Berlin] Current session data: {"csrf_token":"5ffb3e8e7ed27f2f9ba524a6799225be1e54a38b5919e092c715070a8e85b79d","csrf_token_time":1747021527,"admin_id":1,"srcode":"21-00001","admin_name":"Admin User","email":"admin@admin.com","is_super_admin":true,"usertype":"admin"}
[12-May-2025 05:46:06 Europe/Berlin] Session already active in TokenHandler. Session ID: 0kpcqpq133luhqo0577f2kc8t0
[12-May-2025 05:46:06 Europe/Berlin] Current session data: {"csrf_token":"5ffb3e8e7ed27f2f9ba524a6799225be1e54a38b5919e092c715070a8e85b79d","csrf_token_time":1747021527,"admin_id":1,"srcode":"21-00001","admin_name":"Admin User","email":"admin@admin.com","is_super_admin":true,"usertype":"admin"}
[12-May-2025 05:46:20 Europe/Berlin] Session already active in TokenHandler. Session ID: 0kpcqpq133luhqo0577f2kc8t0
[12-May-2025 05:46:20 Europe/Berlin] Current session data: {"csrf_token":"5ffb3e8e7ed27f2f9ba524a6799225be1e54a38b5919e092c715070a8e85b79d","csrf_token_time":1747021527,"admin_id":1,"srcode":"21-00001","admin_name":"Admin User","email":"admin@admin.com","is_super_admin":true,"usertype":"admin"}
[12-May-2025 05:46:20 Europe/Berlin] Session already active in TokenHandler. Session ID: 0kpcqpq133luhqo0577f2kc8t0
[12-May-2025 05:46:20 Europe/Berlin] Current session data: {"csrf_token":"5ffb3e8e7ed27f2f9ba524a6799225be1e54a38b5919e092c715070a8e85b79d","csrf_token_time":1747021527,"admin_id":1,"srcode":"21-00001","admin_name":"Admin User","email":"admin@admin.com","is_super_admin":true,"usertype":"admin"}
[12-May-2025 05:47:07 Europe/Berlin] Session already active in TokenHandler. Session ID: 0kpcqpq133luhqo0577f2kc8t0
[12-May-2025 05:47:07 Europe/Berlin] Current session data: {"csrf_token":"5ffb3e8e7ed27f2f9ba524a6799225be1e54a38b5919e092c715070a8e85b79d","csrf_token_time":1747021527,"admin_id":1,"srcode":"21-00001","admin_name":"Admin User","email":"admin@admin.com","is_super_admin":true,"usertype":"admin"}
[12-May-2025 05:47:07 Europe/Berlin] Session already active in TokenHandler. Session ID: 0kpcqpq133luhqo0577f2kc8t0
[12-May-2025 05:47:07 Europe/Berlin] Current session data: {"csrf_token":"5ffb3e8e7ed27f2f9ba524a6799225be1e54a38b5919e092c715070a8e85b79d","csrf_token_time":1747021527,"admin_id":1,"srcode":"21-00001","admin_name":"Admin User","email":"admin@admin.com","is_super_admin":true,"usertype":"admin"}
[12-May-2025 05:47:47 Europe/Berlin] Session already active in TokenHandler. Session ID: 0kpcqpq133luhqo0577f2kc8t0
[12-May-2025 05:47:47 Europe/Berlin] Current session data: {"csrf_token":"5ffb3e8e7ed27f2f9ba524a6799225be1e54a38b5919e092c715070a8e85b79d","csrf_token_time":1747021527,"admin_id":1,"srcode":"23-32966","admin_name":"Admin User","email":"23-32966@g.batstate-u.edu.ph","is_super_admin":true,"usertype":"user","student_id":1,"student_name":"Lourence Reguis","course_id":1,"section":"2201"}
[12-May-2025 05:47:47 Europe/Berlin] Session already active in TokenHandler. Session ID: 0kpcqpq133luhqo0577f2kc8t0
[12-May-2025 05:47:47 Europe/Berlin] Current session data: {"csrf_token":"5ffb3e8e7ed27f2f9ba524a6799225be1e54a38b5919e092c715070a8e85b79d","csrf_token_time":1747021527,"admin_id":1,"srcode":"23-32966","admin_name":"Admin User","email":"23-32966@g.batstate-u.edu.ph","is_super_admin":true,"usertype":"user","student_id":1,"student_name":"Lourence Reguis","course_id":1,"section":"2201"}
[12-May-2025 05:47:48 Europe/Berlin] Session already active in TokenHandler. Session ID: 0kpcqpq133luhqo0577f2kc8t0
[12-May-2025 05:47:48 Europe/Berlin] Current session data: {"csrf_token":"5ffb3e8e7ed27f2f9ba524a6799225be1e54a38b5919e092c715070a8e85b79d","csrf_token_time":1747021527,"admin_id":1,"srcode":"23-32966","admin_name":"Admin User","email":"23-32966@g.batstate-u.edu.ph","is_super_admin":true,"usertype":"user","student_id":1,"student_name":"Lourence Reguis","course_id":1,"section":"2201"}
[12-May-2025 05:47:48 Europe/Berlin] Session already active in TokenHandler. Session ID: 0kpcqpq133luhqo0577f2kc8t0
[12-May-2025 05:47:48 Europe/Berlin] Current session data: {"csrf_token":"5ffb3e8e7ed27f2f9ba524a6799225be1e54a38b5919e092c715070a8e85b79d","csrf_token_time":1747021527,"admin_id":1,"srcode":"23-32966","admin_name":"Admin User","email":"23-32966@g.batstate-u.edu.ph","is_super_admin":true,"usertype":"user","student_id":1,"student_name":"Lourence Reguis","course_id":1,"section":"2201"}
[12-May-2025 06:06:07 Europe/Berlin] Session already active in TokenHandler. Session ID: 0kpcqpq133luhqo0577f2kc8t0
[12-May-2025 06:06:07 Europe/Berlin] Current session data: {"csrf_token":"5ffb3e8e7ed27f2f9ba524a6799225be1e54a38b5919e092c715070a8e85b79d","csrf_token_time":1747021527,"admin_id":1,"srcode":"23-32966","admin_name":"Admin User","email":"23-32966@g.batstate-u.edu.ph","is_super_admin":true,"usertype":"user","student_id":1,"student_name":"Lourence Reguis","course_id":1,"section":"2201"}
[12-May-2025 06:06:07 Europe/Berlin] Session already active in TokenHandler. Session ID: 0kpcqpq133luhqo0577f2kc8t0
[12-May-2025 06:06:07 Europe/Berlin] Current session data: {"csrf_token":"5ffb3e8e7ed27f2f9ba524a6799225be1e54a38b5919e092c715070a8e85b79d","csrf_token_time":1747021527,"admin_id":1,"srcode":"23-32966","admin_name":"Admin User","email":"23-32966@g.batstate-u.edu.ph","is_super_admin":true,"usertype":"user","student_id":1,"student_name":"Lourence Reguis","course_id":1,"section":"2201"}
[12-May-2025 06:06:10 Europe/Berlin] Session already active in TokenHandler. Session ID: 0kpcqpq133luhqo0577f2kc8t0
[12-May-2025 06:06:10 Europe/Berlin] Current session data: {"csrf_token":"5ffb3e8e7ed27f2f9ba524a6799225be1e54a38b5919e092c715070a8e85b79d","csrf_token_time":1747021527,"admin_id":1,"srcode":"23-32966","admin_name":"Admin User","email":"23-32966@g.batstate-u.edu.ph","is_super_admin":true,"usertype":"user","student_id":1,"student_name":"Lourence Reguis","course_id":1,"section":"2201"}
[12-May-2025 06:06:10 Europe/Berlin] Session already active in TokenHandler. Session ID: 0kpcqpq133luhqo0577f2kc8t0
[12-May-2025 06:06:10 Europe/Berlin] Current session data: {"csrf_token":"5ffb3e8e7ed27f2f9ba524a6799225be1e54a38b5919e092c715070a8e85b79d","csrf_token_time":1747021527,"admin_id":1,"srcode":"23-32966","admin_name":"Admin User","email":"23-32966@g.batstate-u.edu.ph","is_super_admin":true,"usertype":"user","student_id":1,"student_name":"Lourence Reguis","course_id":1,"section":"2201"}
[12-May-2025 06:07:12 Europe/Berlin] Session already active in TokenHandler. Session ID: 0kpcqpq133luhqo0577f2kc8t0
[12-May-2025 06:07:12 Europe/Berlin] Current session data: {"csrf_token":"5ffb3e8e7ed27f2f9ba524a6799225be1e54a38b5919e092c715070a8e85b79d","csrf_token_time":1747021527,"admin_id":1,"srcode":"23-32966","admin_name":"Admin User","email":"23-32966@g.batstate-u.edu.ph","is_super_admin":true,"usertype":"user","student_id":1,"student_name":"Lourence Reguis","course_id":1,"section":"2201"}
[12-May-2025 06:07:12 Europe/Berlin] Session already active in TokenHandler. Session ID: 0kpcqpq133luhqo0577f2kc8t0
[12-May-2025 06:07:12 Europe/Berlin] Current session data: {"csrf_token":"5ffb3e8e7ed27f2f9ba524a6799225be1e54a38b5919e092c715070a8e85b79d","csrf_token_time":1747021527,"admin_id":1,"srcode":"23-32966","admin_name":"Admin User","email":"23-32966@g.batstate-u.edu.ph","is_super_admin":true,"usertype":"user","student_id":1,"student_name":"Lourence Reguis","course_id":1,"section":"2201"}
[12-May-2025 06:14:12 Europe/Berlin] Session already active in TokenHandler. Session ID: 0kpcqpq133luhqo0577f2kc8t0
[12-May-2025 06:14:12 Europe/Berlin] Current session data: {"csrf_token":"5ffb3e8e7ed27f2f9ba524a6799225be1e54a38b5919e092c715070a8e85b79d","csrf_token_time":1747021527,"admin_id":1,"srcode":"23-32966","admin_name":"Admin User","email":"23-32966@g.batstate-u.edu.ph","is_super_admin":true,"usertype":"user","student_id":1,"student_name":"Lourence Reguis","course_id":1,"section":"2201"}
[12-May-2025 06:14:12 Europe/Berlin] Session already active in TokenHandler. Session ID: 0kpcqpq133luhqo0577f2kc8t0
[12-May-2025 06:14:12 Europe/Berlin] Current session data: {"csrf_token":"5ffb3e8e7ed27f2f9ba524a6799225be1e54a38b5919e092c715070a8e85b79d","csrf_token_time":1747021527,"admin_id":1,"srcode":"23-32966","admin_name":"Admin User","email":"23-32966@g.batstate-u.edu.ph","is_super_admin":true,"usertype":"user","student_id":1,"student_name":"Lourence Reguis","course_id":1,"section":"2201"}
[12-May-2025 06:16:11 Europe/Berlin] Session already active in TokenHandler. Session ID: 0kpcqpq133luhqo0577f2kc8t0
[12-May-2025 06:16:11 Europe/Berlin] Current session data: {"csrf_token":"5ffb3e8e7ed27f2f9ba524a6799225be1e54a38b5919e092c715070a8e85b79d","csrf_token_time":1747021527,"admin_id":1,"srcode":"23-32966","admin_name":"Admin User","email":"23-32966@g.batstate-u.edu.ph","is_super_admin":true,"usertype":"user","student_id":1,"student_name":"Lourence Reguis","course_id":1,"section":"2201"}
[12-May-2025 06:16:11 Europe/Berlin] Session already active in TokenHandler. Session ID: 0kpcqpq133luhqo0577f2kc8t0
[12-May-2025 06:16:11 Europe/Berlin] Current session data: {"csrf_token":"5ffb3e8e7ed27f2f9ba524a6799225be1e54a38b5919e092c715070a8e85b79d","csrf_token_time":1747021527,"admin_id":1,"srcode":"23-32966","admin_name":"Admin User","email":"23-32966@g.batstate-u.edu.ph","is_super_admin":true,"usertype":"user","student_id":1,"student_name":"Lourence Reguis","course_id":1,"section":"2201"}
[12-May-2025 06:29:38 Europe/Berlin] Session already active in TokenHandler. Session ID: 0kpcqpq133luhqo0577f2kc8t0
[12-May-2025 06:29:38 Europe/Berlin] Current session data: {"csrf_token":"5ffb3e8e7ed27f2f9ba524a6799225be1e54a38b5919e092c715070a8e85b79d","csrf_token_time":1747021527,"admin_id":1,"srcode":"23-32966","admin_name":"Admin User","email":"23-32966@g.batstate-u.edu.ph","is_super_admin":true,"usertype":"user","student_id":1,"student_name":"Lourence Reguis","course_id":1,"section":"2201"}
[12-May-2025 06:29:38 Europe/Berlin] Session already active in TokenHandler. Session ID: 0kpcqpq133luhqo0577f2kc8t0
[12-May-2025 06:29:38 Europe/Berlin] Current session data: {"csrf_token":"5ffb3e8e7ed27f2f9ba524a6799225be1e54a38b5919e092c715070a8e85b79d","csrf_token_time":1747021527,"admin_id":1,"srcode":"23-32966","admin_name":"Admin User","email":"23-32966@g.batstate-u.edu.ph","is_super_admin":true,"usertype":"user","student_id":1,"student_name":"Lourence Reguis","course_id":1,"section":"2201"}
[12-May-2025 06:38:12 Europe/Berlin] Session already active in TokenHandler. Session ID: 0kpcqpq133luhqo0577f2kc8t0
[12-May-2025 06:38:12 Europe/Berlin] Current session data: {"csrf_token":"5ffb3e8e7ed27f2f9ba524a6799225be1e54a38b5919e092c715070a8e85b79d","csrf_token_time":1747021527,"admin_id":1,"srcode":"23-32966","admin_name":"Admin User","email":"23-32966@g.batstate-u.edu.ph","is_super_admin":true,"usertype":"user","student_id":1,"student_name":"Lourence Reguis","course_id":1,"section":"2201"}
[12-May-2025 06:38:12 Europe/Berlin] Session already active in TokenHandler. Session ID: 0kpcqpq133luhqo0577f2kc8t0
[12-May-2025 06:38:12 Europe/Berlin] Current session data: {"csrf_token":"5ffb3e8e7ed27f2f9ba524a6799225be1e54a38b5919e092c715070a8e85b79d","csrf_token_time":1747021527,"admin_id":1,"srcode":"23-32966","admin_name":"Admin User","email":"23-32966@g.batstate-u.edu.ph","is_super_admin":true,"usertype":"user","student_id":1,"student_name":"Lourence Reguis","course_id":1,"section":"2201"}
[12-May-2025 06:45:12 Europe/Berlin] Session already active in TokenHandler. Session ID: 0kpcqpq133luhqo0577f2kc8t0
[12-May-2025 06:45:12 Europe/Berlin] Current session data: {"csrf_token":"5ffb3e8e7ed27f2f9ba524a6799225be1e54a38b5919e092c715070a8e85b79d","csrf_token_time":1747021527,"admin_id":1,"srcode":"23-32966","admin_name":"Admin User","email":"23-32966@g.batstate-u.edu.ph","is_super_admin":true,"usertype":"user","student_id":1,"student_name":"Lourence Reguis","course_id":1,"section":"2201"}
[12-May-2025 06:45:12 Europe/Berlin] Session already active in TokenHandler. Session ID: 0kpcqpq133luhqo0577f2kc8t0
[12-May-2025 06:45:12 Europe/Berlin] Current session data: {"csrf_token":"5ffb3e8e7ed27f2f9ba524a6799225be1e54a38b5919e092c715070a8e85b79d","csrf_token_time":1747021527,"admin_id":1,"srcode":"23-32966","admin_name":"Admin User","email":"23-32966@g.batstate-u.edu.ph","is_super_admin":true,"usertype":"user","student_id":1,"student_name":"Lourence Reguis","course_id":1,"section":"2201"}
[12-May-2025 06:47:11 Europe/Berlin] Session already active in TokenHandler. Session ID: 0kpcqpq133luhqo0577f2kc8t0
[12-May-2025 06:47:11 Europe/Berlin] Current session data: {"csrf_token":"5ffb3e8e7ed27f2f9ba524a6799225be1e54a38b5919e092c715070a8e85b79d","csrf_token_time":1747021527,"admin_id":1,"srcode":"23-32966","admin_name":"Admin User","email":"23-32966@g.batstate-u.edu.ph","is_super_admin":true,"usertype":"user","student_id":1,"student_name":"Lourence Reguis","course_id":1,"section":"2201"}
[12-May-2025 06:47:11 Europe/Berlin] Session already active in TokenHandler. Session ID: 0kpcqpq133luhqo0577f2kc8t0
[12-May-2025 06:47:11 Europe/Berlin] Current session data: {"csrf_token":"5ffb3e8e7ed27f2f9ba524a6799225be1e54a38b5919e092c715070a8e85b79d","csrf_token_time":1747021527,"admin_id":1,"srcode":"23-32966","admin_name":"Admin User","email":"23-32966@g.batstate-u.edu.ph","is_super_admin":true,"usertype":"user","student_id":1,"student_name":"Lourence Reguis","course_id":1,"section":"2201"}
[12-May-2025 06:58:58 Europe/Berlin] Session already active in TokenHandler. Session ID: 0kpcqpq133luhqo0577f2kc8t0
[12-May-2025 06:58:58 Europe/Berlin] Current session data: {"csrf_token":"5ffb3e8e7ed27f2f9ba524a6799225be1e54a38b5919e092c715070a8e85b79d","csrf_token_time":1747021527,"admin_id":1,"srcode":"23-32966","admin_name":"Admin User","email":"23-32966@g.batstate-u.edu.ph","is_super_admin":true,"usertype":"user","student_id":1,"student_name":"Lourence Reguis","course_id":1,"section":"2201"}
[12-May-2025 06:58:58 Europe/Berlin] Session already active in TokenHandler. Session ID: 0kpcqpq133luhqo0577f2kc8t0
[12-May-2025 06:58:58 Europe/Berlin] Current session data: {"csrf_token":"5ffb3e8e7ed27f2f9ba524a6799225be1e54a38b5919e092c715070a8e85b79d","csrf_token_time":1747021527,"admin_id":1,"srcode":"23-32966","admin_name":"Admin User","email":"23-32966@g.batstate-u.edu.ph","is_super_admin":true,"usertype":"user","student_id":1,"student_name":"Lourence Reguis","course_id":1,"section":"2201"}
[12-May-2025 06:58:59 Europe/Berlin] Session already active in TokenHandler. Session ID: 0kpcqpq133luhqo0577f2kc8t0
[12-May-2025 06:58:59 Europe/Berlin] Current session data: {"csrf_token":"5ffb3e8e7ed27f2f9ba524a6799225be1e54a38b5919e092c715070a8e85b79d","csrf_token_time":1747021527,"admin_id":1,"srcode":"23-32966","admin_name":"Admin User","email":"23-32966@g.batstate-u.edu.ph","is_super_admin":true,"usertype":"user","student_id":1,"student_name":"Lourence Reguis","course_id":1,"section":"2201"}
[12-May-2025 06:58:59 Europe/Berlin] Session already active in TokenHandler. Session ID: 0kpcqpq133luhqo0577f2kc8t0
[12-May-2025 06:58:59 Europe/Berlin] Current session data: {"csrf_token":"5ffb3e8e7ed27f2f9ba524a6799225be1e54a38b5919e092c715070a8e85b79d","csrf_token_time":1747021527,"admin_id":1,"srcode":"23-32966","admin_name":"Admin User","email":"23-32966@g.batstate-u.edu.ph","is_super_admin":true,"usertype":"user","student_id":1,"student_name":"Lourence Reguis","course_id":1,"section":"2201"}
[12-May-2025 06:59:11 Europe/Berlin] Session already active in TokenHandler. Session ID: 0kpcqpq133luhqo0577f2kc8t0
[12-May-2025 06:59:11 Europe/Berlin] Current session data: {"csrf_token":"5ffb3e8e7ed27f2f9ba524a6799225be1e54a38b5919e092c715070a8e85b79d","csrf_token_time":1747021527,"admin_id":1,"srcode":"21-00001","admin_name":"Admin User","email":"admin@admin.com","is_super_admin":true,"usertype":"admin","student_id":1,"student_name":"Lourence Reguis","course_id":1,"section":"2201"}
[12-May-2025 06:59:11 Europe/Berlin] Session already active in TokenHandler. Session ID: 0kpcqpq133luhqo0577f2kc8t0
[12-May-2025 06:59:11 Europe/Berlin] Current session data: {"csrf_token":"5ffb3e8e7ed27f2f9ba524a6799225be1e54a38b5919e092c715070a8e85b79d","csrf_token_time":1747021527,"admin_id":1,"srcode":"21-00001","admin_name":"Admin User","email":"admin@admin.com","is_super_admin":true,"usertype":"admin","student_id":1,"student_name":"Lourence Reguis","course_id":1,"section":"2201"}
[12-May-2025 06:59:13 Europe/Berlin] Session already active in TokenHandler. Session ID: 0kpcqpq133luhqo0577f2kc8t0
[12-May-2025 06:59:13 Europe/Berlin] Current session data: {"csrf_token":"5ffb3e8e7ed27f2f9ba524a6799225be1e54a38b5919e092c715070a8e85b79d","csrf_token_time":1747021527,"admin_id":1,"srcode":"21-00001","admin_name":"Admin User","email":"admin@admin.com","is_super_admin":true,"usertype":"admin","student_id":1,"student_name":"Lourence Reguis","course_id":1,"section":"2201"}
[12-May-2025 06:59:13 Europe/Berlin] Session already active in TokenHandler. Session ID: 0kpcqpq133luhqo0577f2kc8t0
[12-May-2025 06:59:13 Europe/Berlin] Current session data: {"csrf_token":"5ffb3e8e7ed27f2f9ba524a6799225be1e54a38b5919e092c715070a8e85b79d","csrf_token_time":1747021527,"admin_id":1,"srcode":"21-00001","admin_name":"Admin User","email":"admin@admin.com","is_super_admin":true,"usertype":"admin","student_id":1,"student_name":"Lourence Reguis","course_id":1,"section":"2201"}
[12-May-2025 06:59:15 Europe/Berlin] Session already active in TokenHandler. Session ID: 0kpcqpq133luhqo0577f2kc8t0
[12-May-2025 06:59:15 Europe/Berlin] Current session data: {"csrf_token":"5ffb3e8e7ed27f2f9ba524a6799225be1e54a38b5919e092c715070a8e85b79d","csrf_token_time":1747021527,"admin_id":1,"srcode":"21-00001","admin_name":"Admin User","email":"admin@admin.com","is_super_admin":true,"usertype":"admin","student_id":1,"student_name":"Lourence Reguis","course_id":1,"section":"2201"}
[12-May-2025 06:59:15 Europe/Berlin] Session already active in TokenHandler. Session ID: 0kpcqpq133luhqo0577f2kc8t0
[12-May-2025 06:59:15 Europe/Berlin] Current session data: {"csrf_token":"5ffb3e8e7ed27f2f9ba524a6799225be1e54a38b5919e092c715070a8e85b79d","csrf_token_time":1747021527,"admin_id":1,"srcode":"21-00001","admin_name":"Admin User","email":"admin@admin.com","is_super_admin":true,"usertype":"admin","student_id":1,"student_name":"Lourence Reguis","course_id":1,"section":"2201"}
[12-May-2025 06:59:20 Europe/Berlin] Session already active in TokenHandler. Session ID: 0kpcqpq133luhqo0577f2kc8t0
[12-May-2025 06:59:20 Europe/Berlin] Current session data: {"csrf_token":"5ffb3e8e7ed27f2f9ba524a6799225be1e54a38b5919e092c715070a8e85b79d","csrf_token_time":1747021527,"admin_id":1,"srcode":"21-00001","admin_name":"Admin User","email":"admin@admin.com","is_super_admin":true,"usertype":"admin","student_id":1,"student_name":"Lourence Reguis","course_id":1,"section":"2201"}
[12-May-2025 06:59:20 Europe/Berlin] Session already active in TokenHandler. Session ID: 0kpcqpq133luhqo0577f2kc8t0
[12-May-2025 06:59:20 Europe/Berlin] Current session data: {"csrf_token":"5ffb3e8e7ed27f2f9ba524a6799225be1e54a38b5919e092c715070a8e85b79d","csrf_token_time":1747021527,"admin_id":1,"srcode":"21-00001","admin_name":"Admin User","email":"admin@admin.com","is_super_admin":true,"usertype":"admin","student_id":1,"student_name":"Lourence Reguis","course_id":1,"section":"2201"}
[12-May-2025 06:59:20 Europe/Berlin] Session already active in TokenHandler. Session ID: 0kpcqpq133luhqo0577f2kc8t0
[12-May-2025 06:59:20 Europe/Berlin] Current session data: {"csrf_token":"5ffb3e8e7ed27f2f9ba524a6799225be1e54a38b5919e092c715070a8e85b79d","csrf_token_time":1747021527,"admin_id":1,"srcode":"21-00001","admin_name":"Admin User","email":"admin@admin.com","is_super_admin":true,"usertype":"admin","student_id":1,"student_name":"Lourence Reguis","course_id":1,"section":"2201"}
[12-May-2025 06:59:20 Europe/Berlin] Session already active in TokenHandler. Session ID: 0kpcqpq133luhqo0577f2kc8t0
[12-May-2025 06:59:20 Europe/Berlin] Current session data: {"csrf_token":"5ffb3e8e7ed27f2f9ba524a6799225be1e54a38b5919e092c715070a8e85b79d","csrf_token_time":1747021527,"admin_id":1,"srcode":"21-00001","admin_name":"Admin User","email":"admin@admin.com","is_super_admin":true,"usertype":"admin","student_id":1,"student_name":"Lourence Reguis","course_id":1,"section":"2201"}
[12-May-2025 06:59:22 Europe/Berlin] Session already active in TokenHandler. Session ID: 0kpcqpq133luhqo0577f2kc8t0
[12-May-2025 06:59:22 Europe/Berlin] Current session data: {"csrf_token":"5ffb3e8e7ed27f2f9ba524a6799225be1e54a38b5919e092c715070a8e85b79d","csrf_token_time":1747021527,"admin_id":1,"srcode":"21-00001","admin_name":"Admin User","email":"admin@admin.com","is_super_admin":true,"usertype":"admin","student_id":1,"student_name":"Lourence Reguis","course_id":1,"section":"2201"}
[12-May-2025 06:59:22 Europe/Berlin] Session already active in TokenHandler. Session ID: 0kpcqpq133luhqo0577f2kc8t0
[12-May-2025 06:59:22 Europe/Berlin] Current session data: {"csrf_token":"5ffb3e8e7ed27f2f9ba524a6799225be1e54a38b5919e092c715070a8e85b79d","csrf_token_time":1747021527,"admin_id":1,"srcode":"21-00001","admin_name":"Admin User","email":"admin@admin.com","is_super_admin":true,"usertype":"admin","student_id":1,"student_name":"Lourence Reguis","course_id":1,"section":"2201"}
[12-May-2025 06:59:22 Europe/Berlin] Session already active in TokenHandler. Session ID: 0kpcqpq133luhqo0577f2kc8t0
[12-May-2025 06:59:22 Europe/Berlin] Current session data: {"csrf_token":"5ffb3e8e7ed27f2f9ba524a6799225be1e54a38b5919e092c715070a8e85b79d","csrf_token_time":1747021527,"admin_id":1,"srcode":"21-00001","admin_name":"Admin User","email":"admin@admin.com","is_super_admin":true,"usertype":"admin","student_id":1,"student_name":"Lourence Reguis","course_id":1,"section":"2201"}
[12-May-2025 06:59:22 Europe/Berlin] Session already active in TokenHandler. Session ID: 0kpcqpq133luhqo0577f2kc8t0
[12-May-2025 06:59:22 Europe/Berlin] Current session data: {"csrf_token":"5ffb3e8e7ed27f2f9ba524a6799225be1e54a38b5919e092c715070a8e85b79d","csrf_token_time":1747021527,"admin_id":1,"srcode":"21-00001","admin_name":"Admin User","email":"admin@admin.com","is_super_admin":true,"usertype":"admin","student_id":1,"student_name":"Lourence Reguis","course_id":1,"section":"2201"}
[12-May-2025 06:59:28 Europe/Berlin] Starting CSRF validation for action: updateUserStatus
[12-May-2025 06:59:28 Europe/Berlin] Received token: 5ffb3e8e7ed27f2f9ba524a6799225be1e54a38b5919e092c715070a8e85b79d
[12-May-2025 06:59:28 Europe/Berlin] Current session status: 2
[12-May-2025 06:59:28 Europe/Berlin] Session ID: 0kpcqpq133luhqo0577f2kc8t0
[12-May-2025 06:59:28 Europe/Berlin] Session already active in TokenHandler. Session ID: 0kpcqpq133luhqo0577f2kc8t0
[12-May-2025 06:59:28 Europe/Berlin] Current session data: {"csrf_token":"5ffb3e8e7ed27f2f9ba524a6799225be1e54a38b5919e092c715070a8e85b79d","csrf_token_time":1747021527,"admin_id":1,"srcode":"21-00001","admin_name":"Admin User","email":"admin@admin.com","is_super_admin":true,"usertype":"admin","student_id":1,"student_name":"Lourence Reguis","course_id":1,"section":"2201"}
[12-May-2025 06:59:28 Europe/Berlin] Session already active in TokenHandler. Session ID: 0kpcqpq133luhqo0577f2kc8t0
[12-May-2025 06:59:28 Europe/Berlin] Current session data: {"csrf_token":"5ffb3e8e7ed27f2f9ba524a6799225be1e54a38b5919e092c715070a8e85b79d","csrf_token_time":1747021527,"admin_id":1,"srcode":"21-00001","admin_name":"Admin User","email":"admin@admin.com","is_super_admin":true,"usertype":"admin","student_id":1,"student_name":"Lourence Reguis","course_id":1,"section":"2201"}
[12-May-2025 06:59:28 Europe/Berlin] CSRF validation successful for action: updateUserStatus
[12-May-2025 06:59:28 Europe/Berlin] For security reasons, you cannot deactivate your own account. This ensures there is always at least one active administrator. Please contact another administrator if you need to deactivate this account.
[12-May-2025 06:59:30 Europe/Berlin] Session already active in TokenHandler. Session ID: 0kpcqpq133luhqo0577f2kc8t0
[12-May-2025 06:59:30 Europe/Berlin] Current session data: {"csrf_token":"0ace7176da0ecf5eea5366ea166b4c0e9918eee9c618fb674544a48b16797670","csrf_token_time":1747025968,"admin_id":1,"srcode":"21-00001","admin_name":"Admin User","email":"admin@admin.com","is_super_admin":true,"usertype":"admin","student_id":1,"student_name":"Lourence Reguis","course_id":1,"section":"2201"}
[12-May-2025 06:59:30 Europe/Berlin] Session already active in TokenHandler. Session ID: 0kpcqpq133luhqo0577f2kc8t0
[12-May-2025 06:59:30 Europe/Berlin] Current session data: {"csrf_token":"0ace7176da0ecf5eea5366ea166b4c0e9918eee9c618fb674544a48b16797670","csrf_token_time":1747025968,"admin_id":1,"srcode":"21-00001","admin_name":"Admin User","email":"admin@admin.com","is_super_admin":true,"usertype":"admin","student_id":1,"student_name":"Lourence Reguis","course_id":1,"section":"2201"}
[12-May-2025 06:59:30 Europe/Berlin] Session already active in TokenHandler. Session ID: 0kpcqpq133luhqo0577f2kc8t0
[12-May-2025 06:59:30 Europe/Berlin] Current session data: {"csrf_token":"0ace7176da0ecf5eea5366ea166b4c0e9918eee9c618fb674544a48b16797670","csrf_token_time":1747025968,"admin_id":1,"srcode":"21-00001","admin_name":"Admin User","email":"admin@admin.com","is_super_admin":true,"usertype":"admin","student_id":1,"student_name":"Lourence Reguis","course_id":1,"section":"2201"}
[12-May-2025 06:59:30 Europe/Berlin] Session already active in TokenHandler. Session ID: 0kpcqpq133luhqo0577f2kc8t0
[12-May-2025 06:59:30 Europe/Berlin] Current session data: {"csrf_token":"0ace7176da0ecf5eea5366ea166b4c0e9918eee9c618fb674544a48b16797670","csrf_token_time":1747025968,"admin_id":1,"srcode":"21-00001","admin_name":"Admin User","email":"admin@admin.com","is_super_admin":true,"usertype":"admin","student_id":1,"student_name":"Lourence Reguis","course_id":1,"section":"2201"}
[12-May-2025 07:00:41 Europe/Berlin] Session already active in TokenHandler. Session ID: 0kpcqpq133luhqo0577f2kc8t0
[12-May-2025 07:00:41 Europe/Berlin] Current session data: {"csrf_token":"0ace7176da0ecf5eea5366ea166b4c0e9918eee9c618fb674544a48b16797670","csrf_token_time":1747025968,"admin_id":1,"srcode":"21-00001","admin_name":"Admin User","email":"admin@admin.com","is_super_admin":true,"usertype":"admin","student_id":1,"student_name":"Lourence Reguis","course_id":1,"section":"2201"}
[12-May-2025 07:00:41 Europe/Berlin] Session already active in TokenHandler. Session ID: 0kpcqpq133luhqo0577f2kc8t0
[12-May-2025 07:00:41 Europe/Berlin] Current session data: {"csrf_token":"0ace7176da0ecf5eea5366ea166b4c0e9918eee9c618fb674544a48b16797670","csrf_token_time":1747025968,"admin_id":1,"srcode":"21-00001","admin_name":"Admin User","email":"admin@admin.com","is_super_admin":true,"usertype":"admin","student_id":1,"student_name":"Lourence Reguis","course_id":1,"section":"2201"}
[12-May-2025 07:00:50 Europe/Berlin] Session already active in TokenHandler. Session ID: 0kpcqpq133luhqo0577f2kc8t0
[12-May-2025 07:00:50 Europe/Berlin] Current session data: {"csrf_token":"0ace7176da0ecf5eea5366ea166b4c0e9918eee9c618fb674544a48b16797670","csrf_token_time":1747025968,"admin_id":1,"srcode":"21-00001","admin_name":"Admin User","email":"admin@admin.com","is_super_admin":true,"usertype":"admin","student_id":1,"student_name":"Lourence Reguis","course_id":1,"section":"2201"}
[12-May-2025 07:00:50 Europe/Berlin] Session already active in TokenHandler. Session ID: 0kpcqpq133luhqo0577f2kc8t0
[12-May-2025 07:00:50 Europe/Berlin] Current session data: {"csrf_token":"0ace7176da0ecf5eea5366ea166b4c0e9918eee9c618fb674544a48b16797670","csrf_token_time":1747025968,"admin_id":1,"srcode":"21-00001","admin_name":"Admin User","email":"admin@admin.com","is_super_admin":true,"usertype":"admin","student_id":1,"student_name":"Lourence Reguis","course_id":1,"section":"2201"}
[12-May-2025 07:00:54 Europe/Berlin] Session already active in TokenHandler. Session ID: 0kpcqpq133luhqo0577f2kc8t0
[12-May-2025 07:00:54 Europe/Berlin] Current session data: {"csrf_token":"0ace7176da0ecf5eea5366ea166b4c0e9918eee9c618fb674544a48b16797670","csrf_token_time":1747025968,"admin_id":1,"srcode":"21-00001","admin_name":"Admin User","email":"admin@admin.com","is_super_admin":true,"usertype":"admin","student_id":1,"student_name":"Lourence Reguis","course_id":1,"section":"2201"}
[12-May-2025 07:00:54 Europe/Berlin] Session already active in TokenHandler. Session ID: 0kpcqpq133luhqo0577f2kc8t0
[12-May-2025 07:00:54 Europe/Berlin] Current session data: {"csrf_token":"0ace7176da0ecf5eea5366ea166b4c0e9918eee9c618fb674544a48b16797670","csrf_token_time":1747025968,"admin_id":1,"srcode":"21-00001","admin_name":"Admin User","email":"admin@admin.com","is_super_admin":true,"usertype":"admin","student_id":1,"student_name":"Lourence Reguis","course_id":1,"section":"2201"}
[12-May-2025 07:00:54 Europe/Berlin] Session already active in TokenHandler. Session ID: 0kpcqpq133luhqo0577f2kc8t0
[12-May-2025 07:00:54 Europe/Berlin] Current session data: {"csrf_token":"0ace7176da0ecf5eea5366ea166b4c0e9918eee9c618fb674544a48b16797670","csrf_token_time":1747025968,"admin_id":1,"srcode":"21-00001","admin_name":"Admin User","email":"admin@admin.com","is_super_admin":true,"usertype":"admin","student_id":1,"student_name":"Lourence Reguis","course_id":1,"section":"2201"}
[12-May-2025 07:00:54 Europe/Berlin] Session already active in TokenHandler. Session ID: 0kpcqpq133luhqo0577f2kc8t0
[12-May-2025 07:00:54 Europe/Berlin] Current session data: {"csrf_token":"0ace7176da0ecf5eea5366ea166b4c0e9918eee9c618fb674544a48b16797670","csrf_token_time":1747025968,"admin_id":1,"srcode":"21-00001","admin_name":"Admin User","email":"admin@admin.com","is_super_admin":true,"usertype":"admin","student_id":1,"student_name":"Lourence Reguis","course_id":1,"section":"2201"}
[12-May-2025 07:02:18 Europe/Berlin] Session already active in TokenHandler. Session ID: 0kpcqpq133luhqo0577f2kc8t0
[12-May-2025 07:02:18 Europe/Berlin] Current session data: {"csrf_token":"0ace7176da0ecf5eea5366ea166b4c0e9918eee9c618fb674544a48b16797670","csrf_token_time":1747025968,"admin_id":1,"srcode":"21-00001","admin_name":"Admin User","email":"admin@admin.com","is_super_admin":true,"usertype":"admin","student_id":1,"student_name":"Lourence Reguis","course_id":1,"section":"2201"}
[12-May-2025 07:02:18 Europe/Berlin] Session already active in TokenHandler. Session ID: 0kpcqpq133luhqo0577f2kc8t0
[12-May-2025 07:02:18 Europe/Berlin] Current session data: {"csrf_token":"0ace7176da0ecf5eea5366ea166b4c0e9918eee9c618fb674544a48b16797670","csrf_token_time":1747025968,"admin_id":1,"srcode":"21-00001","admin_name":"Admin User","email":"admin@admin.com","is_super_admin":true,"usertype":"admin","student_id":1,"student_name":"Lourence Reguis","course_id":1,"section":"2201"}
[12-May-2025 07:02:18 Europe/Berlin] Session already active in TokenHandler. Session ID: 0kpcqpq133luhqo0577f2kc8t0
[12-May-2025 07:02:18 Europe/Berlin] Current session data: {"csrf_token":"0ace7176da0ecf5eea5366ea166b4c0e9918eee9c618fb674544a48b16797670","csrf_token_time":1747025968,"admin_id":1,"srcode":"21-00001","admin_name":"Admin User","email":"admin@admin.com","is_super_admin":true,"usertype":"admin","student_id":1,"student_name":"Lourence Reguis","course_id":1,"section":"2201"}
[12-May-2025 07:02:18 Europe/Berlin] Session already active in TokenHandler. Session ID: 0kpcqpq133luhqo0577f2kc8t0
[12-May-2025 07:02:18 Europe/Berlin] Current session data: {"csrf_token":"0ace7176da0ecf5eea5366ea166b4c0e9918eee9c618fb674544a48b16797670","csrf_token_time":1747025968,"admin_id":1,"srcode":"21-00001","admin_name":"Admin User","email":"admin@admin.com","is_super_admin":true,"usertype":"admin","student_id":1,"student_name":"Lourence Reguis","course_id":1,"section":"2201"}
[12-May-2025 07:02:21 Europe/Berlin] Session already active in TokenHandler. Session ID: 0kpcqpq133luhqo0577f2kc8t0
[12-May-2025 07:02:21 Europe/Berlin] Current session data: {"csrf_token":"0ace7176da0ecf5eea5366ea166b4c0e9918eee9c618fb674544a48b16797670","csrf_token_time":1747025968,"admin_id":1,"srcode":"21-00001","admin_name":"Admin User","email":"admin@admin.com","is_super_admin":true,"usertype":"admin","student_id":1,"student_name":"Lourence Reguis","course_id":1,"section":"2201"}
[12-May-2025 07:02:21 Europe/Berlin] Session already active in TokenHandler. Session ID: 0kpcqpq133luhqo0577f2kc8t0
[12-May-2025 07:02:21 Europe/Berlin] Current session data: {"csrf_token":"0ace7176da0ecf5eea5366ea166b4c0e9918eee9c618fb674544a48b16797670","csrf_token_time":1747025968,"admin_id":1,"srcode":"21-00001","admin_name":"Admin User","email":"admin@admin.com","is_super_admin":true,"usertype":"admin","student_id":1,"student_name":"Lourence Reguis","course_id":1,"section":"2201"}
[12-May-2025 07:02:21 Europe/Berlin] Session already active in TokenHandler. Session ID: 0kpcqpq133luhqo0577f2kc8t0
[12-May-2025 07:02:21 Europe/Berlin] Current session data: {"csrf_token":"0ace7176da0ecf5eea5366ea166b4c0e9918eee9c618fb674544a48b16797670","csrf_token_time":1747025968,"admin_id":1,"srcode":"21-00001","admin_name":"Admin User","email":"admin@admin.com","is_super_admin":true,"usertype":"admin","student_id":1,"student_name":"Lourence Reguis","course_id":1,"section":"2201"}
[12-May-2025 07:02:21 Europe/Berlin] Session already active in TokenHandler. Session ID: 0kpcqpq133luhqo0577f2kc8t0
[12-May-2025 07:02:21 Europe/Berlin] Current session data: {"csrf_token":"0ace7176da0ecf5eea5366ea166b4c0e9918eee9c618fb674544a48b16797670","csrf_token_time":1747025968,"admin_id":1,"srcode":"21-00001","admin_name":"Admin User","email":"admin@admin.com","is_super_admin":true,"usertype":"admin","student_id":1,"student_name":"Lourence Reguis","course_id":1,"section":"2201"}
[12-May-2025 07:07:43 Europe/Berlin] Session already active in TokenHandler. Session ID: 0kpcqpq133luhqo0577f2kc8t0
[12-May-2025 07:07:43 Europe/Berlin] Current session data: {"csrf_token":"0ace7176da0ecf5eea5366ea166b4c0e9918eee9c618fb674544a48b16797670","csrf_token_time":1747025968,"admin_id":1,"srcode":"21-00001","admin_name":"Admin User","email":"admin@admin.com","is_super_admin":true,"usertype":"admin","student_id":1,"student_name":"Lourence Reguis","course_id":1,"section":"2201"}
[12-May-2025 07:07:43 Europe/Berlin] Session already active in TokenHandler. Session ID: 0kpcqpq133luhqo0577f2kc8t0
[12-May-2025 07:07:43 Europe/Berlin] Current session data: {"csrf_token":"0ace7176da0ecf5eea5366ea166b4c0e9918eee9c618fb674544a48b16797670","csrf_token_time":1747025968,"admin_id":1,"srcode":"21-00001","admin_name":"Admin User","email":"admin@admin.com","is_super_admin":true,"usertype":"admin","student_id":1,"student_name":"Lourence Reguis","course_id":1,"section":"2201"}
[12-May-2025 07:07:43 Europe/Berlin] Session already active in TokenHandler. Session ID: 0kpcqpq133luhqo0577f2kc8t0
[12-May-2025 07:07:43 Europe/Berlin] Current session data: {"csrf_token":"0ace7176da0ecf5eea5366ea166b4c0e9918eee9c618fb674544a48b16797670","csrf_token_time":1747025968,"admin_id":1,"srcode":"21-00001","admin_name":"Admin User","email":"admin@admin.com","is_super_admin":true,"usertype":"admin","student_id":1,"student_name":"Lourence Reguis","course_id":1,"section":"2201"}
[12-May-2025 07:07:43 Europe/Berlin] Session already active in TokenHandler. Session ID: 0kpcqpq133luhqo0577f2kc8t0
[12-May-2025 07:07:43 Europe/Berlin] Current session data: {"csrf_token":"0ace7176da0ecf5eea5366ea166b4c0e9918eee9c618fb674544a48b16797670","csrf_token_time":1747025968,"admin_id":1,"srcode":"21-00001","admin_name":"Admin User","email":"admin@admin.com","is_super_admin":true,"usertype":"admin","student_id":1,"student_name":"Lourence Reguis","course_id":1,"section":"2201"}
[12-May-2025 07:07:45 Europe/Berlin] Session already active in TokenHandler. Session ID: 0kpcqpq133luhqo0577f2kc8t0
[12-May-2025 07:07:45 Europe/Berlin] Current session data: {"csrf_token":"0ace7176da0ecf5eea5366ea166b4c0e9918eee9c618fb674544a48b16797670","csrf_token_time":1747025968,"admin_id":1,"srcode":"21-00001","admin_name":"Admin User","email":"admin@admin.com","is_super_admin":true,"usertype":"admin","student_id":1,"student_name":"Lourence Reguis","course_id":1,"section":"2201"}
[12-May-2025 07:07:45 Europe/Berlin] Session already active in TokenHandler. Session ID: 0kpcqpq133luhqo0577f2kc8t0
[12-May-2025 07:07:45 Europe/Berlin] Current session data: {"csrf_token":"0ace7176da0ecf5eea5366ea166b4c0e9918eee9c618fb674544a48b16797670","csrf_token_time":1747025968,"admin_id":1,"srcode":"21-00001","admin_name":"Admin User","email":"admin@admin.com","is_super_admin":true,"usertype":"admin","student_id":1,"student_name":"Lourence Reguis","course_id":1,"section":"2201"}
[12-May-2025 07:07:45 Europe/Berlin] Session already active in TokenHandler. Session ID: 0kpcqpq133luhqo0577f2kc8t0
[12-May-2025 07:07:45 Europe/Berlin] Current session data: {"csrf_token":"0ace7176da0ecf5eea5366ea166b4c0e9918eee9c618fb674544a48b16797670","csrf_token_time":1747025968,"admin_id":1,"srcode":"21-00001","admin_name":"Admin User","email":"admin@admin.com","is_super_admin":true,"usertype":"admin","student_id":1,"student_name":"Lourence Reguis","course_id":1,"section":"2201"}
[12-May-2025 07:07:45 Europe/Berlin] Session already active in TokenHandler. Session ID: 0kpcqpq133luhqo0577f2kc8t0
[12-May-2025 07:07:45 Europe/Berlin] Current session data: {"csrf_token":"0ace7176da0ecf5eea5366ea166b4c0e9918eee9c618fb674544a48b16797670","csrf_token_time":1747025968,"admin_id":1,"srcode":"21-00001","admin_name":"Admin User","email":"admin@admin.com","is_super_admin":true,"usertype":"admin","student_id":1,"student_name":"Lourence Reguis","course_id":1,"section":"2201"}
[12-May-2025 07:07:47 Europe/Berlin] Session already active in TokenHandler. Session ID: 0kpcqpq133luhqo0577f2kc8t0
[12-May-2025 07:07:47 Europe/Berlin] Current session data: {"csrf_token":"0ace7176da0ecf5eea5366ea166b4c0e9918eee9c618fb674544a48b16797670","csrf_token_time":1747025968,"admin_id":1,"srcode":"21-00001","admin_name":"Admin User","email":"admin@admin.com","is_super_admin":true,"usertype":"admin","student_id":1,"student_name":"Lourence Reguis","course_id":1,"section":"2201"}
[12-May-2025 07:07:47 Europe/Berlin] Session already active in TokenHandler. Session ID: 0kpcqpq133luhqo0577f2kc8t0
[12-May-2025 07:07:47 Europe/Berlin] Current session data: {"csrf_token":"0ace7176da0ecf5eea5366ea166b4c0e9918eee9c618fb674544a48b16797670","csrf_token_time":1747025968,"admin_id":1,"srcode":"21-00001","admin_name":"Admin User","email":"admin@admin.com","is_super_admin":true,"usertype":"admin","student_id":1,"student_name":"Lourence Reguis","course_id":1,"section":"2201"}
[12-May-2025 07:07:47 Europe/Berlin] Session already active in TokenHandler. Session ID: 0kpcqpq133luhqo0577f2kc8t0
[12-May-2025 07:07:47 Europe/Berlin] Current session data: {"csrf_token":"0ace7176da0ecf5eea5366ea166b4c0e9918eee9c618fb674544a48b16797670","csrf_token_time":1747025968,"admin_id":1,"srcode":"21-00001","admin_name":"Admin User","email":"admin@admin.com","is_super_admin":true,"usertype":"admin","student_id":1,"student_name":"Lourence Reguis","course_id":1,"section":"2201"}
[12-May-2025 07:07:47 Europe/Berlin] Session already active in TokenHandler. Session ID: 0kpcqpq133luhqo0577f2kc8t0
[12-May-2025 07:07:47 Europe/Berlin] Current session data: {"csrf_token":"0ace7176da0ecf5eea5366ea166b4c0e9918eee9c618fb674544a48b16797670","csrf_token_time":1747025968,"admin_id":1,"srcode":"21-00001","admin_name":"Admin User","email":"admin@admin.com","is_super_admin":true,"usertype":"admin","student_id":1,"student_name":"Lourence Reguis","course_id":1,"section":"2201"}
[12-May-2025 07:07:49 Europe/Berlin] Session already active in TokenHandler. Session ID: 0kpcqpq133luhqo0577f2kc8t0
[12-May-2025 07:07:49 Europe/Berlin] Current session data: {"csrf_token":"0ace7176da0ecf5eea5366ea166b4c0e9918eee9c618fb674544a48b16797670","csrf_token_time":1747025968,"admin_id":1,"srcode":"21-00001","admin_name":"Admin User","email":"admin@admin.com","is_super_admin":true,"usertype":"admin","student_id":1,"student_name":"Lourence Reguis","course_id":1,"section":"2201"}
[12-May-2025 07:07:53 Europe/Berlin] Session already active in TokenHandler. Session ID: 0kpcqpq133luhqo0577f2kc8t0
[12-May-2025 07:07:53 Europe/Berlin] Current session data: {"csrf_token":"0ace7176da0ecf5eea5366ea166b4c0e9918eee9c618fb674544a48b16797670","csrf_token_time":1747025968,"admin_id":1,"srcode":"21-00001","admin_name":"Admin User","email":"admin@admin.com","is_super_admin":true,"usertype":"admin","student_id":1,"student_name":"Lourence Reguis","course_id":1,"section":"2201"}
[12-May-2025 07:07:53 Europe/Berlin] Session already active in TokenHandler. Session ID: 0kpcqpq133luhqo0577f2kc8t0
[12-May-2025 07:07:53 Europe/Berlin] Current session data: {"csrf_token":"0ace7176da0ecf5eea5366ea166b4c0e9918eee9c618fb674544a48b16797670","csrf_token_time":1747025968,"admin_id":1,"srcode":"21-00001","admin_name":"Admin User","email":"admin@admin.com","is_super_admin":true,"usertype":"admin","student_id":1,"student_name":"Lourence Reguis","course_id":1,"section":"2201"}
[12-May-2025 07:07:53 Europe/Berlin] Session already active in TokenHandler. Session ID: 0kpcqpq133luhqo0577f2kc8t0
[12-May-2025 07:07:53 Europe/Berlin] Current session data: {"csrf_token":"0ace7176da0ecf5eea5366ea166b4c0e9918eee9c618fb674544a48b16797670","csrf_token_time":1747025968,"admin_id":1,"srcode":"21-00001","admin_name":"Admin User","email":"admin@admin.com","is_super_admin":true,"usertype":"admin","student_id":1,"student_name":"Lourence Reguis","course_id":1,"section":"2201"}
[12-May-2025 07:07:53 Europe/Berlin] Session already active in TokenHandler. Session ID: 0kpcqpq133luhqo0577f2kc8t0
[12-May-2025 07:07:53 Europe/Berlin] Current session data: {"csrf_token":"0ace7176da0ecf5eea5366ea166b4c0e9918eee9c618fb674544a48b16797670","csrf_token_time":1747025968,"admin_id":1,"srcode":"21-00001","admin_name":"Admin User","email":"admin@admin.com","is_super_admin":true,"usertype":"admin","student_id":1,"student_name":"Lourence Reguis","course_id":1,"section":"2201"}
[12-May-2025 07:11:58 Europe/Berlin] Session already active in TokenHandler. Session ID: 0kpcqpq133luhqo0577f2kc8t0
[12-May-2025 07:11:58 Europe/Berlin] Current session data: {"csrf_token":"0ace7176da0ecf5eea5366ea166b4c0e9918eee9c618fb674544a48b16797670","csrf_token_time":1747025968,"admin_id":1,"srcode":"21-00001","admin_name":"Admin User","email":"admin@admin.com","is_super_admin":true,"usertype":"admin","student_id":1,"student_name":"Lourence Reguis","course_id":1,"section":"2201"}
[12-May-2025 07:11:58 Europe/Berlin] Session already active in TokenHandler. Session ID: 0kpcqpq133luhqo0577f2kc8t0
[12-May-2025 07:11:58 Europe/Berlin] Current session data: {"csrf_token":"0ace7176da0ecf5eea5366ea166b4c0e9918eee9c618fb674544a48b16797670","csrf_token_time":1747025968,"admin_id":1,"srcode":"21-00001","admin_name":"Admin User","email":"admin@admin.com","is_super_admin":true,"usertype":"admin","student_id":1,"student_name":"Lourence Reguis","course_id":1,"section":"2201"}
[12-May-2025 07:11:58 Europe/Berlin] Session already active in TokenHandler. Session ID: 0kpcqpq133luhqo0577f2kc8t0
[12-May-2025 07:11:58 Europe/Berlin] Current session data: {"csrf_token":"0ace7176da0ecf5eea5366ea166b4c0e9918eee9c618fb674544a48b16797670","csrf_token_time":1747025968,"admin_id":1,"srcode":"21-00001","admin_name":"Admin User","email":"admin@admin.com","is_super_admin":true,"usertype":"admin","student_id":1,"student_name":"Lourence Reguis","course_id":1,"section":"2201"}
[12-May-2025 07:11:58 Europe/Berlin] Session already active in TokenHandler. Session ID: 0kpcqpq133luhqo0577f2kc8t0
[12-May-2025 07:11:58 Europe/Berlin] Current session data: {"csrf_token":"0ace7176da0ecf5eea5366ea166b4c0e9918eee9c618fb674544a48b16797670","csrf_token_time":1747025968,"admin_id":1,"srcode":"21-00001","admin_name":"Admin User","email":"admin@admin.com","is_super_admin":true,"usertype":"admin","student_id":1,"student_name":"Lourence Reguis","course_id":1,"section":"2201"}
[12-May-2025 07:12:00 Europe/Berlin] Session already active in TokenHandler. Session ID: 0kpcqpq133luhqo0577f2kc8t0
[12-May-2025 07:12:00 Europe/Berlin] Current session data: {"csrf_token":"0ace7176da0ecf5eea5366ea166b4c0e9918eee9c618fb674544a48b16797670","csrf_token_time":1747025968,"admin_id":1,"srcode":"21-00001","admin_name":"Admin User","email":"admin@admin.com","is_super_admin":true,"usertype":"admin","student_id":1,"student_name":"Lourence Reguis","course_id":1,"section":"2201"}
[12-May-2025 07:12:11 Europe/Berlin] Session already active in TokenHandler. Session ID: 0kpcqpq133luhqo0577f2kc8t0
[12-May-2025 07:12:11 Europe/Berlin] Current session data: []
[12-May-2025 07:12:11 Europe/Berlin] Session already active in TokenHandler. Session ID: 0kpcqpq133luhqo0577f2kc8t0
[12-May-2025 07:12:11 Europe/Berlin] Current session data: {"csrf_token":"8ef38a09aa485e63bca23a948b156930333d9c151a42cdef8b67b0df81c16a72","csrf_token_time":1747026731}
[12-May-2025 07:12:18 Europe/Berlin] Session already active in TokenHandler. Session ID: 0kpcqpq133luhqo0577f2kc8t0
[12-May-2025 07:12:18 Europe/Berlin] Current session data: {"csrf_token":"8ef38a09aa485e63bca23a948b156930333d9c151a42cdef8b67b0df81c16a72","csrf_token_time":1747026731,"admin_id":1,"srcode":"21-00001","admin_name":"Admin User","email":"admin@admin.com","is_super_admin":true,"usertype":"admin"}
[12-May-2025 07:12:18 Europe/Berlin] Session already active in TokenHandler. Session ID: 0kpcqpq133luhqo0577f2kc8t0
[12-May-2025 07:12:18 Europe/Berlin] Current session data: {"csrf_token":"8ef38a09aa485e63bca23a948b156930333d9c151a42cdef8b67b0df81c16a72","csrf_token_time":1747026731,"admin_id":1,"srcode":"21-00001","admin_name":"Admin User","email":"admin@admin.com","is_super_admin":true,"usertype":"admin"}
[12-May-2025 07:12:20 Europe/Berlin] Session already active in TokenHandler. Session ID: 0kpcqpq133luhqo0577f2kc8t0
[12-May-2025 07:12:20 Europe/Berlin] Current session data: {"csrf_token":"8ef38a09aa485e63bca23a948b156930333d9c151a42cdef8b67b0df81c16a72","csrf_token_time":1747026731,"admin_id":1,"srcode":"21-00001","admin_name":"Admin User","email":"admin@admin.com","is_super_admin":true,"usertype":"admin"}
[12-May-2025 07:12:20 Europe/Berlin] Session already active in TokenHandler. Session ID: 0kpcqpq133luhqo0577f2kc8t0
[12-May-2025 07:12:20 Europe/Berlin] Current session data: {"csrf_token":"8ef38a09aa485e63bca23a948b156930333d9c151a42cdef8b67b0df81c16a72","csrf_token_time":1747026731,"admin_id":1,"srcode":"21-00001","admin_name":"Admin User","email":"admin@admin.com","is_super_admin":true,"usertype":"admin"}
[12-May-2025 07:13:09 Europe/Berlin] Session already active in TokenHandler. Session ID: 0kpcqpq133luhqo0577f2kc8t0
[12-May-2025 07:13:09 Europe/Berlin] Current session data: {"csrf_token":"8ef38a09aa485e63bca23a948b156930333d9c151a42cdef8b67b0df81c16a72","csrf_token_time":1747026731,"admin_id":1,"srcode":"21-00001","admin_name":"Admin User","email":"admin@admin.com","is_super_admin":true,"usertype":"admin"}
[12-May-2025 07:13:09 Europe/Berlin] Session already active in TokenHandler. Session ID: 0kpcqpq133luhqo0577f2kc8t0
[12-May-2025 07:13:09 Europe/Berlin] Current session data: {"csrf_token":"8ef38a09aa485e63bca23a948b156930333d9c151a42cdef8b67b0df81c16a72","csrf_token_time":1747026731,"admin_id":1,"srcode":"21-00001","admin_name":"Admin User","email":"admin@admin.com","is_super_admin":true,"usertype":"admin"}
[12-May-2025 07:16:12 Europe/Berlin] Session already active in TokenHandler. Session ID: 0kpcqpq133luhqo0577f2kc8t0
[12-May-2025 07:16:12 Europe/Berlin] Current session data: {"csrf_token":"8ef38a09aa485e63bca23a948b156930333d9c151a42cdef8b67b0df81c16a72","csrf_token_time":1747026731,"admin_id":1,"srcode":"21-00001","admin_name":"Admin User","email":"admin@admin.com","is_super_admin":true,"usertype":"admin"}
[12-May-2025 07:16:12 Europe/Berlin] Session already active in TokenHandler. Session ID: 0kpcqpq133luhqo0577f2kc8t0
[12-May-2025 07:16:12 Europe/Berlin] Current session data: {"csrf_token":"8ef38a09aa485e63bca23a948b156930333d9c151a42cdef8b67b0df81c16a72","csrf_token_time":1747026731,"admin_id":1,"srcode":"21-00001","admin_name":"Admin User","email":"admin@admin.com","is_super_admin":true,"usertype":"admin"}
[12-May-2025 07:23:01 Europe/Berlin] Session already active in TokenHandler. Session ID: 0kpcqpq133luhqo0577f2kc8t0
[12-May-2025 07:23:01 Europe/Berlin] Current session data: {"csrf_token":"8ef38a09aa485e63bca23a948b156930333d9c151a42cdef8b67b0df81c16a72","csrf_token_time":1747026731,"admin_id":1,"srcode":"21-00001","admin_name":"Admin User","email":"admin@admin.com","is_super_admin":true,"usertype":"admin"}
[12-May-2025 07:23:01 Europe/Berlin] Session already active in TokenHandler. Session ID: 0kpcqpq133luhqo0577f2kc8t0
[12-May-2025 07:23:01 Europe/Berlin] Current session data: {"csrf_token":"8ef38a09aa485e63bca23a948b156930333d9c151a42cdef8b67b0df81c16a72","csrf_token_time":1747026731,"admin_id":1,"srcode":"21-00001","admin_name":"Admin User","email":"admin@admin.com","is_super_admin":true,"usertype":"admin"}
[12-May-2025 07:23:01 Europe/Berlin] Session already active in TokenHandler. Session ID: 0kpcqpq133luhqo0577f2kc8t0
[12-May-2025 07:23:01 Europe/Berlin] Current session data: {"csrf_token":"8ef38a09aa485e63bca23a948b156930333d9c151a42cdef8b67b0df81c16a72","csrf_token_time":1747026731,"admin_id":1,"srcode":"21-00001","admin_name":"Admin User","email":"admin@admin.com","is_super_admin":true,"usertype":"admin"}
[12-May-2025 07:23:01 Europe/Berlin] Session already active in TokenHandler. Session ID: 0kpcqpq133luhqo0577f2kc8t0
[12-May-2025 07:23:01 Europe/Berlin] Current session data: {"csrf_token":"8ef38a09aa485e63bca23a948b156930333d9c151a42cdef8b67b0df81c16a72","csrf_token_time":1747026731,"admin_id":1,"srcode":"21-00001","admin_name":"Admin User","email":"admin@admin.com","is_super_admin":true,"usertype":"admin"}
[12-May-2025 07:23:04 Europe/Berlin] Session already active in TokenHandler. Session ID: 0kpcqpq133luhqo0577f2kc8t0
[12-May-2025 07:23:04 Europe/Berlin] Current session data: {"csrf_token":"8ef38a09aa485e63bca23a948b156930333d9c151a42cdef8b67b0df81c16a72","csrf_token_time":1747026731,"admin_id":1,"srcode":"21-00001","admin_name":"Admin User","email":"admin@admin.com","is_super_admin":true,"usertype":"admin"}
[12-May-2025 07:23:35 Europe/Berlin] Session already active in TokenHandler. Session ID: 0kpcqpq133luhqo0577f2kc8t0
[12-May-2025 07:23:35 Europe/Berlin] Current session data: {"csrf_token":"8ef38a09aa485e63bca23a948b156930333d9c151a42cdef8b67b0df81c16a72","csrf_token_time":1747026731,"admin_id":1,"srcode":"21-00001","admin_name":"Admin User","email":"admin@admin.com","is_super_admin":true,"usertype":"admin"}
[12-May-2025 07:23:35 Europe/Berlin] Session already active in TokenHandler. Session ID: 0kpcqpq133luhqo0577f2kc8t0
[12-May-2025 07:23:35 Europe/Berlin] Current session data: {"csrf_token":"8ef38a09aa485e63bca23a948b156930333d9c151a42cdef8b67b0df81c16a72","csrf_token_time":1747026731,"admin_id":1,"srcode":"21-00001","admin_name":"Admin User","email":"admin@admin.com","is_super_admin":true,"usertype":"admin"}
[12-May-2025 07:23:35 Europe/Berlin] Session already active in TokenHandler. Session ID: 0kpcqpq133luhqo0577f2kc8t0
[12-May-2025 07:23:35 Europe/Berlin] Current session data: {"csrf_token":"8ef38a09aa485e63bca23a948b156930333d9c151a42cdef8b67b0df81c16a72","csrf_token_time":1747026731,"admin_id":1,"srcode":"21-00001","admin_name":"Admin User","email":"admin@admin.com","is_super_admin":true,"usertype":"admin"}
[12-May-2025 07:23:35 Europe/Berlin] Session already active in TokenHandler. Session ID: 0kpcqpq133luhqo0577f2kc8t0
[12-May-2025 07:23:35 Europe/Berlin] Current session data: {"csrf_token":"8ef38a09aa485e63bca23a948b156930333d9c151a42cdef8b67b0df81c16a72","csrf_token_time":1747026731,"admin_id":1,"srcode":"21-00001","admin_name":"Admin User","email":"admin@admin.com","is_super_admin":true,"usertype":"admin"}
[12-May-2025 07:23:36 Europe/Berlin] Session already active in TokenHandler. Session ID: 0kpcqpq133luhqo0577f2kc8t0
[12-May-2025 07:23:36 Europe/Berlin] Current session data: {"csrf_token":"8ef38a09aa485e63bca23a948b156930333d9c151a42cdef8b67b0df81c16a72","csrf_token_time":1747026731,"admin_id":1,"srcode":"21-00001","admin_name":"Admin User","email":"admin@admin.com","is_super_admin":true,"usertype":"admin"}
[12-May-2025 07:23:38 Europe/Berlin] Session already active in TokenHandler. Session ID: 0kpcqpq133luhqo0577f2kc8t0
[12-May-2025 07:23:38 Europe/Berlin] Current session data: {"csrf_token":"8ef38a09aa485e63bca23a948b156930333d9c151a42cdef8b67b0df81c16a72","csrf_token_time":1747026731,"admin_id":1,"srcode":"21-00001","admin_name":"Admin User","email":"admin@admin.com","is_super_admin":true,"usertype":"admin"}
[12-May-2025 07:23:38 Europe/Berlin] Session already active in TokenHandler. Session ID: 0kpcqpq133luhqo0577f2kc8t0
[12-May-2025 07:23:38 Europe/Berlin] Current session data: {"csrf_token":"8ef38a09aa485e63bca23a948b156930333d9c151a42cdef8b67b0df81c16a72","csrf_token_time":1747026731,"admin_id":1,"srcode":"21-00001","admin_name":"Admin User","email":"admin@admin.com","is_super_admin":true,"usertype":"admin"}
[12-May-2025 07:23:38 Europe/Berlin] Session already active in TokenHandler. Session ID: 0kpcqpq133luhqo0577f2kc8t0
[12-May-2025 07:23:38 Europe/Berlin] Current session data: {"csrf_token":"8ef38a09aa485e63bca23a948b156930333d9c151a42cdef8b67b0df81c16a72","csrf_token_time":1747026731,"admin_id":1,"srcode":"21-00001","admin_name":"Admin User","email":"admin@admin.com","is_super_admin":true,"usertype":"admin"}
[12-May-2025 07:23:38 Europe/Berlin] Session already active in TokenHandler. Session ID: 0kpcqpq133luhqo0577f2kc8t0
[12-May-2025 07:23:38 Europe/Berlin] Current session data: {"csrf_token":"8ef38a09aa485e63bca23a948b156930333d9c151a42cdef8b67b0df81c16a72","csrf_token_time":1747026731,"admin_id":1,"srcode":"21-00001","admin_name":"Admin User","email":"admin@admin.com","is_super_admin":true,"usertype":"admin"}
[12-May-2025 07:23:39 Europe/Berlin] Session already active in TokenHandler. Session ID: 0kpcqpq133luhqo0577f2kc8t0
[12-May-2025 07:23:39 Europe/Berlin] Current session data: {"csrf_token":"8ef38a09aa485e63bca23a948b156930333d9c151a42cdef8b67b0df81c16a72","csrf_token_time":1747026731,"admin_id":1,"srcode":"21-00001","admin_name":"Admin User","email":"admin@admin.com","is_super_admin":true,"usertype":"admin"}
[12-May-2025 07:23:54 Europe/Berlin] Starting CSRF validation for action: updateUserStatus
[12-May-2025 07:23:54 Europe/Berlin] Received token: 8ef38a09aa485e63bca23a948b156930333d9c151a42cdef8b67b0df81c16a72
[12-May-2025 07:23:54 Europe/Berlin] Current session status: 2
[12-May-2025 07:23:54 Europe/Berlin] Session ID: 0kpcqpq133luhqo0577f2kc8t0
[12-May-2025 07:23:54 Europe/Berlin] Session already active in TokenHandler. Session ID: 0kpcqpq133luhqo0577f2kc8t0
[12-May-2025 07:23:54 Europe/Berlin] Current session data: {"csrf_token":"8ef38a09aa485e63bca23a948b156930333d9c151a42cdef8b67b0df81c16a72","csrf_token_time":1747026731,"admin_id":1,"srcode":"21-00001","admin_name":"Admin User","email":"admin@admin.com","is_super_admin":true,"usertype":"admin"}
[12-May-2025 07:23:54 Europe/Berlin] CSRF validation successful for action: updateUserStatus
[12-May-2025 07:23:54 Europe/Berlin] For security reasons, you cannot deactivate your own account. This ensures there is always at least one active administrator. Please contact another administrator if you need to deactivate this account.
[12-May-2025 07:23:57 Europe/Berlin] Session already active in TokenHandler. Session ID: 0kpcqpq133luhqo0577f2kc8t0
[12-May-2025 07:23:57 Europe/Berlin] Current session data: {"csrf_token":"8ef38a09aa485e63bca23a948b156930333d9c151a42cdef8b67b0df81c16a72","csrf_token_time":1747026731,"admin_id":1,"srcode":"21-00001","admin_name":"Admin User","email":"admin@admin.com","is_super_admin":true,"usertype":"admin"}
[12-May-2025 07:23:57 Europe/Berlin] Session already active in TokenHandler. Session ID: 0kpcqpq133luhqo0577f2kc8t0
[12-May-2025 07:23:57 Europe/Berlin] Current session data: {"csrf_token":"8ef38a09aa485e63bca23a948b156930333d9c151a42cdef8b67b0df81c16a72","csrf_token_time":1747026731,"admin_id":1,"srcode":"21-00001","admin_name":"Admin User","email":"admin@admin.com","is_super_admin":true,"usertype":"admin"}
[12-May-2025 07:23:57 Europe/Berlin] Session already active in TokenHandler. Session ID: 0kpcqpq133luhqo0577f2kc8t0
[12-May-2025 07:23:57 Europe/Berlin] Current session data: {"csrf_token":"8ef38a09aa485e63bca23a948b156930333d9c151a42cdef8b67b0df81c16a72","csrf_token_time":1747026731,"admin_id":1,"srcode":"21-00001","admin_name":"Admin User","email":"admin@admin.com","is_super_admin":true,"usertype":"admin"}
[12-May-2025 07:23:57 Europe/Berlin] Session already active in TokenHandler. Session ID: 0kpcqpq133luhqo0577f2kc8t0
[12-May-2025 07:23:57 Europe/Berlin] Current session data: {"csrf_token":"8ef38a09aa485e63bca23a948b156930333d9c151a42cdef8b67b0df81c16a72","csrf_token_time":1747026731,"admin_id":1,"srcode":"21-00001","admin_name":"Admin User","email":"admin@admin.com","is_super_admin":true,"usertype":"admin"}
[12-May-2025 07:23:59 Europe/Berlin] Starting CSRF validation for action: updateUserStatus
[12-May-2025 07:23:59 Europe/Berlin] Received token: 8ef38a09aa485e63bca23a948b156930333d9c151a42cdef8b67b0df81c16a72
[12-May-2025 07:23:59 Europe/Berlin] Current session status: 2
[12-May-2025 07:23:59 Europe/Berlin] Session ID: 0kpcqpq133luhqo0577f2kc8t0
[12-May-2025 07:23:59 Europe/Berlin] Session already active in TokenHandler. Session ID: 0kpcqpq133luhqo0577f2kc8t0
[12-May-2025 07:23:59 Europe/Berlin] Current session data: {"csrf_token":"8ef38a09aa485e63bca23a948b156930333d9c151a42cdef8b67b0df81c16a72","csrf_token_time":1747026731,"admin_id":1,"srcode":"21-00001","admin_name":"Admin User","email":"admin@admin.com","is_super_admin":true,"usertype":"admin"}
[12-May-2025 07:23:59 Europe/Berlin] CSRF validation successful for action: updateUserStatus
[12-May-2025 07:23:59 Europe/Berlin] For security reasons, you cannot deactivate your own account. This ensures there is always at least one active administrator. Please contact another administrator if you need to deactivate this account.
[12-May-2025 07:24:14 Europe/Berlin] Session already active in TokenHandler. Session ID: 0kpcqpq133luhqo0577f2kc8t0
[12-May-2025 07:24:14 Europe/Berlin] Current session data: {"csrf_token":"8ef38a09aa485e63bca23a948b156930333d9c151a42cdef8b67b0df81c16a72","csrf_token_time":1747026731,"admin_id":1,"srcode":"21-00001","admin_name":"Admin User","email":"admin@admin.com","is_super_admin":true,"usertype":"admin"}
[12-May-2025 07:26:36 Europe/Berlin] Starting CSRF validation for action: updateUserStatus
[12-May-2025 07:26:36 Europe/Berlin] Received token: 8ef38a09aa485e63bca23a948b156930333d9c151a42cdef8b67b0df81c16a72
[12-May-2025 07:26:36 Europe/Berlin] Current session status: 2
[12-May-2025 07:26:36 Europe/Berlin] Session ID: 0kpcqpq133luhqo0577f2kc8t0
[12-May-2025 07:26:36 Europe/Berlin] Session already active in TokenHandler. Session ID: 0kpcqpq133luhqo0577f2kc8t0
[12-May-2025 07:26:36 Europe/Berlin] Current session data: {"csrf_token":"8ef38a09aa485e63bca23a948b156930333d9c151a42cdef8b67b0df81c16a72","csrf_token_time":1747026731,"admin_id":1,"srcode":"21-00001","admin_name":"Admin User","email":"admin@admin.com","is_super_admin":true,"usertype":"admin"}
[12-May-2025 07:26:36 Europe/Berlin] CSRF validation successful for action: updateUserStatus
[12-May-2025 07:26:36 Europe/Berlin] For security reasons, you cannot deactivate your own account. This ensures there is always at least one active administrator. Please contact another administrator if you need to deactivate this account.
[12-May-2025 07:29:07 Europe/Berlin] Session already active in TokenHandler. Session ID: 0kpcqpq133luhqo0577f2kc8t0
[12-May-2025 07:29:07 Europe/Berlin] Current session data: {"csrf_token":"8ef38a09aa485e63bca23a948b156930333d9c151a42cdef8b67b0df81c16a72","csrf_token_time":1747026731,"admin_id":1,"srcode":"21-00001","admin_name":"Admin User","email":"admin@admin.com","is_super_admin":true,"usertype":"admin"}
[12-May-2025 07:29:07 Europe/Berlin] Session already active in TokenHandler. Session ID: 0kpcqpq133luhqo0577f2kc8t0
[12-May-2025 07:29:07 Europe/Berlin] Current session data: {"csrf_token":"8ef38a09aa485e63bca23a948b156930333d9c151a42cdef8b67b0df81c16a72","csrf_token_time":1747026731,"admin_id":1,"srcode":"21-00001","admin_name":"Admin User","email":"admin@admin.com","is_super_admin":true,"usertype":"admin"}
[12-May-2025 07:29:07 Europe/Berlin] Session already active in TokenHandler. Session ID: 0kpcqpq133luhqo0577f2kc8t0
[12-May-2025 07:29:07 Europe/Berlin] Current session data: {"csrf_token":"8ef38a09aa485e63bca23a948b156930333d9c151a42cdef8b67b0df81c16a72","csrf_token_time":1747026731,"admin_id":1,"srcode":"21-00001","admin_name":"Admin User","email":"admin@admin.com","is_super_admin":true,"usertype":"admin"}
[12-May-2025 07:29:07 Europe/Berlin] Session already active in TokenHandler. Session ID: 0kpcqpq133luhqo0577f2kc8t0
[12-May-2025 07:29:07 Europe/Berlin] Current session data: {"csrf_token":"8ef38a09aa485e63bca23a948b156930333d9c151a42cdef8b67b0df81c16a72","csrf_token_time":1747026731,"admin_id":1,"srcode":"21-00001","admin_name":"Admin User","email":"admin@admin.com","is_super_admin":true,"usertype":"admin"}
[12-May-2025 07:29:08 Europe/Berlin] Session already active in TokenHandler. Session ID: 0kpcqpq133luhqo0577f2kc8t0
[12-May-2025 07:29:08 Europe/Berlin] Current session data: {"csrf_token":"8ef38a09aa485e63bca23a948b156930333d9c151a42cdef8b67b0df81c16a72","csrf_token_time":1747026731,"admin_id":1,"srcode":"21-00001","admin_name":"Admin User","email":"admin@admin.com","is_super_admin":true,"usertype":"admin"}
[12-May-2025 07:29:08 Europe/Berlin] Session already active in TokenHandler. Session ID: 0kpcqpq133luhqo0577f2kc8t0
[12-May-2025 07:29:08 Europe/Berlin] Current session data: {"csrf_token":"8ef38a09aa485e63bca23a948b156930333d9c151a42cdef8b67b0df81c16a72","csrf_token_time":1747026731,"admin_id":1,"srcode":"21-00001","admin_name":"Admin User","email":"admin@admin.com","is_super_admin":true,"usertype":"admin"}
[12-May-2025 07:29:08 Europe/Berlin] Session already active in TokenHandler. Session ID: 0kpcqpq133luhqo0577f2kc8t0
[12-May-2025 07:29:08 Europe/Berlin] Current session data: {"csrf_token":"8ef38a09aa485e63bca23a948b156930333d9c151a42cdef8b67b0df81c16a72","csrf_token_time":1747026731,"admin_id":1,"srcode":"21-00001","admin_name":"Admin User","email":"admin@admin.com","is_super_admin":true,"usertype":"admin"}
[12-May-2025 07:29:08 Europe/Berlin] Session already active in TokenHandler. Session ID: 0kpcqpq133luhqo0577f2kc8t0
[12-May-2025 07:29:08 Europe/Berlin] Current session data: {"csrf_token":"8ef38a09aa485e63bca23a948b156930333d9c151a42cdef8b67b0df81c16a72","csrf_token_time":1747026731,"admin_id":1,"srcode":"21-00001","admin_name":"Admin User","email":"admin@admin.com","is_super_admin":true,"usertype":"admin"}
[12-May-2025 07:29:09 Europe/Berlin] Session already active in TokenHandler. Session ID: 0kpcqpq133luhqo0577f2kc8t0
[12-May-2025 07:29:09 Europe/Berlin] Current session data: {"csrf_token":"8ef38a09aa485e63bca23a948b156930333d9c151a42cdef8b67b0df81c16a72","csrf_token_time":1747026731,"admin_id":1,"srcode":"21-00001","admin_name":"Admin User","email":"admin@admin.com","is_super_admin":true,"usertype":"admin"}
[12-May-2025 07:29:23 Europe/Berlin] Session already active in TokenHandler. Session ID: 0kpcqpq133luhqo0577f2kc8t0
[12-May-2025 07:29:23 Europe/Berlin] Current session data: {"csrf_token":"8ef38a09aa485e63bca23a948b156930333d9c151a42cdef8b67b0df81c16a72","csrf_token_time":1747026731,"admin_id":1,"srcode":"21-00001","admin_name":"Admin User","email":"admin@admin.com","is_super_admin":true,"usertype":"admin"}
[12-May-2025 07:29:40 Europe/Berlin] Session already active in TokenHandler. Session ID: 0kpcqpq133luhqo0577f2kc8t0
[12-May-2025 07:29:40 Europe/Berlin] Current session data: {"csrf_token":"8ef38a09aa485e63bca23a948b156930333d9c151a42cdef8b67b0df81c16a72","csrf_token_time":1747026731,"admin_id":1,"srcode":"21-00001","admin_name":"Admin User","email":"admin@admin.com","is_super_admin":true,"usertype":"admin"}
[12-May-2025 07:29:40 Europe/Berlin] Session already active in TokenHandler. Session ID: 0kpcqpq133luhqo0577f2kc8t0
[12-May-2025 07:29:40 Europe/Berlin] Current session data: {"csrf_token":"8ef38a09aa485e63bca23a948b156930333d9c151a42cdef8b67b0df81c16a72","csrf_token_time":1747026731,"admin_id":1,"srcode":"21-00001","admin_name":"Admin User","email":"admin@admin.com","is_super_admin":true,"usertype":"admin"}
[12-May-2025 07:29:40 Europe/Berlin] Session already active in TokenHandler. Session ID: 0kpcqpq133luhqo0577f2kc8t0
[12-May-2025 07:29:40 Europe/Berlin] Current session data: {"csrf_token":"8ef38a09aa485e63bca23a948b156930333d9c151a42cdef8b67b0df81c16a72","csrf_token_time":1747026731,"admin_id":1,"srcode":"21-00001","admin_name":"Admin User","email":"admin@admin.com","is_super_admin":true,"usertype":"admin"}
[12-May-2025 07:29:40 Europe/Berlin] Session already active in TokenHandler. Session ID: 0kpcqpq133luhqo0577f2kc8t0
[12-May-2025 07:29:40 Europe/Berlin] Current session data: {"csrf_token":"8ef38a09aa485e63bca23a948b156930333d9c151a42cdef8b67b0df81c16a72","csrf_token_time":1747026731,"admin_id":1,"srcode":"21-00001","admin_name":"Admin User","email":"admin@admin.com","is_super_admin":true,"usertype":"admin"}
[12-May-2025 07:29:41 Europe/Berlin] Session already active in TokenHandler. Session ID: 0kpcqpq133luhqo0577f2kc8t0
[12-May-2025 07:29:41 Europe/Berlin] Current session data: {"csrf_token":"8ef38a09aa485e63bca23a948b156930333d9c151a42cdef8b67b0df81c16a72","csrf_token_time":1747026731,"admin_id":1,"srcode":"21-00001","admin_name":"Admin User","email":"admin@admin.com","is_super_admin":true,"usertype":"admin"}
[12-May-2025 07:31:34 Europe/Berlin] Session already active in TokenHandler. Session ID: 0kpcqpq133luhqo0577f2kc8t0
[12-May-2025 07:31:34 Europe/Berlin] Current session data: {"csrf_token":"8ef38a09aa485e63bca23a948b156930333d9c151a42cdef8b67b0df81c16a72","csrf_token_time":1747026731,"admin_id":1,"srcode":"21-00001","admin_name":"Admin User","email":"admin@admin.com","is_super_admin":true,"usertype":"admin"}
[12-May-2025 07:31:34 Europe/Berlin] Session already active in TokenHandler. Session ID: 0kpcqpq133luhqo0577f2kc8t0
[12-May-2025 07:31:34 Europe/Berlin] Current session data: {"csrf_token":"8ef38a09aa485e63bca23a948b156930333d9c151a42cdef8b67b0df81c16a72","csrf_token_time":1747026731,"admin_id":1,"srcode":"21-00001","admin_name":"Admin User","email":"admin@admin.com","is_super_admin":true,"usertype":"admin"}
[12-May-2025 07:31:34 Europe/Berlin] Session already active in TokenHandler. Session ID: 0kpcqpq133luhqo0577f2kc8t0
[12-May-2025 07:31:34 Europe/Berlin] Current session data: {"csrf_token":"8ef38a09aa485e63bca23a948b156930333d9c151a42cdef8b67b0df81c16a72","csrf_token_time":1747026731,"admin_id":1,"srcode":"21-00001","admin_name":"Admin User","email":"admin@admin.com","is_super_admin":true,"usertype":"admin"}
[12-May-2025 07:31:34 Europe/Berlin] Session already active in TokenHandler. Session ID: 0kpcqpq133luhqo0577f2kc8t0
[12-May-2025 07:31:34 Europe/Berlin] Current session data: {"csrf_token":"8ef38a09aa485e63bca23a948b156930333d9c151a42cdef8b67b0df81c16a72","csrf_token_time":1747026731,"admin_id":1,"srcode":"21-00001","admin_name":"Admin User","email":"admin@admin.com","is_super_admin":true,"usertype":"admin"}
[12-May-2025 07:31:35 Europe/Berlin] Starting CSRF validation for action: getAdminDetails
[12-May-2025 07:31:35 Europe/Berlin] Received token: 8ef38a09aa485e63bca23a948b156930333d9c151a42cdef8b67b0df81c16a72
[12-May-2025 07:31:35 Europe/Berlin] Current session status: 2
[12-May-2025 07:31:35 Europe/Berlin] Session ID: 0kpcqpq133luhqo0577f2kc8t0
[12-May-2025 07:31:35 Europe/Berlin] Session already active in TokenHandler. Session ID: 0kpcqpq133luhqo0577f2kc8t0
[12-May-2025 07:31:35 Europe/Berlin] Current session data: {"csrf_token":"8ef38a09aa485e63bca23a948b156930333d9c151a42cdef8b67b0df81c16a72","csrf_token_time":1747026731,"admin_id":1,"srcode":"21-00001","admin_name":"Admin User","email":"admin@admin.com","is_super_admin":true,"usertype":"admin"}
[12-May-2025 07:31:35 Europe/Berlin] CSRF validation successful for action: getAdminDetails
[12-May-2025 07:31:35 Europe/Berlin] Unauthorized access
[12-May-2025 07:31:35 Europe/Berlin] Session already active in TokenHandler. Session ID: 0kpcqpq133luhqo0577f2kc8t0
[12-May-2025 07:31:35 Europe/Berlin] Current session data: {"csrf_token":"8ef38a09aa485e63bca23a948b156930333d9c151a42cdef8b67b0df81c16a72","csrf_token_time":1747026731,"admin_id":1,"srcode":"21-00001","admin_name":"Admin User","email":"admin@admin.com","is_super_admin":true,"usertype":"admin"}
[12-May-2025 07:31:37 Europe/Berlin] Session already active in TokenHandler. Session ID: 0kpcqpq133luhqo0577f2kc8t0
[12-May-2025 07:31:37 Europe/Berlin] Current session data: {"csrf_token":"8ef38a09aa485e63bca23a948b156930333d9c151a42cdef8b67b0df81c16a72","csrf_token_time":1747026731,"admin_id":1,"srcode":"21-00001","admin_name":"Admin User","email":"admin@admin.com","is_super_admin":true,"usertype":"admin"}
[12-May-2025 07:31:37 Europe/Berlin] Session already active in TokenHandler. Session ID: 0kpcqpq133luhqo0577f2kc8t0
[12-May-2025 07:31:37 Europe/Berlin] Current session data: {"csrf_token":"8ef38a09aa485e63bca23a948b156930333d9c151a42cdef8b67b0df81c16a72","csrf_token_time":1747026731,"admin_id":1,"srcode":"21-00001","admin_name":"Admin User","email":"admin@admin.com","is_super_admin":true,"usertype":"admin"}
[12-May-2025 07:31:37 Europe/Berlin] Session already active in TokenHandler. Session ID: 0kpcqpq133luhqo0577f2kc8t0
[12-May-2025 07:31:37 Europe/Berlin] Current session data: {"csrf_token":"8ef38a09aa485e63bca23a948b156930333d9c151a42cdef8b67b0df81c16a72","csrf_token_time":1747026731,"admin_id":1,"srcode":"21-00001","admin_name":"Admin User","email":"admin@admin.com","is_super_admin":true,"usertype":"admin"}
[12-May-2025 07:31:37 Europe/Berlin] Session already active in TokenHandler. Session ID: 0kpcqpq133luhqo0577f2kc8t0
[12-May-2025 07:31:37 Europe/Berlin] Current session data: {"csrf_token":"8ef38a09aa485e63bca23a948b156930333d9c151a42cdef8b67b0df81c16a72","csrf_token_time":1747026731,"admin_id":1,"srcode":"21-00001","admin_name":"Admin User","email":"admin@admin.com","is_super_admin":true,"usertype":"admin"}
[12-May-2025 07:31:43 Europe/Berlin] Session already active in TokenHandler. Session ID: 0kpcqpq133luhqo0577f2kc8t0
[12-May-2025 07:31:43 Europe/Berlin] Current session data: {"csrf_token":"8ef38a09aa485e63bca23a948b156930333d9c151a42cdef8b67b0df81c16a72","csrf_token_time":1747026731,"admin_id":1,"srcode":"21-00001","admin_name":"Admin User","email":"admin@admin.com","is_super_admin":true,"usertype":"admin"}
[12-May-2025 07:31:43 Europe/Berlin] Session already active in TokenHandler. Session ID: 0kpcqpq133luhqo0577f2kc8t0
[12-May-2025 07:31:43 Europe/Berlin] Current session data: {"csrf_token":"8ef38a09aa485e63bca23a948b156930333d9c151a42cdef8b67b0df81c16a72","csrf_token_time":1747026731,"admin_id":1,"srcode":"21-00001","admin_name":"Admin User","email":"admin@admin.com","is_super_admin":true,"usertype":"admin"}
[12-May-2025 07:31:43 Europe/Berlin] Session already active in TokenHandler. Session ID: 0kpcqpq133luhqo0577f2kc8t0
[12-May-2025 07:31:43 Europe/Berlin] Current session data: {"csrf_token":"8ef38a09aa485e63bca23a948b156930333d9c151a42cdef8b67b0df81c16a72","csrf_token_time":1747026731,"admin_id":1,"srcode":"21-00001","admin_name":"Admin User","email":"admin@admin.com","is_super_admin":true,"usertype":"admin"}
[12-May-2025 07:31:43 Europe/Berlin] Session already active in TokenHandler. Session ID: 0kpcqpq133luhqo0577f2kc8t0
[12-May-2025 07:31:43 Europe/Berlin] Current session data: {"csrf_token":"8ef38a09aa485e63bca23a948b156930333d9c151a42cdef8b67b0df81c16a72","csrf_token_time":1747026731,"admin_id":1,"srcode":"21-00001","admin_name":"Admin User","email":"admin@admin.com","is_super_admin":true,"usertype":"admin"}
[12-May-2025 07:31:45 Europe/Berlin] Starting CSRF validation for action: getAdminDetails
[12-May-2025 07:31:45 Europe/Berlin] Received token: 8ef38a09aa485e63bca23a948b156930333d9c151a42cdef8b67b0df81c16a72
[12-May-2025 07:31:45 Europe/Berlin] Current session status: 2
[12-May-2025 07:31:45 Europe/Berlin] Session ID: 0kpcqpq133luhqo0577f2kc8t0
[12-May-2025 07:31:45 Europe/Berlin] Session already active in TokenHandler. Session ID: 0kpcqpq133luhqo0577f2kc8t0
[12-May-2025 07:31:45 Europe/Berlin] Current session data: {"csrf_token":"8ef38a09aa485e63bca23a948b156930333d9c151a42cdef8b67b0df81c16a72","csrf_token_time":1747026731,"admin_id":1,"srcode":"21-00001","admin_name":"Admin User","email":"admin@admin.com","is_super_admin":true,"usertype":"admin"}
[12-May-2025 07:31:45 Europe/Berlin] CSRF validation successful for action: getAdminDetails
[12-May-2025 07:31:45 Europe/Berlin] Unauthorized access
[12-May-2025 07:31:45 Europe/Berlin] Session already active in TokenHandler. Session ID: 0kpcqpq133luhqo0577f2kc8t0
[12-May-2025 07:31:45 Europe/Berlin] Current session data: {"csrf_token":"8ef38a09aa485e63bca23a948b156930333d9c151a42cdef8b67b0df81c16a72","csrf_token_time":1747026731,"admin_id":1,"srcode":"21-00001","admin_name":"Admin User","email":"admin@admin.com","is_super_admin":true,"usertype":"admin"}
[12-May-2025 07:32:57 Europe/Berlin] Session already active in TokenHandler. Session ID: 0kpcqpq133luhqo0577f2kc8t0
[12-May-2025 07:32:57 Europe/Berlin] Current session data: {"csrf_token":"8ef38a09aa485e63bca23a948b156930333d9c151a42cdef8b67b0df81c16a72","csrf_token_time":1747026731,"admin_id":1,"srcode":"21-00001","admin_name":"Admin User","email":"admin@admin.com","is_super_admin":true,"usertype":"admin"}
[12-May-2025 07:32:57 Europe/Berlin] Session already active in TokenHandler. Session ID: 0kpcqpq133luhqo0577f2kc8t0
[12-May-2025 07:32:57 Europe/Berlin] Current session data: {"csrf_token":"8ef38a09aa485e63bca23a948b156930333d9c151a42cdef8b67b0df81c16a72","csrf_token_time":1747026731,"admin_id":1,"srcode":"21-00001","admin_name":"Admin User","email":"admin@admin.com","is_super_admin":true,"usertype":"admin"}
[12-May-2025 07:32:57 Europe/Berlin] Session already active in TokenHandler. Session ID: 0kpcqpq133luhqo0577f2kc8t0
[12-May-2025 07:32:57 Europe/Berlin] Current session data: {"csrf_token":"8ef38a09aa485e63bca23a948b156930333d9c151a42cdef8b67b0df81c16a72","csrf_token_time":1747026731,"admin_id":1,"srcode":"21-00001","admin_name":"Admin User","email":"admin@admin.com","is_super_admin":true,"usertype":"admin"}
[12-May-2025 07:32:57 Europe/Berlin] Session already active in TokenHandler. Session ID: 0kpcqpq133luhqo0577f2kc8t0
[12-May-2025 07:32:57 Europe/Berlin] Current session data: {"csrf_token":"8ef38a09aa485e63bca23a948b156930333d9c151a42cdef8b67b0df81c16a72","csrf_token_time":1747026731,"admin_id":1,"srcode":"21-00001","admin_name":"Admin User","email":"admin@admin.com","is_super_admin":true,"usertype":"admin"}
[12-May-2025 07:32:58 Europe/Berlin] Session already active in TokenHandler. Session ID: 0kpcqpq133luhqo0577f2kc8t0
[12-May-2025 07:32:58 Europe/Berlin] Current session data: {"csrf_token":"8ef38a09aa485e63bca23a948b156930333d9c151a42cdef8b67b0df81c16a72","csrf_token_time":1747026731,"admin_id":1,"srcode":"21-00001","admin_name":"Admin User","email":"admin@admin.com","is_super_admin":true,"usertype":"admin"}
[12-May-2025 07:33:16 Europe/Berlin] Session already active in TokenHandler. Session ID: 0kpcqpq133luhqo0577f2kc8t0
[12-May-2025 07:33:16 Europe/Berlin] Current session data: {"csrf_token":"8ef38a09aa485e63bca23a948b156930333d9c151a42cdef8b67b0df81c16a72","csrf_token_time":1747026731,"admin_id":1,"srcode":"21-00001","admin_name":"Admin User","email":"admin@admin.com","is_super_admin":true,"usertype":"admin"}
[12-May-2025 07:33:16 Europe/Berlin] Session already active in TokenHandler. Session ID: 0kpcqpq133luhqo0577f2kc8t0
[12-May-2025 07:33:16 Europe/Berlin] Current session data: {"csrf_token":"8ef38a09aa485e63bca23a948b156930333d9c151a42cdef8b67b0df81c16a72","csrf_token_time":1747026731,"admin_id":1,"srcode":"21-00001","admin_name":"Admin User","email":"admin@admin.com","is_super_admin":true,"usertype":"admin"}
[12-May-2025 07:33:16 Europe/Berlin] Session already active in TokenHandler. Session ID: 0kpcqpq133luhqo0577f2kc8t0
[12-May-2025 07:33:16 Europe/Berlin] Current session data: {"csrf_token":"8ef38a09aa485e63bca23a948b156930333d9c151a42cdef8b67b0df81c16a72","csrf_token_time":1747026731,"admin_id":1,"srcode":"21-00001","admin_name":"Admin User","email":"admin@admin.com","is_super_admin":true,"usertype":"admin"}
[12-May-2025 07:33:16 Europe/Berlin] Session already active in TokenHandler. Session ID: 0kpcqpq133luhqo0577f2kc8t0
[12-May-2025 07:33:16 Europe/Berlin] Current session data: {"csrf_token":"8ef38a09aa485e63bca23a948b156930333d9c151a42cdef8b67b0df81c16a72","csrf_token_time":1747026731,"admin_id":1,"srcode":"21-00001","admin_name":"Admin User","email":"admin@admin.com","is_super_admin":true,"usertype":"admin"}
[12-May-2025 07:33:18 Europe/Berlin] Starting CSRF validation for action: updateUserStatus
[12-May-2025 07:33:18 Europe/Berlin] Received token: 8ef38a09aa485e63bca23a948b156930333d9c151a42cdef8b67b0df81c16a72
[12-May-2025 07:33:18 Europe/Berlin] Current session status: 2
[12-May-2025 07:33:18 Europe/Berlin] Session ID: 0kpcqpq133luhqo0577f2kc8t0
[12-May-2025 07:33:18 Europe/Berlin] Session already active in TokenHandler. Session ID: 0kpcqpq133luhqo0577f2kc8t0
[12-May-2025 07:33:18 Europe/Berlin] Current session data: {"csrf_token":"8ef38a09aa485e63bca23a948b156930333d9c151a42cdef8b67b0df81c16a72","csrf_token_time":1747026731,"admin_id":1,"srcode":"21-00001","admin_name":"Admin User","email":"admin@admin.com","is_super_admin":true,"usertype":"admin"}
[12-May-2025 07:33:18 Europe/Berlin] CSRF validation successful for action: updateUserStatus
[12-May-2025 07:33:18 Europe/Berlin] For security reasons, you cannot deactivate your own account. This ensures there is always at least one active administrator. Please contact another administrator if you need to deactivate this account.
[12-May-2025 07:33:20 Europe/Berlin] Session already active in TokenHandler. Session ID: 0kpcqpq133luhqo0577f2kc8t0
[12-May-2025 07:33:20 Europe/Berlin] Current session data: {"csrf_token":"8ef38a09aa485e63bca23a948b156930333d9c151a42cdef8b67b0df81c16a72","csrf_token_time":1747026731,"admin_id":1,"srcode":"21-00001","admin_name":"Admin User","email":"admin@admin.com","is_super_admin":true,"usertype":"admin"}
[12-May-2025 07:33:23 Europe/Berlin] Session already active in TokenHandler. Session ID: 0kpcqpq133luhqo0577f2kc8t0
[12-May-2025 07:33:23 Europe/Berlin] Current session data: {"csrf_token":"8ef38a09aa485e63bca23a948b156930333d9c151a42cdef8b67b0df81c16a72","csrf_token_time":1747026731,"admin_id":1,"srcode":"21-00001","admin_name":"Admin User","email":"admin@admin.com","is_super_admin":true,"usertype":"admin"}
[12-May-2025 07:33:23 Europe/Berlin] Session already active in TokenHandler. Session ID: 0kpcqpq133luhqo0577f2kc8t0
[12-May-2025 07:33:23 Europe/Berlin] Current session data: {"csrf_token":"8ef38a09aa485e63bca23a948b156930333d9c151a42cdef8b67b0df81c16a72","csrf_token_time":1747026731,"admin_id":1,"srcode":"21-00001","admin_name":"Admin User","email":"admin@admin.com","is_super_admin":true,"usertype":"admin"}
[12-May-2025 07:33:23 Europe/Berlin] Session already active in TokenHandler. Session ID: 0kpcqpq133luhqo0577f2kc8t0
[12-May-2025 07:33:23 Europe/Berlin] Current session data: {"csrf_token":"8ef38a09aa485e63bca23a948b156930333d9c151a42cdef8b67b0df81c16a72","csrf_token_time":1747026731,"admin_id":1,"srcode":"21-00001","admin_name":"Admin User","email":"admin@admin.com","is_super_admin":true,"usertype":"admin"}
[12-May-2025 07:33:23 Europe/Berlin] Session already active in TokenHandler. Session ID: 0kpcqpq133luhqo0577f2kc8t0
[12-May-2025 07:33:23 Europe/Berlin] Current session data: {"csrf_token":"8ef38a09aa485e63bca23a948b156930333d9c151a42cdef8b67b0df81c16a72","csrf_token_time":1747026731,"admin_id":1,"srcode":"21-00001","admin_name":"Admin User","email":"admin@admin.com","is_super_admin":true,"usertype":"admin"}
[12-May-2025 07:33:24 Europe/Berlin] Session already active in TokenHandler. Session ID: 0kpcqpq133luhqo0577f2kc8t0
[12-May-2025 07:33:24 Europe/Berlin] Current session data: {"csrf_token":"8ef38a09aa485e63bca23a948b156930333d9c151a42cdef8b67b0df81c16a72","csrf_token_time":1747026731,"admin_id":1,"srcode":"21-00001","admin_name":"Admin User","email":"admin@admin.com","is_super_admin":true,"usertype":"admin"}
[12-May-2025 07:34:20 Europe/Berlin] Session already active in TokenHandler. Session ID: 0kpcqpq133luhqo0577f2kc8t0
[12-May-2025 07:34:20 Europe/Berlin] Current session data: {"csrf_token":"8ef38a09aa485e63bca23a948b156930333d9c151a42cdef8b67b0df81c16a72","csrf_token_time":1747026731,"admin_id":1,"srcode":"21-00001","admin_name":"Admin User","email":"admin@admin.com","is_super_admin":true,"usertype":"admin"}
[12-May-2025 07:34:22 Europe/Berlin] Session already active in TokenHandler. Session ID: 0kpcqpq133luhqo0577f2kc8t0
[12-May-2025 07:34:22 Europe/Berlin] Current session data: {"csrf_token":"8ef38a09aa485e63bca23a948b156930333d9c151a42cdef8b67b0df81c16a72","csrf_token_time":1747026731,"admin_id":1,"srcode":"21-00001","admin_name":"Admin User","email":"admin@admin.com","is_super_admin":true,"usertype":"admin"}
[12-May-2025 07:34:22 Europe/Berlin] Session already active in TokenHandler. Session ID: 0kpcqpq133luhqo0577f2kc8t0
[12-May-2025 07:34:22 Europe/Berlin] Current session data: {"csrf_token":"8ef38a09aa485e63bca23a948b156930333d9c151a42cdef8b67b0df81c16a72","csrf_token_time":1747026731,"admin_id":1,"srcode":"21-00001","admin_name":"Admin User","email":"admin@admin.com","is_super_admin":true,"usertype":"admin"}
[12-May-2025 07:34:22 Europe/Berlin] Session already active in TokenHandler. Session ID: 0kpcqpq133luhqo0577f2kc8t0
[12-May-2025 07:34:22 Europe/Berlin] Current session data: {"csrf_token":"8ef38a09aa485e63bca23a948b156930333d9c151a42cdef8b67b0df81c16a72","csrf_token_time":1747026731,"admin_id":1,"srcode":"21-00001","admin_name":"Admin User","email":"admin@admin.com","is_super_admin":true,"usertype":"admin"}
[12-May-2025 07:34:22 Europe/Berlin] Session already active in TokenHandler. Session ID: 0kpcqpq133luhqo0577f2kc8t0
[12-May-2025 07:34:22 Europe/Berlin] Current session data: {"csrf_token":"8ef38a09aa485e63bca23a948b156930333d9c151a42cdef8b67b0df81c16a72","csrf_token_time":1747026731,"admin_id":1,"srcode":"21-00001","admin_name":"Admin User","email":"admin@admin.com","is_super_admin":true,"usertype":"admin"}
[12-May-2025 07:34:23 Europe/Berlin] Session already active in TokenHandler. Session ID: 0kpcqpq133luhqo0577f2kc8t0
[12-May-2025 07:34:23 Europe/Berlin] Current session data: {"csrf_token":"8ef38a09aa485e63bca23a948b156930333d9c151a42cdef8b67b0df81c16a72","csrf_token_time":1747026731,"admin_id":1,"srcode":"21-00001","admin_name":"Admin User","email":"admin@admin.com","is_super_admin":true,"usertype":"admin"}
[12-May-2025 07:36:26 Europe/Berlin] Session already active in TokenHandler. Session ID: 0kpcqpq133luhqo0577f2kc8t0
[12-May-2025 07:36:26 Europe/Berlin] Current session data: {"csrf_token":"8ef38a09aa485e63bca23a948b156930333d9c151a42cdef8b67b0df81c16a72","csrf_token_time":1747026731,"admin_id":1,"srcode":"21-00001","admin_name":"Admin User","email":"admin@admin.com","is_super_admin":true,"usertype":"admin"}
[12-May-2025 07:36:26 Europe/Berlin] Session already active in TokenHandler. Session ID: 0kpcqpq133luhqo0577f2kc8t0
[12-May-2025 07:36:26 Europe/Berlin] Current session data: {"csrf_token":"8ef38a09aa485e63bca23a948b156930333d9c151a42cdef8b67b0df81c16a72","csrf_token_time":1747026731,"admin_id":1,"srcode":"21-00001","admin_name":"Admin User","email":"admin@admin.com","is_super_admin":true,"usertype":"admin"}
[12-May-2025 07:36:26 Europe/Berlin] Session already active in TokenHandler. Session ID: 0kpcqpq133luhqo0577f2kc8t0
[12-May-2025 07:36:26 Europe/Berlin] Current session data: {"csrf_token":"8ef38a09aa485e63bca23a948b156930333d9c151a42cdef8b67b0df81c16a72","csrf_token_time":1747026731,"admin_id":1,"srcode":"21-00001","admin_name":"Admin User","email":"admin@admin.com","is_super_admin":true,"usertype":"admin"}
[12-May-2025 07:36:26 Europe/Berlin] Session already active in TokenHandler. Session ID: 0kpcqpq133luhqo0577f2kc8t0
[12-May-2025 07:36:26 Europe/Berlin] Current session data: {"csrf_token":"8ef38a09aa485e63bca23a948b156930333d9c151a42cdef8b67b0df81c16a72","csrf_token_time":1747026731,"admin_id":1,"srcode":"21-00001","admin_name":"Admin User","email":"admin@admin.com","is_super_admin":true,"usertype":"admin"}
[12-May-2025 07:36:26 Europe/Berlin] Session already active in TokenHandler. Session ID: 0kpcqpq133luhqo0577f2kc8t0
[12-May-2025 07:36:26 Europe/Berlin] Current session data: {"csrf_token":"8ef38a09aa485e63bca23a948b156930333d9c151a42cdef8b67b0df81c16a72","csrf_token_time":1747026731,"admin_id":1,"srcode":"21-00001","admin_name":"Admin User","email":"admin@admin.com","is_super_admin":true,"usertype":"admin"}
[12-May-2025 07:36:30 Europe/Berlin] Session already active in TokenHandler. Session ID: 0kpcqpq133luhqo0577f2kc8t0
[12-May-2025 07:36:30 Europe/Berlin] Current session data: {"csrf_token":"8ef38a09aa485e63bca23a948b156930333d9c151a42cdef8b67b0df81c16a72","csrf_token_time":1747026731,"admin_id":1,"srcode":"21-00001","admin_name":"Admin User","email":"admin@admin.com","is_super_admin":true,"usertype":"admin"}
[12-May-2025 07:36:30 Europe/Berlin] Session already active in TokenHandler. Session ID: 0kpcqpq133luhqo0577f2kc8t0
[12-May-2025 07:36:30 Europe/Berlin] Current session data: {"csrf_token":"8ef38a09aa485e63bca23a948b156930333d9c151a42cdef8b67b0df81c16a72","csrf_token_time":1747026731,"admin_id":1,"srcode":"21-00001","admin_name":"Admin User","email":"admin@admin.com","is_super_admin":true,"usertype":"admin"}
[12-May-2025 07:36:30 Europe/Berlin] Session already active in TokenHandler. Session ID: 0kpcqpq133luhqo0577f2kc8t0
[12-May-2025 07:36:30 Europe/Berlin] Current session data: {"csrf_token":"8ef38a09aa485e63bca23a948b156930333d9c151a42cdef8b67b0df81c16a72","csrf_token_time":1747026731,"admin_id":1,"srcode":"21-00001","admin_name":"Admin User","email":"admin@admin.com","is_super_admin":true,"usertype":"admin"}
[12-May-2025 07:36:30 Europe/Berlin] Session already active in TokenHandler. Session ID: 0kpcqpq133luhqo0577f2kc8t0
[12-May-2025 07:36:30 Europe/Berlin] Current session data: {"csrf_token":"8ef38a09aa485e63bca23a948b156930333d9c151a42cdef8b67b0df81c16a72","csrf_token_time":1747026731,"admin_id":1,"srcode":"21-00001","admin_name":"Admin User","email":"admin@admin.com","is_super_admin":true,"usertype":"admin"}
[12-May-2025 07:36:31 Europe/Berlin] Session already active in TokenHandler. Session ID: 0kpcqpq133luhqo0577f2kc8t0
[12-May-2025 07:36:31 Europe/Berlin] Current session data: {"csrf_token":"8ef38a09aa485e63bca23a948b156930333d9c151a42cdef8b67b0df81c16a72","csrf_token_time":1747026731,"admin_id":1,"srcode":"21-00001","admin_name":"Admin User","email":"admin@admin.com","is_super_admin":true,"usertype":"admin"}
[12-May-2025 07:37:14 Europe/Berlin] Session already active in TokenHandler. Session ID: 0kpcqpq133luhqo0577f2kc8t0
[12-May-2025 07:37:14 Europe/Berlin] Current session data: {"csrf_token":"8ef38a09aa485e63bca23a948b156930333d9c151a42cdef8b67b0df81c16a72","csrf_token_time":1747026731,"admin_id":1,"srcode":"21-00001","admin_name":"Admin User","email":"admin@admin.com","is_super_admin":true,"usertype":"admin"}
[12-May-2025 07:37:14 Europe/Berlin] Session already active in TokenHandler. Session ID: 0kpcqpq133luhqo0577f2kc8t0
[12-May-2025 07:37:14 Europe/Berlin] Current session data: {"csrf_token":"8ef38a09aa485e63bca23a948b156930333d9c151a42cdef8b67b0df81c16a72","csrf_token_time":1747026731,"admin_id":1,"srcode":"21-00001","admin_name":"Admin User","email":"admin@admin.com","is_super_admin":true,"usertype":"admin"}
[12-May-2025 07:37:14 Europe/Berlin] Session already active in TokenHandler. Session ID: 0kpcqpq133luhqo0577f2kc8t0
[12-May-2025 07:37:14 Europe/Berlin] Current session data: {"csrf_token":"8ef38a09aa485e63bca23a948b156930333d9c151a42cdef8b67b0df81c16a72","csrf_token_time":1747026731,"admin_id":1,"srcode":"21-00001","admin_name":"Admin User","email":"admin@admin.com","is_super_admin":true,"usertype":"admin"}
[12-May-2025 07:37:14 Europe/Berlin] Session already active in TokenHandler. Session ID: 0kpcqpq133luhqo0577f2kc8t0
[12-May-2025 07:37:14 Europe/Berlin] Current session data: {"csrf_token":"8ef38a09aa485e63bca23a948b156930333d9c151a42cdef8b67b0df81c16a72","csrf_token_time":1747026731,"admin_id":1,"srcode":"21-00001","admin_name":"Admin User","email":"admin@admin.com","is_super_admin":true,"usertype":"admin"}
[12-May-2025 07:37:16 Europe/Berlin] Session already active in TokenHandler. Session ID: 0kpcqpq133luhqo0577f2kc8t0
[12-May-2025 07:37:16 Europe/Berlin] Current session data: {"csrf_token":"8ef38a09aa485e63bca23a948b156930333d9c151a42cdef8b67b0df81c16a72","csrf_token_time":1747026731,"admin_id":1,"srcode":"21-00001","admin_name":"Admin User","email":"admin@admin.com","is_super_admin":true,"usertype":"admin"}
[12-May-2025 07:37:16 Europe/Berlin] Session already active in TokenHandler. Session ID: 0kpcqpq133luhqo0577f2kc8t0
[12-May-2025 07:37:16 Europe/Berlin] Current session data: {"csrf_token":"8ef38a09aa485e63bca23a948b156930333d9c151a42cdef8b67b0df81c16a72","csrf_token_time":1747026731,"admin_id":1,"srcode":"21-00001","admin_name":"Admin User","email":"admin@admin.com","is_super_admin":true,"usertype":"admin"}
[12-May-2025 07:37:16 Europe/Berlin] Session already active in TokenHandler. Session ID: 0kpcqpq133luhqo0577f2kc8t0
[12-May-2025 07:37:16 Europe/Berlin] Current session data: {"csrf_token":"8ef38a09aa485e63bca23a948b156930333d9c151a42cdef8b67b0df81c16a72","csrf_token_time":1747026731,"admin_id":1,"srcode":"21-00001","admin_name":"Admin User","email":"admin@admin.com","is_super_admin":true,"usertype":"admin"}
[12-May-2025 07:37:16 Europe/Berlin] Session already active in TokenHandler. Session ID: 0kpcqpq133luhqo0577f2kc8t0
[12-May-2025 07:37:16 Europe/Berlin] Current session data: {"csrf_token":"8ef38a09aa485e63bca23a948b156930333d9c151a42cdef8b67b0df81c16a72","csrf_token_time":1747026731,"admin_id":1,"srcode":"21-00001","admin_name":"Admin User","email":"admin@admin.com","is_super_admin":true,"usertype":"admin"}
[12-May-2025 07:37:17 Europe/Berlin] Session already active in TokenHandler. Session ID: 0kpcqpq133luhqo0577f2kc8t0
[12-May-2025 07:37:17 Europe/Berlin] Current session data: {"csrf_token":"8ef38a09aa485e63bca23a948b156930333d9c151a42cdef8b67b0df81c16a72","csrf_token_time":1747026731,"admin_id":1,"srcode":"21-00001","admin_name":"Admin User","email":"admin@admin.com","is_super_admin":true,"usertype":"admin"}
[12-May-2025 07:37:17 Europe/Berlin] Session already active in TokenHandler. Session ID: 0kpcqpq133luhqo0577f2kc8t0
[12-May-2025 07:37:17 Europe/Berlin] Current session data: {"csrf_token":"8ef38a09aa485e63bca23a948b156930333d9c151a42cdef8b67b0df81c16a72","csrf_token_time":1747026731,"admin_id":1,"srcode":"21-00001","admin_name":"Admin User","email":"admin@admin.com","is_super_admin":true,"usertype":"admin"}
[12-May-2025 07:37:22 Europe/Berlin] Session already active in TokenHandler. Session ID: 0kpcqpq133luhqo0577f2kc8t0
[12-May-2025 07:37:22 Europe/Berlin] Current session data: {"csrf_token":"8ef38a09aa485e63bca23a948b156930333d9c151a42cdef8b67b0df81c16a72","csrf_token_time":1747026731,"admin_id":1,"srcode":"21-00001","admin_name":"Admin User","email":"admin@admin.com","is_super_admin":true,"usertype":"admin"}
[12-May-2025 07:37:22 Europe/Berlin] Session already active in TokenHandler. Session ID: 0kpcqpq133luhqo0577f2kc8t0
[12-May-2025 07:37:22 Europe/Berlin] Current session data: {"csrf_token":"8ef38a09aa485e63bca23a948b156930333d9c151a42cdef8b67b0df81c16a72","csrf_token_time":1747026731,"admin_id":1,"srcode":"21-00001","admin_name":"Admin User","email":"admin@admin.com","is_super_admin":true,"usertype":"admin"}
[12-May-2025 07:37:22 Europe/Berlin] Session already active in TokenHandler. Session ID: 0kpcqpq133luhqo0577f2kc8t0
[12-May-2025 07:37:22 Europe/Berlin] Current session data: {"csrf_token":"8ef38a09aa485e63bca23a948b156930333d9c151a42cdef8b67b0df81c16a72","csrf_token_time":1747026731,"admin_id":1,"srcode":"21-00001","admin_name":"Admin User","email":"admin@admin.com","is_super_admin":true,"usertype":"admin"}
[12-May-2025 07:37:22 Europe/Berlin] Session already active in TokenHandler. Session ID: 0kpcqpq133luhqo0577f2kc8t0
[12-May-2025 07:37:22 Europe/Berlin] Current session data: {"csrf_token":"8ef38a09aa485e63bca23a948b156930333d9c151a42cdef8b67b0df81c16a72","csrf_token_time":1747026731,"admin_id":1,"srcode":"21-00001","admin_name":"Admin User","email":"admin@admin.com","is_super_admin":true,"usertype":"admin"}
[12-May-2025 07:37:22 Europe/Berlin] Session already active in TokenHandler. Session ID: 0kpcqpq133luhqo0577f2kc8t0
[12-May-2025 07:37:22 Europe/Berlin] Current session data: {"csrf_token":"8ef38a09aa485e63bca23a948b156930333d9c151a42cdef8b67b0df81c16a72","csrf_token_time":1747026731,"admin_id":1,"srcode":"21-00001","admin_name":"Admin User","email":"admin@admin.com","is_super_admin":true,"usertype":"admin"}
[12-May-2025 07:37:23 Europe/Berlin] Session already active in TokenHandler. Session ID: 0kpcqpq133luhqo0577f2kc8t0
[12-May-2025 07:37:23 Europe/Berlin] Current session data: {"csrf_token":"8ef38a09aa485e63bca23a948b156930333d9c151a42cdef8b67b0df81c16a72","csrf_token_time":1747026731,"admin_id":1,"srcode":"21-00001","admin_name":"Admin User","email":"admin@admin.com","is_super_admin":true,"usertype":"admin"}
[12-May-2025 07:37:26 Europe/Berlin] Session already active in TokenHandler. Session ID: 0kpcqpq133luhqo0577f2kc8t0
[12-May-2025 07:37:26 Europe/Berlin] Current session data: {"csrf_token":"8ef38a09aa485e63bca23a948b156930333d9c151a42cdef8b67b0df81c16a72","csrf_token_time":1747026731,"admin_id":1,"srcode":"21-00001","admin_name":"Admin User","email":"admin@admin.com","is_super_admin":true,"usertype":"admin"}
[12-May-2025 07:37:26 Europe/Berlin] Session already active in TokenHandler. Session ID: 0kpcqpq133luhqo0577f2kc8t0
[12-May-2025 07:37:26 Europe/Berlin] Current session data: {"csrf_token":"8ef38a09aa485e63bca23a948b156930333d9c151a42cdef8b67b0df81c16a72","csrf_token_time":1747026731,"admin_id":1,"srcode":"21-00001","admin_name":"Admin User","email":"admin@admin.com","is_super_admin":true,"usertype":"admin"}
[12-May-2025 07:38:58 Europe/Berlin] Session already active in TokenHandler. Session ID: 0kpcqpq133luhqo0577f2kc8t0
[12-May-2025 07:38:58 Europe/Berlin] Current session data: {"csrf_token":"8ef38a09aa485e63bca23a948b156930333d9c151a42cdef8b67b0df81c16a72","csrf_token_time":1747026731,"admin_id":1,"srcode":"21-00001","admin_name":"Admin User","email":"admin@admin.com","is_super_admin":true,"usertype":"admin"}
[12-May-2025 07:38:58 Europe/Berlin] Session already active in TokenHandler. Session ID: 0kpcqpq133luhqo0577f2kc8t0
[12-May-2025 07:38:58 Europe/Berlin] Current session data: {"csrf_token":"8ef38a09aa485e63bca23a948b156930333d9c151a42cdef8b67b0df81c16a72","csrf_token_time":1747026731,"admin_id":1,"srcode":"21-00001","admin_name":"Admin User","email":"admin@admin.com","is_super_admin":true,"usertype":"admin"}
[12-May-2025 07:38:58 Europe/Berlin] Session already active in TokenHandler. Session ID: 0kpcqpq133luhqo0577f2kc8t0
[12-May-2025 07:38:58 Europe/Berlin] Current session data: {"csrf_token":"8ef38a09aa485e63bca23a948b156930333d9c151a42cdef8b67b0df81c16a72","csrf_token_time":1747026731,"admin_id":1,"srcode":"21-00001","admin_name":"Admin User","email":"admin@admin.com","is_super_admin":true,"usertype":"admin"}
[12-May-2025 07:38:58 Europe/Berlin] Session already active in TokenHandler. Session ID: 0kpcqpq133luhqo0577f2kc8t0
[12-May-2025 07:38:58 Europe/Berlin] Current session data: {"csrf_token":"8ef38a09aa485e63bca23a948b156930333d9c151a42cdef8b67b0df81c16a72","csrf_token_time":1747026731,"admin_id":1,"srcode":"21-00001","admin_name":"Admin User","email":"admin@admin.com","is_super_admin":true,"usertype":"admin"}
[12-May-2025 07:38:59 Europe/Berlin] Session already active in TokenHandler. Session ID: 0kpcqpq133luhqo0577f2kc8t0
[12-May-2025 07:38:59 Europe/Berlin] Current session data: {"csrf_token":"8ef38a09aa485e63bca23a948b156930333d9c151a42cdef8b67b0df81c16a72","csrf_token_time":1747026731,"admin_id":1,"srcode":"21-00001","admin_name":"Admin User","email":"admin@admin.com","is_super_admin":true,"usertype":"admin"}
[12-May-2025 07:38:59 Europe/Berlin] Session already active in TokenHandler. Session ID: 0kpcqpq133luhqo0577f2kc8t0
[12-May-2025 07:38:59 Europe/Berlin] Current session data: {"csrf_token":"8ef38a09aa485e63bca23a948b156930333d9c151a42cdef8b67b0df81c16a72","csrf_token_time":1747026731,"admin_id":1,"srcode":"21-00001","admin_name":"Admin User","email":"admin@admin.com","is_super_admin":true,"usertype":"admin"}
[12-May-2025 07:42:25 Europe/Berlin] Session already active in TokenHandler. Session ID: 0kpcqpq133luhqo0577f2kc8t0
[12-May-2025 07:42:25 Europe/Berlin] Current session data: {"csrf_token":"8ef38a09aa485e63bca23a948b156930333d9c151a42cdef8b67b0df81c16a72","csrf_token_time":1747026731,"admin_id":1,"srcode":"21-00001","admin_name":"Admin User","email":"admin@admin.com","is_super_admin":true,"usertype":"admin"}
[12-May-2025 07:42:25 Europe/Berlin] Session already active in TokenHandler. Session ID: 0kpcqpq133luhqo0577f2kc8t0
[12-May-2025 07:42:25 Europe/Berlin] Current session data: {"csrf_token":"8ef38a09aa485e63bca23a948b156930333d9c151a42cdef8b67b0df81c16a72","csrf_token_time":1747026731,"admin_id":1,"srcode":"21-00001","admin_name":"Admin User","email":"admin@admin.com","is_super_admin":true,"usertype":"admin"}
[12-May-2025 07:42:25 Europe/Berlin] Session already active in TokenHandler. Session ID: 0kpcqpq133luhqo0577f2kc8t0
[12-May-2025 07:42:25 Europe/Berlin] Current session data: {"csrf_token":"8ef38a09aa485e63bca23a948b156930333d9c151a42cdef8b67b0df81c16a72","csrf_token_time":1747026731,"admin_id":1,"srcode":"21-00001","admin_name":"Admin User","email":"admin@admin.com","is_super_admin":true,"usertype":"admin"}
[12-May-2025 07:42:25 Europe/Berlin] Session already active in TokenHandler. Session ID: 0kpcqpq133luhqo0577f2kc8t0
[12-May-2025 07:42:25 Europe/Berlin] Current session data: {"csrf_token":"8ef38a09aa485e63bca23a948b156930333d9c151a42cdef8b67b0df81c16a72","csrf_token_time":1747026731,"admin_id":1,"srcode":"21-00001","admin_name":"Admin User","email":"admin@admin.com","is_super_admin":true,"usertype":"admin"}
[12-May-2025 07:42:28 Europe/Berlin] Session already active in TokenHandler. Session ID: 0kpcqpq133luhqo0577f2kc8t0
[12-May-2025 07:42:28 Europe/Berlin] Current session data: {"csrf_token":"8ef38a09aa485e63bca23a948b156930333d9c151a42cdef8b67b0df81c16a72","csrf_token_time":1747026731,"admin_id":1,"srcode":"21-00001","admin_name":"Admin User","email":"admin@admin.com","is_super_admin":true,"usertype":"admin"}
[12-May-2025 07:42:28 Europe/Berlin] Session already active in TokenHandler. Session ID: 0kpcqpq133luhqo0577f2kc8t0
[12-May-2025 07:42:28 Europe/Berlin] Current session data: {"csrf_token":"8ef38a09aa485e63bca23a948b156930333d9c151a42cdef8b67b0df81c16a72","csrf_token_time":1747026731,"admin_id":1,"srcode":"21-00001","admin_name":"Admin User","email":"admin@admin.com","is_super_admin":true,"usertype":"admin"}
[12-May-2025 07:42:32 Europe/Berlin] Session already active in TokenHandler. Session ID: 0kpcqpq133luhqo0577f2kc8t0
[12-May-2025 07:42:32 Europe/Berlin] Current session data: {"csrf_token":"8ef38a09aa485e63bca23a948b156930333d9c151a42cdef8b67b0df81c16a72","csrf_token_time":1747026731,"admin_id":1,"srcode":"21-00001","admin_name":"Admin User","email":"admin@admin.com","is_super_admin":true,"usertype":"admin"}
[12-May-2025 07:42:32 Europe/Berlin] Session already active in TokenHandler. Session ID: 0kpcqpq133luhqo0577f2kc8t0
[12-May-2025 07:42:32 Europe/Berlin] Current session data: {"csrf_token":"8ef38a09aa485e63bca23a948b156930333d9c151a42cdef8b67b0df81c16a72","csrf_token_time":1747026731,"admin_id":1,"srcode":"21-00001","admin_name":"Admin User","email":"admin@admin.com","is_super_admin":true,"usertype":"admin"}
[12-May-2025 07:42:32 Europe/Berlin] Session already active in TokenHandler. Session ID: 0kpcqpq133luhqo0577f2kc8t0
[12-May-2025 07:42:32 Europe/Berlin] Current session data: {"csrf_token":"8ef38a09aa485e63bca23a948b156930333d9c151a42cdef8b67b0df81c16a72","csrf_token_time":1747026731,"admin_id":1,"srcode":"21-00001","admin_name":"Admin User","email":"admin@admin.com","is_super_admin":true,"usertype":"admin"}
[12-May-2025 07:42:32 Europe/Berlin] Session already active in TokenHandler. Session ID: 0kpcqpq133luhqo0577f2kc8t0
[12-May-2025 07:42:32 Europe/Berlin] Current session data: {"csrf_token":"8ef38a09aa485e63bca23a948b156930333d9c151a42cdef8b67b0df81c16a72","csrf_token_time":1747026731,"admin_id":1,"srcode":"21-00001","admin_name":"Admin User","email":"admin@admin.com","is_super_admin":true,"usertype":"admin"}
[12-May-2025 07:42:33 Europe/Berlin] Session already active in TokenHandler. Session ID: 0kpcqpq133luhqo0577f2kc8t0
[12-May-2025 07:42:33 Europe/Berlin] Current session data: {"csrf_token":"8ef38a09aa485e63bca23a948b156930333d9c151a42cdef8b67b0df81c16a72","csrf_token_time":1747026731,"admin_id":1,"srcode":"21-00001","admin_name":"Admin User","email":"admin@admin.com","is_super_admin":true,"usertype":"admin"}
[12-May-2025 07:42:33 Europe/Berlin] Session already active in TokenHandler. Session ID: 0kpcqpq133luhqo0577f2kc8t0
[12-May-2025 07:42:33 Europe/Berlin] Current session data: {"csrf_token":"8ef38a09aa485e63bca23a948b156930333d9c151a42cdef8b67b0df81c16a72","csrf_token_time":1747026731,"admin_id":1,"srcode":"21-00001","admin_name":"Admin User","email":"admin@admin.com","is_super_admin":true,"usertype":"admin"}
[12-May-2025 07:43:26 Europe/Berlin] Session already active in TokenHandler. Session ID: 0kpcqpq133luhqo0577f2kc8t0
[12-May-2025 07:43:26 Europe/Berlin] Current session data: {"csrf_token":"8ef38a09aa485e63bca23a948b156930333d9c151a42cdef8b67b0df81c16a72","csrf_token_time":1747026731,"admin_id":1,"srcode":"21-00001","admin_name":"Admin User","email":"admin@admin.com","is_super_admin":true,"usertype":"admin"}
[12-May-2025 07:43:26 Europe/Berlin] Session already active in TokenHandler. Session ID: 0kpcqpq133luhqo0577f2kc8t0
[12-May-2025 07:43:26 Europe/Berlin] Current session data: {"csrf_token":"8ef38a09aa485e63bca23a948b156930333d9c151a42cdef8b67b0df81c16a72","csrf_token_time":1747026731,"admin_id":1,"srcode":"21-00001","admin_name":"Admin User","email":"admin@admin.com","is_super_admin":true,"usertype":"admin"}
[12-May-2025 07:47:12 Europe/Berlin] Session already active in TokenHandler. Session ID: 0kpcqpq133luhqo0577f2kc8t0
[12-May-2025 07:47:12 Europe/Berlin] Current session data: {"csrf_token":"8ef38a09aa485e63bca23a948b156930333d9c151a42cdef8b67b0df81c16a72","csrf_token_time":1747026731,"admin_id":1,"srcode":"21-00001","admin_name":"Admin User","email":"admin@admin.com","is_super_admin":true,"usertype":"admin"}
[12-May-2025 07:47:12 Europe/Berlin] Session already active in TokenHandler. Session ID: 0kpcqpq133luhqo0577f2kc8t0
[12-May-2025 07:47:12 Europe/Berlin] Current session data: {"csrf_token":"8ef38a09aa485e63bca23a948b156930333d9c151a42cdef8b67b0df81c16a72","csrf_token_time":1747026731,"admin_id":1,"srcode":"21-00001","admin_name":"Admin User","email":"admin@admin.com","is_super_admin":true,"usertype":"admin"}
[12-May-2025 07:55:23 Europe/Berlin] Session already active in TokenHandler. Session ID: 0kpcqpq133luhqo0577f2kc8t0
[12-May-2025 07:55:23 Europe/Berlin] Current session data: {"csrf_token":"8ef38a09aa485e63bca23a948b156930333d9c151a42cdef8b67b0df81c16a72","csrf_token_time":1747026731,"admin_id":1,"srcode":"21-00001","admin_name":"Admin User","email":"admin@admin.com","is_super_admin":true,"usertype":"admin"}
[12-May-2025 07:55:23 Europe/Berlin] Session already active in TokenHandler. Session ID: 0kpcqpq133luhqo0577f2kc8t0
[12-May-2025 07:55:23 Europe/Berlin] Current session data: {"csrf_token":"8ef38a09aa485e63bca23a948b156930333d9c151a42cdef8b67b0df81c16a72","csrf_token_time":1747026731,"admin_id":1,"srcode":"21-00001","admin_name":"Admin User","email":"admin@admin.com","is_super_admin":true,"usertype":"admin"}
[12-May-2025 07:55:23 Europe/Berlin] Session already active in TokenHandler. Session ID: 0kpcqpq133luhqo0577f2kc8t0
[12-May-2025 07:55:23 Europe/Berlin] Current session data: {"csrf_token":"8ef38a09aa485e63bca23a948b156930333d9c151a42cdef8b67b0df81c16a72","csrf_token_time":1747026731,"admin_id":1,"srcode":"21-00001","admin_name":"Admin User","email":"admin@admin.com","is_super_admin":true,"usertype":"admin"}
[12-May-2025 07:55:23 Europe/Berlin] Session already active in TokenHandler. Session ID: 0kpcqpq133luhqo0577f2kc8t0
[12-May-2025 07:55:23 Europe/Berlin] Current session data: {"csrf_token":"8ef38a09aa485e63bca23a948b156930333d9c151a42cdef8b67b0df81c16a72","csrf_token_time":1747026731,"admin_id":1,"srcode":"21-00001","admin_name":"Admin User","email":"admin@admin.com","is_super_admin":true,"usertype":"admin"}
[12-May-2025 07:55:24 Europe/Berlin] Starting CSRF validation for action: 
[12-May-2025 07:55:24 Europe/Berlin] Received token: 8ef38a09aa485e63bca23a948b156930333d9c151a42cdef8b67b0df81c16a72
[12-May-2025 07:55:24 Europe/Berlin] Current session status: 2
[12-May-2025 07:55:24 Europe/Berlin] Session ID: 0kpcqpq133luhqo0577f2kc8t0
[12-May-2025 07:55:24 Europe/Berlin] Session already active in TokenHandler. Session ID: 0kpcqpq133luhqo0577f2kc8t0
[12-May-2025 07:55:24 Europe/Berlin] Current session data: {"csrf_token":"8ef38a09aa485e63bca23a948b156930333d9c151a42cdef8b67b0df81c16a72","csrf_token_time":1747026731,"admin_id":1,"srcode":"21-00001","admin_name":"Admin User","email":"admin@admin.com","is_super_admin":true,"usertype":"admin"}
[12-May-2025 07:55:24 Europe/Berlin] Session already active in TokenHandler. Session ID: 0kpcqpq133luhqo0577f2kc8t0
[12-May-2025 07:55:24 Europe/Berlin] Current session data: {"csrf_token":"8ef38a09aa485e63bca23a948b156930333d9c151a42cdef8b67b0df81c16a72","csrf_token_time":1747026731,"admin_id":1,"srcode":"21-00001","admin_name":"Admin User","email":"admin@admin.com","is_super_admin":true,"usertype":"admin"}
[12-May-2025 07:55:24 Europe/Berlin] CSRF validation successful for action: 
[12-May-2025 07:55:24 Europe/Berlin] No action specified
[12-May-2025 07:55:27 Europe/Berlin] Session already active in TokenHandler. Session ID: 0kpcqpq133luhqo0577f2kc8t0
[12-May-2025 07:55:27 Europe/Berlin] Current session data: {"csrf_token":"b36a949d400e6e5089e48e87e43ac22b00fc0a91f844229948fb64cb423ad376","csrf_token_time":1747029324,"admin_id":1,"srcode":"21-00001","admin_name":"Admin User","email":"admin@admin.com","is_super_admin":true,"usertype":"admin"}
[12-May-2025 07:55:27 Europe/Berlin] Session already active in TokenHandler. Session ID: 0kpcqpq133luhqo0577f2kc8t0
[12-May-2025 07:55:27 Europe/Berlin] Current session data: {"csrf_token":"b36a949d400e6e5089e48e87e43ac22b00fc0a91f844229948fb64cb423ad376","csrf_token_time":1747029324,"admin_id":1,"srcode":"21-00001","admin_name":"Admin User","email":"admin@admin.com","is_super_admin":true,"usertype":"admin"}
[12-May-2025 07:55:27 Europe/Berlin] Session already active in TokenHandler. Session ID: 0kpcqpq133luhqo0577f2kc8t0
[12-May-2025 07:55:27 Europe/Berlin] Current session data: {"csrf_token":"b36a949d400e6e5089e48e87e43ac22b00fc0a91f844229948fb64cb423ad376","csrf_token_time":1747029324,"admin_id":1,"srcode":"21-00001","admin_name":"Admin User","email":"admin@admin.com","is_super_admin":true,"usertype":"admin"}
[12-May-2025 07:55:27 Europe/Berlin] Session already active in TokenHandler. Session ID: 0kpcqpq133luhqo0577f2kc8t0
[12-May-2025 07:55:27 Europe/Berlin] Current session data: {"csrf_token":"b36a949d400e6e5089e48e87e43ac22b00fc0a91f844229948fb64cb423ad376","csrf_token_time":1747029324,"admin_id":1,"srcode":"21-00001","admin_name":"Admin User","email":"admin@admin.com","is_super_admin":true,"usertype":"admin"}
[12-May-2025 07:55:27 Europe/Berlin] Starting CSRF validation for action: 
[12-May-2025 07:55:27 Europe/Berlin] Received token: b36a949d400e6e5089e48e87e43ac22b00fc0a91f844229948fb64cb423ad376
[12-May-2025 07:55:27 Europe/Berlin] Current session status: 2
[12-May-2025 07:55:27 Europe/Berlin] Session ID: 0kpcqpq133luhqo0577f2kc8t0
[12-May-2025 07:55:27 Europe/Berlin] Session already active in TokenHandler. Session ID: 0kpcqpq133luhqo0577f2kc8t0
[12-May-2025 07:55:27 Europe/Berlin] Current session data: {"csrf_token":"b36a949d400e6e5089e48e87e43ac22b00fc0a91f844229948fb64cb423ad376","csrf_token_time":1747029324,"admin_id":1,"srcode":"21-00001","admin_name":"Admin User","email":"admin@admin.com","is_super_admin":true,"usertype":"admin"}
[12-May-2025 07:55:27 Europe/Berlin] CSRF validation successful for action: 
[12-May-2025 07:55:27 Europe/Berlin] No action specified
[12-May-2025 08:15:42 Europe/Berlin] Session already active in TokenHandler. Session ID: 0kpcqpq133luhqo0577f2kc8t0
[12-May-2025 08:15:42 Europe/Berlin] Current session data: {"csrf_token":"b36a949d400e6e5089e48e87e43ac22b00fc0a91f844229948fb64cb423ad376","csrf_token_time":1747029324,"admin_id":1,"srcode":"21-00001","admin_name":"Admin User","email":"admin@admin.com","is_super_admin":true,"usertype":"admin"}
[12-May-2025 08:15:42 Europe/Berlin] Session already active in TokenHandler. Session ID: 0kpcqpq133luhqo0577f2kc8t0
[12-May-2025 08:15:42 Europe/Berlin] Current session data: {"csrf_token":"b36a949d400e6e5089e48e87e43ac22b00fc0a91f844229948fb64cb423ad376","csrf_token_time":1747029324,"admin_id":1,"srcode":"21-00001","admin_name":"Admin User","email":"admin@admin.com","is_super_admin":true,"usertype":"admin"}
[12-May-2025 08:15:42 Europe/Berlin] Session already active in TokenHandler. Session ID: 0kpcqpq133luhqo0577f2kc8t0
[12-May-2025 08:15:42 Europe/Berlin] Current session data: {"csrf_token":"b36a949d400e6e5089e48e87e43ac22b00fc0a91f844229948fb64cb423ad376","csrf_token_time":1747029324,"admin_id":1,"srcode":"21-00001","admin_name":"Admin User","email":"admin@admin.com","is_super_admin":true,"usertype":"admin"}
[12-May-2025 08:15:42 Europe/Berlin] Session already active in TokenHandler. Session ID: 0kpcqpq133luhqo0577f2kc8t0
[12-May-2025 08:15:42 Europe/Berlin] Current session data: {"csrf_token":"b36a949d400e6e5089e48e87e43ac22b00fc0a91f844229948fb64cb423ad376","csrf_token_time":1747029324,"admin_id":1,"srcode":"21-00001","admin_name":"Admin User","email":"admin@admin.com","is_super_admin":true,"usertype":"admin"}
[12-May-2025 08:15:44 Europe/Berlin] Session already active in TokenHandler. Session ID: 0kpcqpq133luhqo0577f2kc8t0
[12-May-2025 08:15:44 Europe/Berlin] Current session data: {"csrf_token":"b36a949d400e6e5089e48e87e43ac22b00fc0a91f844229948fb64cb423ad376","csrf_token_time":1747029324,"admin_id":1,"srcode":"21-00001","admin_name":"Admin User","email":"admin@admin.com","is_super_admin":true,"usertype":"admin"}
[12-May-2025 08:15:44 Europe/Berlin] Session already active in TokenHandler. Session ID: 0kpcqpq133luhqo0577f2kc8t0
[12-May-2025 08:15:44 Europe/Berlin] Current session data: {"csrf_token":"b36a949d400e6e5089e48e87e43ac22b00fc0a91f844229948fb64cb423ad376","csrf_token_time":1747029324,"admin_id":1,"srcode":"21-00001","admin_name":"Admin User","email":"admin@admin.com","is_super_admin":true,"usertype":"admin"}
[12-May-2025 08:15:50 Europe/Berlin] Session already active in TokenHandler. Session ID: 0kpcqpq133luhqo0577f2kc8t0
[12-May-2025 08:15:50 Europe/Berlin] Current session data: {"csrf_token":"b36a949d400e6e5089e48e87e43ac22b00fc0a91f844229948fb64cb423ad376","csrf_token_time":1747029324,"admin_id":1,"srcode":"21-00001","admin_name":"Admin User","email":"admin@admin.com","is_super_admin":true,"usertype":"admin"}
[12-May-2025 08:15:50 Europe/Berlin] Session already active in TokenHandler. Session ID: 0kpcqpq133luhqo0577f2kc8t0
[12-May-2025 08:15:50 Europe/Berlin] Current session data: {"csrf_token":"b36a949d400e6e5089e48e87e43ac22b00fc0a91f844229948fb64cb423ad376","csrf_token_time":1747029324,"admin_id":1,"srcode":"21-00001","admin_name":"Admin User","email":"admin@admin.com","is_super_admin":true,"usertype":"admin"}
[12-May-2025 08:15:50 Europe/Berlin] Session already active in TokenHandler. Session ID: 0kpcqpq133luhqo0577f2kc8t0
[12-May-2025 08:15:50 Europe/Berlin] Current session data: {"csrf_token":"b36a949d400e6e5089e48e87e43ac22b00fc0a91f844229948fb64cb423ad376","csrf_token_time":1747029324,"admin_id":1,"srcode":"21-00001","admin_name":"Admin User","email":"admin@admin.com","is_super_admin":true,"usertype":"admin"}
[12-May-2025 08:15:50 Europe/Berlin] Session already active in TokenHandler. Session ID: 0kpcqpq133luhqo0577f2kc8t0
[12-May-2025 08:15:50 Europe/Berlin] Current session data: {"csrf_token":"b36a949d400e6e5089e48e87e43ac22b00fc0a91f844229948fb64cb423ad376","csrf_token_time":1747029324,"admin_id":1,"srcode":"21-00001","admin_name":"Admin User","email":"admin@admin.com","is_super_admin":true,"usertype":"admin"}
[12-May-2025 08:15:51 Europe/Berlin] Session already active in TokenHandler. Session ID: 0kpcqpq133luhqo0577f2kc8t0
[12-May-2025 08:15:51 Europe/Berlin] Current session data: {"csrf_token":"b36a949d400e6e5089e48e87e43ac22b00fc0a91f844229948fb64cb423ad376","csrf_token_time":1747029324,"admin_id":1,"srcode":"21-00001","admin_name":"Admin User","email":"admin@admin.com","is_super_admin":true,"usertype":"admin"}
[12-May-2025 08:15:51 Europe/Berlin] Session already active in TokenHandler. Session ID: 0kpcqpq133luhqo0577f2kc8t0
[12-May-2025 08:15:51 Europe/Berlin] Current session data: {"csrf_token":"b36a949d400e6e5089e48e87e43ac22b00fc0a91f844229948fb64cb423ad376","csrf_token_time":1747029324,"admin_id":1,"srcode":"21-00001","admin_name":"Admin User","email":"admin@admin.com","is_super_admin":true,"usertype":"admin"}
[12-May-2025 08:18:12 Europe/Berlin] Session already active in TokenHandler. Session ID: 0kpcqpq133luhqo0577f2kc8t0
[12-May-2025 08:18:12 Europe/Berlin] Current session data: {"csrf_token":"b36a949d400e6e5089e48e87e43ac22b00fc0a91f844229948fb64cb423ad376","csrf_token_time":1747029324,"admin_id":1,"srcode":"21-00001","admin_name":"Admin User","email":"admin@admin.com","is_super_admin":true,"usertype":"admin"}
[12-May-2025 08:18:12 Europe/Berlin] Session already active in TokenHandler. Session ID: 0kpcqpq133luhqo0577f2kc8t0
[12-May-2025 08:18:12 Europe/Berlin] Current session data: {"csrf_token":"b36a949d400e6e5089e48e87e43ac22b00fc0a91f844229948fb64cb423ad376","csrf_token_time":1747029324,"admin_id":1,"srcode":"21-00001","admin_name":"Admin User","email":"admin@admin.com","is_super_admin":true,"usertype":"admin"}
[12-May-2025 08:19:09 Europe/Berlin] Session already active in TokenHandler. Session ID: 0kpcqpq133luhqo0577f2kc8t0
[12-May-2025 08:19:09 Europe/Berlin] Current session data: {"csrf_token":"b36a949d400e6e5089e48e87e43ac22b00fc0a91f844229948fb64cb423ad376","csrf_token_time":1747029324,"admin_id":1,"srcode":"21-00001","admin_name":"Admin User","email":"admin@admin.com","is_super_admin":true,"usertype":"admin"}
[12-May-2025 08:19:09 Europe/Berlin] Session already active in TokenHandler. Session ID: 0kpcqpq133luhqo0577f2kc8t0
[12-May-2025 08:19:09 Europe/Berlin] Current session data: {"csrf_token":"b36a949d400e6e5089e48e87e43ac22b00fc0a91f844229948fb64cb423ad376","csrf_token_time":1747029324,"admin_id":1,"srcode":"21-00001","admin_name":"Admin User","email":"admin@admin.com","is_super_admin":true,"usertype":"admin"}
[12-May-2025 08:19:09 Europe/Berlin] Session already active in TokenHandler. Session ID: 0kpcqpq133luhqo0577f2kc8t0
[12-May-2025 08:19:09 Europe/Berlin] Current session data: {"csrf_token":"b36a949d400e6e5089e48e87e43ac22b00fc0a91f844229948fb64cb423ad376","csrf_token_time":1747029324,"admin_id":1,"srcode":"21-00001","admin_name":"Admin User","email":"admin@admin.com","is_super_admin":true,"usertype":"admin"}
[12-May-2025 08:19:09 Europe/Berlin] Session already active in TokenHandler. Session ID: 0kpcqpq133luhqo0577f2kc8t0
[12-May-2025 08:19:09 Europe/Berlin] Current session data: {"csrf_token":"b36a949d400e6e5089e48e87e43ac22b00fc0a91f844229948fb64cb423ad376","csrf_token_time":1747029324,"admin_id":1,"srcode":"21-00001","admin_name":"Admin User","email":"admin@admin.com","is_super_admin":true,"usertype":"admin"}
[12-May-2025 08:31:00 Europe/Berlin] Session already active in TokenHandler. Session ID: 0kpcqpq133luhqo0577f2kc8t0
[12-May-2025 08:31:00 Europe/Berlin] Current session data: {"csrf_token":"b36a949d400e6e5089e48e87e43ac22b00fc0a91f844229948fb64cb423ad376","csrf_token_time":1747029324,"admin_id":1,"srcode":"21-00001","admin_name":"Admin User","email":"admin@admin.com","is_super_admin":true,"usertype":"admin"}
[12-May-2025 08:31:00 Europe/Berlin] Session already active in TokenHandler. Session ID: 0kpcqpq133luhqo0577f2kc8t0
[12-May-2025 08:31:00 Europe/Berlin] Current session data: {"csrf_token":"b36a949d400e6e5089e48e87e43ac22b00fc0a91f844229948fb64cb423ad376","csrf_token_time":1747029324,"admin_id":1,"srcode":"21-00001","admin_name":"Admin User","email":"admin@admin.com","is_super_admin":true,"usertype":"admin"}
[12-May-2025 08:31:06 Europe/Berlin] Session already active in TokenHandler. Session ID: 0kpcqpq133luhqo0577f2kc8t0
[12-May-2025 08:31:06 Europe/Berlin] Current session data: {"csrf_token":"b36a949d400e6e5089e48e87e43ac22b00fc0a91f844229948fb64cb423ad376","csrf_token_time":1747029324,"admin_id":1,"srcode":"21-00001","admin_name":"Admin User","email":"admin@admin.com","is_super_admin":true,"usertype":"admin"}
[12-May-2025 08:31:06 Europe/Berlin] Session already active in TokenHandler. Session ID: 0kpcqpq133luhqo0577f2kc8t0
[12-May-2025 08:31:06 Europe/Berlin] Current session data: {"csrf_token":"b36a949d400e6e5089e48e87e43ac22b00fc0a91f844229948fb64cb423ad376","csrf_token_time":1747029324,"admin_id":1,"srcode":"21-00001","admin_name":"Admin User","email":"admin@admin.com","is_super_admin":true,"usertype":"admin"}
[12-May-2025 08:31:13 Europe/Berlin] Session already active in TokenHandler. Session ID: 0kpcqpq133luhqo0577f2kc8t0
[12-May-2025 08:31:13 Europe/Berlin] Current session data: {"csrf_token":"b36a949d400e6e5089e48e87e43ac22b00fc0a91f844229948fb64cb423ad376","csrf_token_time":1747029324,"admin_id":1,"srcode":"21-00001","admin_name":"Admin User","email":"admin@admin.com","is_super_admin":true,"usertype":"admin"}
[12-May-2025 08:31:13 Europe/Berlin] Session already active in TokenHandler. Session ID: 0kpcqpq133luhqo0577f2kc8t0
[12-May-2025 08:31:13 Europe/Berlin] Current session data: {"csrf_token":"b36a949d400e6e5089e48e87e43ac22b00fc0a91f844229948fb64cb423ad376","csrf_token_time":1747029324,"admin_id":1,"srcode":"21-00001","admin_name":"Admin User","email":"admin@admin.com","is_super_admin":true,"usertype":"admin"}
[12-May-2025 08:31:20 Europe/Berlin] Session already active in TokenHandler. Session ID: 0kpcqpq133luhqo0577f2kc8t0
[12-May-2025 08:31:20 Europe/Berlin] Current session data: {"csrf_token":"b36a949d400e6e5089e48e87e43ac22b00fc0a91f844229948fb64cb423ad376","csrf_token_time":1747029324,"admin_id":1,"srcode":"21-00001","admin_name":"Admin User","email":"admin@admin.com","is_super_admin":true,"usertype":"admin"}
[12-May-2025 08:31:20 Europe/Berlin] Session already active in TokenHandler. Session ID: 0kpcqpq133luhqo0577f2kc8t0
[12-May-2025 08:31:20 Europe/Berlin] Current session data: {"csrf_token":"b36a949d400e6e5089e48e87e43ac22b00fc0a91f844229948fb64cb423ad376","csrf_token_time":1747029324,"admin_id":1,"srcode":"21-00001","admin_name":"Admin User","email":"admin@admin.com","is_super_admin":true,"usertype":"admin"}
[12-May-2025 08:31:35 Europe/Berlin] Session already active in TokenHandler. Session ID: 0kpcqpq133luhqo0577f2kc8t0
[12-May-2025 08:31:35 Europe/Berlin] Current session data: {"csrf_token":"b36a949d400e6e5089e48e87e43ac22b00fc0a91f844229948fb64cb423ad376","csrf_token_time":1747029324,"admin_id":1,"srcode":"21-00001","admin_name":"Admin User","email":"admin@admin.com","is_super_admin":true,"usertype":"admin"}
[12-May-2025 08:31:35 Europe/Berlin] Session already active in TokenHandler. Session ID: 0kpcqpq133luhqo0577f2kc8t0
[12-May-2025 08:31:35 Europe/Berlin] Current session data: {"csrf_token":"b36a949d400e6e5089e48e87e43ac22b00fc0a91f844229948fb64cb423ad376","csrf_token_time":1747029324,"admin_id":1,"srcode":"21-00001","admin_name":"Admin User","email":"admin@admin.com","is_super_admin":true,"usertype":"admin"}
[12-May-2025 08:41:26 Europe/Berlin] Session already active in TokenHandler. Session ID: 0kpcqpq133luhqo0577f2kc8t0
[12-May-2025 08:41:26 Europe/Berlin] Current session data: {"csrf_token":"b36a949d400e6e5089e48e87e43ac22b00fc0a91f844229948fb64cb423ad376","csrf_token_time":1747029324,"admin_id":1,"srcode":"21-00001","admin_name":"Admin User","email":"admin@admin.com","is_super_admin":true,"usertype":"admin"}
[12-May-2025 08:41:26 Europe/Berlin] Session already active in TokenHandler. Session ID: 0kpcqpq133luhqo0577f2kc8t0
[12-May-2025 08:41:26 Europe/Berlin] Current session data: {"csrf_token":"b36a949d400e6e5089e48e87e43ac22b00fc0a91f844229948fb64cb423ad376","csrf_token_time":1747029324,"admin_id":1,"srcode":"21-00001","admin_name":"Admin User","email":"admin@admin.com","is_super_admin":true,"usertype":"admin"}
[12-May-2025 08:41:26 Europe/Berlin] Session already active in TokenHandler. Session ID: 0kpcqpq133luhqo0577f2kc8t0
[12-May-2025 08:41:26 Europe/Berlin] Current session data: {"csrf_token":"b36a949d400e6e5089e48e87e43ac22b00fc0a91f844229948fb64cb423ad376","csrf_token_time":1747029324,"admin_id":1,"srcode":"21-00001","admin_name":"Admin User","email":"admin@admin.com","is_super_admin":true,"usertype":"admin"}
[12-May-2025 08:41:26 Europe/Berlin] Session already active in TokenHandler. Session ID: 0kpcqpq133luhqo0577f2kc8t0
[12-May-2025 08:41:26 Europe/Berlin] Current session data: {"csrf_token":"b36a949d400e6e5089e48e87e43ac22b00fc0a91f844229948fb64cb423ad376","csrf_token_time":1747029324,"admin_id":1,"srcode":"21-00001","admin_name":"Admin User","email":"admin@admin.com","is_super_admin":true,"usertype":"admin"}
[12-May-2025 08:41:27 Europe/Berlin] Session already active in TokenHandler. Session ID: 0kpcqpq133luhqo0577f2kc8t0
[12-May-2025 08:41:27 Europe/Berlin] Current session data: {"csrf_token":"b36a949d400e6e5089e48e87e43ac22b00fc0a91f844229948fb64cb423ad376","csrf_token_time":1747029324,"admin_id":1,"srcode":"21-00001","admin_name":"Admin User","email":"admin@admin.com","is_super_admin":true,"usertype":"admin"}
[12-May-2025 08:41:27 Europe/Berlin] Session already active in TokenHandler. Session ID: 0kpcqpq133luhqo0577f2kc8t0
[12-May-2025 08:41:27 Europe/Berlin] Current session data: {"csrf_token":"b36a949d400e6e5089e48e87e43ac22b00fc0a91f844229948fb64cb423ad376","csrf_token_time":1747029324,"admin_id":1,"srcode":"21-00001","admin_name":"Admin User","email":"admin@admin.com","is_super_admin":true,"usertype":"admin"}
[12-May-2025 08:41:31 Europe/Berlin] Session already active in TokenHandler. Session ID: 0kpcqpq133luhqo0577f2kc8t0
[12-May-2025 08:41:31 Europe/Berlin] Current session data: {"csrf_token":"b36a949d400e6e5089e48e87e43ac22b00fc0a91f844229948fb64cb423ad376","csrf_token_time":1747029324,"admin_id":1,"srcode":"21-00001","admin_name":"Admin User","email":"admin@admin.com","is_super_admin":true,"usertype":"admin"}
[12-May-2025 08:41:31 Europe/Berlin] Session already active in TokenHandler. Session ID: 0kpcqpq133luhqo0577f2kc8t0
[12-May-2025 08:41:31 Europe/Berlin] Current session data: {"csrf_token":"b36a949d400e6e5089e48e87e43ac22b00fc0a91f844229948fb64cb423ad376","csrf_token_time":1747029324,"admin_id":1,"srcode":"21-00001","admin_name":"Admin User","email":"admin@admin.com","is_super_admin":true,"usertype":"admin"}
[12-May-2025 08:41:31 Europe/Berlin] Session already active in TokenHandler. Session ID: 0kpcqpq133luhqo0577f2kc8t0
[12-May-2025 08:41:31 Europe/Berlin] Current session data: {"csrf_token":"b36a949d400e6e5089e48e87e43ac22b00fc0a91f844229948fb64cb423ad376","csrf_token_time":1747029324,"admin_id":1,"srcode":"21-00001","admin_name":"Admin User","email":"admin@admin.com","is_super_admin":true,"usertype":"admin"}
[12-May-2025 08:41:31 Europe/Berlin] Session already active in TokenHandler. Session ID: 0kpcqpq133luhqo0577f2kc8t0
[12-May-2025 08:41:31 Europe/Berlin] Current session data: {"csrf_token":"b36a949d400e6e5089e48e87e43ac22b00fc0a91f844229948fb64cb423ad376","csrf_token_time":1747029324,"admin_id":1,"srcode":"21-00001","admin_name":"Admin User","email":"admin@admin.com","is_super_admin":true,"usertype":"admin"}
[12-May-2025 08:41:32 Europe/Berlin] Session already active in TokenHandler. Session ID: 0kpcqpq133luhqo0577f2kc8t0
[12-May-2025 08:41:32 Europe/Berlin] Current session data: {"csrf_token":"b36a949d400e6e5089e48e87e43ac22b00fc0a91f844229948fb64cb423ad376","csrf_token_time":1747029324,"admin_id":1,"srcode":"21-00001","admin_name":"Admin User","email":"admin@admin.com","is_super_admin":true,"usertype":"admin"}
[12-May-2025 08:41:32 Europe/Berlin] Session already active in TokenHandler. Session ID: 0kpcqpq133luhqo0577f2kc8t0
[12-May-2025 08:41:32 Europe/Berlin] Current session data: {"csrf_token":"b36a949d400e6e5089e48e87e43ac22b00fc0a91f844229948fb64cb423ad376","csrf_token_time":1747029324,"admin_id":1,"srcode":"21-00001","admin_name":"Admin User","email":"admin@admin.com","is_super_admin":true,"usertype":"admin"}
[12-May-2025 08:41:36 Europe/Berlin] Session already active in TokenHandler. Session ID: 0kpcqpq133luhqo0577f2kc8t0
[12-May-2025 08:41:36 Europe/Berlin] Current session data: {"csrf_token":"b36a949d400e6e5089e48e87e43ac22b00fc0a91f844229948fb64cb423ad376","csrf_token_time":1747029324,"admin_id":1,"srcode":"21-00001","admin_name":"Admin User","email":"admin@admin.com","is_super_admin":true,"usertype":"admin"}
[12-May-2025 08:41:36 Europe/Berlin] Session already active in TokenHandler. Session ID: 0kpcqpq133luhqo0577f2kc8t0
[12-May-2025 08:41:36 Europe/Berlin] Current session data: {"csrf_token":"b36a949d400e6e5089e48e87e43ac22b00fc0a91f844229948fb64cb423ad376","csrf_token_time":1747029324,"admin_id":1,"srcode":"21-00001","admin_name":"Admin User","email":"admin@admin.com","is_super_admin":true,"usertype":"admin"}
[12-May-2025 08:41:36 Europe/Berlin] Session already active in TokenHandler. Session ID: 0kpcqpq133luhqo0577f2kc8t0
[12-May-2025 08:41:36 Europe/Berlin] Current session data: {"csrf_token":"b36a949d400e6e5089e48e87e43ac22b00fc0a91f844229948fb64cb423ad376","csrf_token_time":1747029324,"admin_id":1,"srcode":"21-00001","admin_name":"Admin User","email":"admin@admin.com","is_super_admin":true,"usertype":"admin"}
[12-May-2025 08:41:36 Europe/Berlin] Session already active in TokenHandler. Session ID: 0kpcqpq133luhqo0577f2kc8t0
[12-May-2025 08:41:36 Europe/Berlin] Current session data: {"csrf_token":"b36a949d400e6e5089e48e87e43ac22b00fc0a91f844229948fb64cb423ad376","csrf_token_time":1747029324,"admin_id":1,"srcode":"21-00001","admin_name":"Admin User","email":"admin@admin.com","is_super_admin":true,"usertype":"admin"}
[12-May-2025 08:41:49 Europe/Berlin] Starting CSRF validation for action: addCompany
[12-May-2025 08:41:49 Europe/Berlin] Received token: b36a949d400e6e5089e48e87e43ac22b00fc0a91f844229948fb64cb423ad376
[12-May-2025 08:41:49 Europe/Berlin] Current session status: 2
[12-May-2025 08:41:49 Europe/Berlin] Session ID: 0kpcqpq133luhqo0577f2kc8t0
[12-May-2025 08:41:49 Europe/Berlin] Session already active in TokenHandler. Session ID: 0kpcqpq133luhqo0577f2kc8t0
[12-May-2025 08:41:49 Europe/Berlin] Current session data: {"csrf_token":"b36a949d400e6e5089e48e87e43ac22b00fc0a91f844229948fb64cb423ad376","csrf_token_time":1747029324,"admin_id":1,"srcode":"21-00001","admin_name":"Admin User","email":"admin@admin.com","is_super_admin":true,"usertype":"admin"}
[12-May-2025 08:41:49 Europe/Berlin] Session already active in TokenHandler. Session ID: 0kpcqpq133luhqo0577f2kc8t0
[12-May-2025 08:41:49 Europe/Berlin] Current session data: {"csrf_token":"b36a949d400e6e5089e48e87e43ac22b00fc0a91f844229948fb64cb423ad376","csrf_token_time":1747029324,"admin_id":1,"srcode":"21-00001","admin_name":"Admin User","email":"admin@admin.com","is_super_admin":true,"usertype":"admin"}
[12-May-2025 08:41:49 Europe/Berlin] CSRF validation successful for action: addCompany
[12-May-2025 08:41:49 Europe/Berlin] Session already active in TokenHandler. Session ID: 0kpcqpq133luhqo0577f2kc8t0
[12-May-2025 08:41:49 Europe/Berlin] Current session data: {"csrf_token":"24ca9ebf686d1616f8118dc8a9760d2c940936d2dc51e4fde0f2992a488d4eb3","csrf_token_time":1747032109,"admin_id":1,"srcode":"21-00001","admin_name":"Admin User","email":"admin@admin.com","is_super_admin":true,"usertype":"admin"}
[12-May-2025 08:41:52 Europe/Berlin] Session already active in TokenHandler. Session ID: 0kpcqpq133luhqo0577f2kc8t0
[12-May-2025 08:41:52 Europe/Berlin] Current session data: {"csrf_token":"24ca9ebf686d1616f8118dc8a9760d2c940936d2dc51e4fde0f2992a488d4eb3","csrf_token_time":1747032109,"admin_id":1,"srcode":"21-00001","admin_name":"Admin User","email":"admin@admin.com","is_super_admin":true,"usertype":"admin"}
[12-May-2025 08:41:52 Europe/Berlin] Session already active in TokenHandler. Session ID: 0kpcqpq133luhqo0577f2kc8t0
[12-May-2025 08:41:52 Europe/Berlin] Current session data: {"csrf_token":"24ca9ebf686d1616f8118dc8a9760d2c940936d2dc51e4fde0f2992a488d4eb3","csrf_token_time":1747032109,"admin_id":1,"srcode":"21-00001","admin_name":"Admin User","email":"admin@admin.com","is_super_admin":true,"usertype":"admin"}
[12-May-2025 08:41:52 Europe/Berlin] Session already active in TokenHandler. Session ID: 0kpcqpq133luhqo0577f2kc8t0
[12-May-2025 08:41:52 Europe/Berlin] Current session data: {"csrf_token":"24ca9ebf686d1616f8118dc8a9760d2c940936d2dc51e4fde0f2992a488d4eb3","csrf_token_time":1747032109,"admin_id":1,"srcode":"21-00001","admin_name":"Admin User","email":"admin@admin.com","is_super_admin":true,"usertype":"admin"}
[12-May-2025 08:41:52 Europe/Berlin] Session already active in TokenHandler. Session ID: 0kpcqpq133luhqo0577f2kc8t0
[12-May-2025 08:41:52 Europe/Berlin] Current session data: {"csrf_token":"24ca9ebf686d1616f8118dc8a9760d2c940936d2dc51e4fde0f2992a488d4eb3","csrf_token_time":1747032109,"admin_id":1,"srcode":"21-00001","admin_name":"Admin User","email":"admin@admin.com","is_super_admin":true,"usertype":"admin"}
[12-May-2025 08:49:12 Europe/Berlin] Session already active in TokenHandler. Session ID: 0kpcqpq133luhqo0577f2kc8t0
[12-May-2025 08:49:12 Europe/Berlin] Current session data: {"csrf_token":"24ca9ebf686d1616f8118dc8a9760d2c940936d2dc51e4fde0f2992a488d4eb3","csrf_token_time":1747032109,"admin_id":1,"srcode":"21-00001","admin_name":"Admin User","email":"admin@admin.com","is_super_admin":true,"usertype":"admin"}
[12-May-2025 08:49:12 Europe/Berlin] Session already active in TokenHandler. Session ID: 0kpcqpq133luhqo0577f2kc8t0
[12-May-2025 08:49:12 Europe/Berlin] Current session data: {"csrf_token":"24ca9ebf686d1616f8118dc8a9760d2c940936d2dc51e4fde0f2992a488d4eb3","csrf_token_time":1747032109,"admin_id":1,"srcode":"21-00001","admin_name":"Admin User","email":"admin@admin.com","is_super_admin":true,"usertype":"admin"}
[12-May-2025 08:54:10 Europe/Berlin] Session already active in TokenHandler. Session ID: 0kpcqpq133luhqo0577f2kc8t0
[12-May-2025 08:54:10 Europe/Berlin] Current session data: {"csrf_token":"24ca9ebf686d1616f8118dc8a9760d2c940936d2dc51e4fde0f2992a488d4eb3","csrf_token_time":1747032109,"admin_id":1,"srcode":"21-00001","admin_name":"Admin User","email":"admin@admin.com","is_super_admin":true,"usertype":"admin"}
[12-May-2025 08:54:10 Europe/Berlin] Session already active in TokenHandler. Session ID: 0kpcqpq133luhqo0577f2kc8t0
[12-May-2025 08:54:10 Europe/Berlin] Current session data: {"csrf_token":"24ca9ebf686d1616f8118dc8a9760d2c940936d2dc51e4fde0f2992a488d4eb3","csrf_token_time":1747032109,"admin_id":1,"srcode":"21-00001","admin_name":"Admin User","email":"admin@admin.com","is_super_admin":true,"usertype":"admin"}
[12-May-2025 08:54:11 Europe/Berlin] Session already active in TokenHandler. Session ID: 0kpcqpq133luhqo0577f2kc8t0
[12-May-2025 08:54:11 Europe/Berlin] Current session data: {"csrf_token":"24ca9ebf686d1616f8118dc8a9760d2c940936d2dc51e4fde0f2992a488d4eb3","csrf_token_time":1747032109,"admin_id":1,"srcode":"21-00001","admin_name":"Admin User","email":"admin@admin.com","is_super_admin":true,"usertype":"admin"}
[12-May-2025 08:54:11 Europe/Berlin] Session already active in TokenHandler. Session ID: 0kpcqpq133luhqo0577f2kc8t0
[12-May-2025 08:54:11 Europe/Berlin] Current session data: {"csrf_token":"24ca9ebf686d1616f8118dc8a9760d2c940936d2dc51e4fde0f2992a488d4eb3","csrf_token_time":1747032109,"admin_id":1,"srcode":"21-00001","admin_name":"Admin User","email":"admin@admin.com","is_super_admin":true,"usertype":"admin"}
[12-May-2025 08:54:12 Europe/Berlin] Session already active in TokenHandler. Session ID: 0kpcqpq133luhqo0577f2kc8t0
[12-May-2025 08:54:12 Europe/Berlin] Current session data: {"csrf_token":"24ca9ebf686d1616f8118dc8a9760d2c940936d2dc51e4fde0f2992a488d4eb3","csrf_token_time":1747032109,"admin_id":1,"srcode":"21-00001","admin_name":"Admin User","email":"admin@admin.com","is_super_admin":true,"usertype":"admin"}
[12-May-2025 08:54:12 Europe/Berlin] Session already active in TokenHandler. Session ID: 0kpcqpq133luhqo0577f2kc8t0
[12-May-2025 08:54:12 Europe/Berlin] Current session data: {"csrf_token":"24ca9ebf686d1616f8118dc8a9760d2c940936d2dc51e4fde0f2992a488d4eb3","csrf_token_time":1747032109,"admin_id":1,"srcode":"21-00001","admin_name":"Admin User","email":"admin@admin.com","is_super_admin":true,"usertype":"admin"}
[12-May-2025 08:55:36 Europe/Berlin] Session already active in TokenHandler. Session ID: 0kpcqpq133luhqo0577f2kc8t0
[12-May-2025 08:55:36 Europe/Berlin] Current session data: {"csrf_token":"24ca9ebf686d1616f8118dc8a9760d2c940936d2dc51e4fde0f2992a488d4eb3","csrf_token_time":1747032109,"admin_id":1,"srcode":"21-00001","admin_name":"Admin User","email":"admin@admin.com","is_super_admin":true,"usertype":"admin"}
[12-May-2025 08:55:36 Europe/Berlin] Session already active in TokenHandler. Session ID: 0kpcqpq133luhqo0577f2kc8t0
[12-May-2025 08:55:36 Europe/Berlin] Current session data: {"csrf_token":"24ca9ebf686d1616f8118dc8a9760d2c940936d2dc51e4fde0f2992a488d4eb3","csrf_token_time":1747032109,"admin_id":1,"srcode":"21-00001","admin_name":"Admin User","email":"admin@admin.com","is_super_admin":true,"usertype":"admin"}
[12-May-2025 08:55:36 Europe/Berlin] Session already active in TokenHandler. Session ID: 0kpcqpq133luhqo0577f2kc8t0
[12-May-2025 08:55:36 Europe/Berlin] Current session data: {"csrf_token":"24ca9ebf686d1616f8118dc8a9760d2c940936d2dc51e4fde0f2992a488d4eb3","csrf_token_time":1747032109,"admin_id":1,"srcode":"21-00001","admin_name":"Admin User","email":"admin@admin.com","is_super_admin":true,"usertype":"admin"}
[12-May-2025 08:55:36 Europe/Berlin] Session already active in TokenHandler. Session ID: 0kpcqpq133luhqo0577f2kc8t0
[12-May-2025 08:55:36 Europe/Berlin] Current session data: {"csrf_token":"24ca9ebf686d1616f8118dc8a9760d2c940936d2dc51e4fde0f2992a488d4eb3","csrf_token_time":1747032109,"admin_id":1,"srcode":"21-00001","admin_name":"Admin User","email":"admin@admin.com","is_super_admin":true,"usertype":"admin"}
[12-May-2025 08:55:37 Europe/Berlin] Session already active in TokenHandler. Session ID: 0kpcqpq133luhqo0577f2kc8t0
[12-May-2025 08:55:37 Europe/Berlin] Current session data: {"csrf_token":"24ca9ebf686d1616f8118dc8a9760d2c940936d2dc51e4fde0f2992a488d4eb3","csrf_token_time":1747032109,"admin_id":1,"srcode":"21-00001","admin_name":"Admin User","email":"admin@admin.com","is_super_admin":true,"usertype":"admin"}
[12-May-2025 08:55:37 Europe/Berlin] Session already active in TokenHandler. Session ID: 0kpcqpq133luhqo0577f2kc8t0
[12-May-2025 08:55:37 Europe/Berlin] Current session data: {"csrf_token":"24ca9ebf686d1616f8118dc8a9760d2c940936d2dc51e4fde0f2992a488d4eb3","csrf_token_time":1747032109,"admin_id":1,"srcode":"21-00001","admin_name":"Admin User","email":"admin@admin.com","is_super_admin":true,"usertype":"admin"}
[12-May-2025 08:55:45 Europe/Berlin] Session already active in TokenHandler. Session ID: 0kpcqpq133luhqo0577f2kc8t0
[12-May-2025 08:55:45 Europe/Berlin] Current session data: {"csrf_token":"24ca9ebf686d1616f8118dc8a9760d2c940936d2dc51e4fde0f2992a488d4eb3","csrf_token_time":1747032109,"admin_id":1,"srcode":"21-00001","admin_name":"Admin User","email":"admin@admin.com","is_super_admin":true,"usertype":"admin"}
[12-May-2025 08:55:45 Europe/Berlin] Session already active in TokenHandler. Session ID: 0kpcqpq133luhqo0577f2kc8t0
[12-May-2025 08:55:45 Europe/Berlin] Current session data: {"csrf_token":"24ca9ebf686d1616f8118dc8a9760d2c940936d2dc51e4fde0f2992a488d4eb3","csrf_token_time":1747032109,"admin_id":1,"srcode":"21-00001","admin_name":"Admin User","email":"admin@admin.com","is_super_admin":true,"usertype":"admin"}
[12-May-2025 08:55:47 Europe/Berlin] Session already active in TokenHandler. Session ID: 0kpcqpq133luhqo0577f2kc8t0
[12-May-2025 08:55:47 Europe/Berlin] Current session data: {"csrf_token":"24ca9ebf686d1616f8118dc8a9760d2c940936d2dc51e4fde0f2992a488d4eb3","csrf_token_time":1747032109,"admin_id":1,"srcode":"21-00001","admin_name":"Admin User","email":"admin@admin.com","is_super_admin":true,"usertype":"admin"}
[12-May-2025 08:55:47 Europe/Berlin] Session already active in TokenHandler. Session ID: 0kpcqpq133luhqo0577f2kc8t0
[12-May-2025 08:55:47 Europe/Berlin] Current session data: {"csrf_token":"24ca9ebf686d1616f8118dc8a9760d2c940936d2dc51e4fde0f2992a488d4eb3","csrf_token_time":1747032109,"admin_id":1,"srcode":"21-00001","admin_name":"Admin User","email":"admin@admin.com","is_super_admin":true,"usertype":"admin"}
[12-May-2025 08:55:49 Europe/Berlin] Session already active in TokenHandler. Session ID: 0kpcqpq133luhqo0577f2kc8t0
[12-May-2025 08:55:49 Europe/Berlin] Current session data: {"csrf_token":"24ca9ebf686d1616f8118dc8a9760d2c940936d2dc51e4fde0f2992a488d4eb3","csrf_token_time":1747032109,"admin_id":1,"srcode":"21-00001","admin_name":"Admin User","email":"admin@admin.com","is_super_admin":true,"usertype":"admin"}
[12-May-2025 08:55:49 Europe/Berlin] Session already active in TokenHandler. Session ID: 0kpcqpq133luhqo0577f2kc8t0
[12-May-2025 08:55:49 Europe/Berlin] Current session data: {"csrf_token":"24ca9ebf686d1616f8118dc8a9760d2c940936d2dc51e4fde0f2992a488d4eb3","csrf_token_time":1747032109,"admin_id":1,"srcode":"21-00001","admin_name":"Admin User","email":"admin@admin.com","is_super_admin":true,"usertype":"admin"}
[12-May-2025 08:55:49 Europe/Berlin] Session already active in TokenHandler. Session ID: 0kpcqpq133luhqo0577f2kc8t0
[12-May-2025 08:55:49 Europe/Berlin] Current session data: {"csrf_token":"24ca9ebf686d1616f8118dc8a9760d2c940936d2dc51e4fde0f2992a488d4eb3","csrf_token_time":1747032109,"admin_id":1,"srcode":"21-00001","admin_name":"Admin User","email":"admin@admin.com","is_super_admin":true,"usertype":"admin"}
[12-May-2025 08:55:49 Europe/Berlin] Session already active in TokenHandler. Session ID: 0kpcqpq133luhqo0577f2kc8t0
[12-May-2025 08:55:49 Europe/Berlin] Current session data: {"csrf_token":"24ca9ebf686d1616f8118dc8a9760d2c940936d2dc51e4fde0f2992a488d4eb3","csrf_token_time":1747032109,"admin_id":1,"srcode":"21-00001","admin_name":"Admin User","email":"admin@admin.com","is_super_admin":true,"usertype":"admin"}
[12-May-2025 08:56:03 Europe/Berlin] Starting CSRF validation for action: addJobListing
[12-May-2025 08:56:03 Europe/Berlin] Received token: 24ca9ebf686d1616f8118dc8a9760d2c940936d2dc51e4fde0f2992a488d4eb3
[12-May-2025 08:56:03 Europe/Berlin] Current session status: 2
[12-May-2025 08:56:03 Europe/Berlin] Session ID: 0kpcqpq133luhqo0577f2kc8t0
[12-May-2025 08:56:03 Europe/Berlin] Session already active in TokenHandler. Session ID: 0kpcqpq133luhqo0577f2kc8t0
[12-May-2025 08:56:03 Europe/Berlin] Current session data: {"csrf_token":"24ca9ebf686d1616f8118dc8a9760d2c940936d2dc51e4fde0f2992a488d4eb3","csrf_token_time":1747032109,"admin_id":1,"srcode":"21-00001","admin_name":"Admin User","email":"admin@admin.com","is_super_admin":true,"usertype":"admin"}
[12-May-2025 08:56:03 Europe/Berlin] CSRF validation successful for action: addJobListing
[12-May-2025 08:56:03 Europe/Berlin] Session already active in TokenHandler. Session ID: 0kpcqpq133luhqo0577f2kc8t0
[12-May-2025 08:56:03 Europe/Berlin] Current session data: {"csrf_token":"24ca9ebf686d1616f8118dc8a9760d2c940936d2dc51e4fde0f2992a488d4eb3","csrf_token_time":1747032109,"admin_id":1,"srcode":"21-00001","admin_name":"Admin User","email":"admin@admin.com","is_super_admin":true,"usertype":"admin"}
[12-May-2025 08:56:04 Europe/Berlin] Session already active in TokenHandler. Session ID: 0kpcqpq133luhqo0577f2kc8t0
[12-May-2025 08:56:04 Europe/Berlin] Current session data: {"csrf_token":"24ca9ebf686d1616f8118dc8a9760d2c940936d2dc51e4fde0f2992a488d4eb3","csrf_token_time":1747032109,"admin_id":1,"srcode":"21-00001","admin_name":"Admin User","email":"admin@admin.com","is_super_admin":true,"usertype":"admin"}
[12-May-2025 08:56:04 Europe/Berlin] Session already active in TokenHandler. Session ID: 0kpcqpq133luhqo0577f2kc8t0
[12-May-2025 08:56:04 Europe/Berlin] Current session data: {"csrf_token":"24ca9ebf686d1616f8118dc8a9760d2c940936d2dc51e4fde0f2992a488d4eb3","csrf_token_time":1747032109,"admin_id":1,"srcode":"21-00001","admin_name":"Admin User","email":"admin@admin.com","is_super_admin":true,"usertype":"admin"}
[12-May-2025 08:56:04 Europe/Berlin] Session already active in TokenHandler. Session ID: 0kpcqpq133luhqo0577f2kc8t0
[12-May-2025 08:56:04 Europe/Berlin] Current session data: {"csrf_token":"24ca9ebf686d1616f8118dc8a9760d2c940936d2dc51e4fde0f2992a488d4eb3","csrf_token_time":1747032109,"admin_id":1,"srcode":"21-00001","admin_name":"Admin User","email":"admin@admin.com","is_super_admin":true,"usertype":"admin"}
[12-May-2025 08:56:04 Europe/Berlin] Session already active in TokenHandler. Session ID: 0kpcqpq133luhqo0577f2kc8t0
[12-May-2025 08:56:04 Europe/Berlin] Current session data: {"csrf_token":"24ca9ebf686d1616f8118dc8a9760d2c940936d2dc51e4fde0f2992a488d4eb3","csrf_token_time":1747032109,"admin_id":1,"srcode":"21-00001","admin_name":"Admin User","email":"admin@admin.com","is_super_admin":true,"usertype":"admin"}
[12-May-2025 08:56:06 Europe/Berlin] Starting CSRF validation for action: getJobListing
[12-May-2025 08:56:06 Europe/Berlin] Received token: 24ca9ebf686d1616f8118dc8a9760d2c940936d2dc51e4fde0f2992a488d4eb3
[12-May-2025 08:56:06 Europe/Berlin] Current session status: 2
[12-May-2025 08:56:06 Europe/Berlin] Session ID: 0kpcqpq133luhqo0577f2kc8t0
[12-May-2025 08:56:06 Europe/Berlin] Session already active in TokenHandler. Session ID: 0kpcqpq133luhqo0577f2kc8t0
[12-May-2025 08:56:06 Europe/Berlin] Current session data: {"csrf_token":"24ca9ebf686d1616f8118dc8a9760d2c940936d2dc51e4fde0f2992a488d4eb3","csrf_token_time":1747032109,"admin_id":1,"srcode":"21-00001","admin_name":"Admin User","email":"admin@admin.com","is_super_admin":true,"usertype":"admin"}
[12-May-2025 08:56:06 Europe/Berlin] CSRF validation successful for action: getJobListing
[12-May-2025 08:56:06 Europe/Berlin] Session already active in TokenHandler. Session ID: 0kpcqpq133luhqo0577f2kc8t0
[12-May-2025 08:56:06 Europe/Berlin] Current session data: {"csrf_token":"24ca9ebf686d1616f8118dc8a9760d2c940936d2dc51e4fde0f2992a488d4eb3","csrf_token_time":1747032109,"admin_id":1,"srcode":"21-00001","admin_name":"Admin User","email":"admin@admin.com","is_super_admin":true,"usertype":"admin"}
[12-May-2025 08:56:18 Europe/Berlin] Starting CSRF validation for action: updateJobListing
[12-May-2025 08:56:18 Europe/Berlin] Received token: 24ca9ebf686d1616f8118dc8a9760d2c940936d2dc51e4fde0f2992a488d4eb3
[12-May-2025 08:56:18 Europe/Berlin] Current session status: 2
[12-May-2025 08:56:18 Europe/Berlin] Session ID: 0kpcqpq133luhqo0577f2kc8t0
[12-May-2025 08:56:18 Europe/Berlin] Session already active in TokenHandler. Session ID: 0kpcqpq133luhqo0577f2kc8t0
[12-May-2025 08:56:18 Europe/Berlin] Current session data: {"csrf_token":"24ca9ebf686d1616f8118dc8a9760d2c940936d2dc51e4fde0f2992a488d4eb3","csrf_token_time":1747032109,"admin_id":1,"srcode":"21-00001","admin_name":"Admin User","email":"admin@admin.com","is_super_admin":true,"usertype":"admin"}
[12-May-2025 08:56:18 Europe/Berlin] CSRF validation successful for action: updateJobListing
[12-May-2025 08:56:18 Europe/Berlin] Session already active in TokenHandler. Session ID: 0kpcqpq133luhqo0577f2kc8t0
[12-May-2025 08:56:18 Europe/Berlin] Current session data: {"csrf_token":"24ca9ebf686d1616f8118dc8a9760d2c940936d2dc51e4fde0f2992a488d4eb3","csrf_token_time":1747032109,"admin_id":1,"srcode":"21-00001","admin_name":"Admin User","email":"admin@admin.com","is_super_admin":true,"usertype":"admin"}
[12-May-2025 08:56:19 Europe/Berlin] Session already active in TokenHandler. Session ID: 0kpcqpq133luhqo0577f2kc8t0
[12-May-2025 08:56:19 Europe/Berlin] Current session data: {"csrf_token":"24ca9ebf686d1616f8118dc8a9760d2c940936d2dc51e4fde0f2992a488d4eb3","csrf_token_time":1747032109,"admin_id":1,"srcode":"21-00001","admin_name":"Admin User","email":"admin@admin.com","is_super_admin":true,"usertype":"admin"}
[12-May-2025 08:56:19 Europe/Berlin] Session already active in TokenHandler. Session ID: 0kpcqpq133luhqo0577f2kc8t0
[12-May-2025 08:56:19 Europe/Berlin] Current session data: {"csrf_token":"24ca9ebf686d1616f8118dc8a9760d2c940936d2dc51e4fde0f2992a488d4eb3","csrf_token_time":1747032109,"admin_id":1,"srcode":"21-00001","admin_name":"Admin User","email":"admin@admin.com","is_super_admin":true,"usertype":"admin"}
[12-May-2025 08:56:19 Europe/Berlin] Session already active in TokenHandler. Session ID: 0kpcqpq133luhqo0577f2kc8t0
[12-May-2025 08:56:19 Europe/Berlin] Current session data: {"csrf_token":"24ca9ebf686d1616f8118dc8a9760d2c940936d2dc51e4fde0f2992a488d4eb3","csrf_token_time":1747032109,"admin_id":1,"srcode":"21-00001","admin_name":"Admin User","email":"admin@admin.com","is_super_admin":true,"usertype":"admin"}
[12-May-2025 08:56:19 Europe/Berlin] Session already active in TokenHandler. Session ID: 0kpcqpq133luhqo0577f2kc8t0
[12-May-2025 08:56:19 Europe/Berlin] Current session data: {"csrf_token":"24ca9ebf686d1616f8118dc8a9760d2c940936d2dc51e4fde0f2992a488d4eb3","csrf_token_time":1747032109,"admin_id":1,"srcode":"21-00001","admin_name":"Admin User","email":"admin@admin.com","is_super_admin":true,"usertype":"admin"}
[12-May-2025 08:56:23 Europe/Berlin] Starting CSRF validation for action: getJobListing
[12-May-2025 08:56:23 Europe/Berlin] Received token: 24ca9ebf686d1616f8118dc8a9760d2c940936d2dc51e4fde0f2992a488d4eb3
[12-May-2025 08:56:23 Europe/Berlin] Current session status: 2
[12-May-2025 08:56:23 Europe/Berlin] Session ID: 0kpcqpq133luhqo0577f2kc8t0
[12-May-2025 08:56:23 Europe/Berlin] Session already active in TokenHandler. Session ID: 0kpcqpq133luhqo0577f2kc8t0
[12-May-2025 08:56:23 Europe/Berlin] Current session data: {"csrf_token":"24ca9ebf686d1616f8118dc8a9760d2c940936d2dc51e4fde0f2992a488d4eb3","csrf_token_time":1747032109,"admin_id":1,"srcode":"21-00001","admin_name":"Admin User","email":"admin@admin.com","is_super_admin":true,"usertype":"admin"}
[12-May-2025 08:56:23 Europe/Berlin] CSRF validation successful for action: getJobListing
[12-May-2025 08:56:23 Europe/Berlin] Session already active in TokenHandler. Session ID: 0kpcqpq133luhqo0577f2kc8t0
[12-May-2025 08:56:23 Europe/Berlin] Current session data: {"csrf_token":"24ca9ebf686d1616f8118dc8a9760d2c940936d2dc51e4fde0f2992a488d4eb3","csrf_token_time":1747032109,"admin_id":1,"srcode":"21-00001","admin_name":"Admin User","email":"admin@admin.com","is_super_admin":true,"usertype":"admin"}
[12-May-2025 08:56:26 Europe/Berlin] Session already active in TokenHandler. Session ID: 0kpcqpq133luhqo0577f2kc8t0
[12-May-2025 08:56:26 Europe/Berlin] Current session data: {"csrf_token":"24ca9ebf686d1616f8118dc8a9760d2c940936d2dc51e4fde0f2992a488d4eb3","csrf_token_time":1747032109,"admin_id":1,"srcode":"21-00001","admin_name":"Admin User","email":"admin@admin.com","is_super_admin":true,"usertype":"admin"}
[12-May-2025 08:56:26 Europe/Berlin] Session already active in TokenHandler. Session ID: 0kpcqpq133luhqo0577f2kc8t0
[12-May-2025 08:56:26 Europe/Berlin] Current session data: {"csrf_token":"24ca9ebf686d1616f8118dc8a9760d2c940936d2dc51e4fde0f2992a488d4eb3","csrf_token_time":1747032109,"admin_id":1,"srcode":"21-00001","admin_name":"Admin User","email":"admin@admin.com","is_super_admin":true,"usertype":"admin"}
[12-May-2025 08:56:26 Europe/Berlin] Session already active in TokenHandler. Session ID: 0kpcqpq133luhqo0577f2kc8t0
[12-May-2025 08:56:26 Europe/Berlin] Current session data: {"csrf_token":"24ca9ebf686d1616f8118dc8a9760d2c940936d2dc51e4fde0f2992a488d4eb3","csrf_token_time":1747032109,"admin_id":1,"srcode":"21-00001","admin_name":"Admin User","email":"admin@admin.com","is_super_admin":true,"usertype":"admin"}
[12-May-2025 08:56:26 Europe/Berlin] Session already active in TokenHandler. Session ID: 0kpcqpq133luhqo0577f2kc8t0
[12-May-2025 08:56:26 Europe/Berlin] Current session data: {"csrf_token":"24ca9ebf686d1616f8118dc8a9760d2c940936d2dc51e4fde0f2992a488d4eb3","csrf_token_time":1747032109,"admin_id":1,"srcode":"21-00001","admin_name":"Admin User","email":"admin@admin.com","is_super_admin":true,"usertype":"admin"}
[12-May-2025 08:56:27 Europe/Berlin] Session already active in TokenHandler. Session ID: 0kpcqpq133luhqo0577f2kc8t0
[12-May-2025 08:56:27 Europe/Berlin] Current session data: {"csrf_token":"24ca9ebf686d1616f8118dc8a9760d2c940936d2dc51e4fde0f2992a488d4eb3","csrf_token_time":1747032109,"admin_id":1,"srcode":"21-00001","admin_name":"Admin User","email":"admin@admin.com","is_super_admin":true,"usertype":"admin"}
[12-May-2025 08:56:27 Europe/Berlin] Session already active in TokenHandler. Session ID: 0kpcqpq133luhqo0577f2kc8t0
[12-May-2025 08:56:27 Europe/Berlin] Current session data: {"csrf_token":"24ca9ebf686d1616f8118dc8a9760d2c940936d2dc51e4fde0f2992a488d4eb3","csrf_token_time":1747032109,"admin_id":1,"srcode":"21-00001","admin_name":"Admin User","email":"admin@admin.com","is_super_admin":true,"usertype":"admin"}
[12-May-2025 08:56:27 Europe/Berlin] Session already active in TokenHandler. Session ID: 0kpcqpq133luhqo0577f2kc8t0
[12-May-2025 08:56:27 Europe/Berlin] Current session data: {"csrf_token":"24ca9ebf686d1616f8118dc8a9760d2c940936d2dc51e4fde0f2992a488d4eb3","csrf_token_time":1747032109,"admin_id":1,"srcode":"21-00001","admin_name":"Admin User","email":"admin@admin.com","is_super_admin":true,"usertype":"admin"}
[12-May-2025 08:56:27 Europe/Berlin] Session already active in TokenHandler. Session ID: 0kpcqpq133luhqo0577f2kc8t0
[12-May-2025 08:56:27 Europe/Berlin] Current session data: {"csrf_token":"24ca9ebf686d1616f8118dc8a9760d2c940936d2dc51e4fde0f2992a488d4eb3","csrf_token_time":1747032109,"admin_id":1,"srcode":"21-00001","admin_name":"Admin User","email":"admin@admin.com","is_super_admin":true,"usertype":"admin"}
[12-May-2025 08:56:30 Europe/Berlin] Starting CSRF validation for action: getCompany
[12-May-2025 08:56:30 Europe/Berlin] Received token: 24ca9ebf686d1616f8118dc8a9760d2c940936d2dc51e4fde0f2992a488d4eb3
[12-May-2025 08:56:30 Europe/Berlin] Current session status: 2
[12-May-2025 08:56:30 Europe/Berlin] Session ID: 0kpcqpq133luhqo0577f2kc8t0
[12-May-2025 08:56:30 Europe/Berlin] Session already active in TokenHandler. Session ID: 0kpcqpq133luhqo0577f2kc8t0
[12-May-2025 08:56:30 Europe/Berlin] Current session data: {"csrf_token":"24ca9ebf686d1616f8118dc8a9760d2c940936d2dc51e4fde0f2992a488d4eb3","csrf_token_time":1747032109,"admin_id":1,"srcode":"21-00001","admin_name":"Admin User","email":"admin@admin.com","is_super_admin":true,"usertype":"admin"}
[12-May-2025 08:56:30 Europe/Berlin] CSRF validation successful for action: getCompany
[12-May-2025 08:56:30 Europe/Berlin] Session already active in TokenHandler. Session ID: 0kpcqpq133luhqo0577f2kc8t0
[12-May-2025 08:56:30 Europe/Berlin] Current session data: {"csrf_token":"24ca9ebf686d1616f8118dc8a9760d2c940936d2dc51e4fde0f2992a488d4eb3","csrf_token_time":1747032109,"admin_id":1,"srcode":"21-00001","admin_name":"Admin User","email":"admin@admin.com","is_super_admin":true,"usertype":"admin"}
[12-May-2025 08:56:38 Europe/Berlin] Starting CSRF validation for action: updateCompany
[12-May-2025 08:56:38 Europe/Berlin] Received token: 24ca9ebf686d1616f8118dc8a9760d2c940936d2dc51e4fde0f2992a488d4eb3
[12-May-2025 08:56:38 Europe/Berlin] Current session status: 2
[12-May-2025 08:56:38 Europe/Berlin] Session ID: 0kpcqpq133luhqo0577f2kc8t0
[12-May-2025 08:56:38 Europe/Berlin] Session already active in TokenHandler. Session ID: 0kpcqpq133luhqo0577f2kc8t0
[12-May-2025 08:56:38 Europe/Berlin] Current session data: {"csrf_token":"24ca9ebf686d1616f8118dc8a9760d2c940936d2dc51e4fde0f2992a488d4eb3","csrf_token_time":1747032109,"admin_id":1,"srcode":"21-00001","admin_name":"Admin User","email":"admin@admin.com","is_super_admin":true,"usertype":"admin"}
[12-May-2025 08:56:38 Europe/Berlin] CSRF validation successful for action: updateCompany
[12-May-2025 08:56:38 Europe/Berlin] Session already active in TokenHandler. Session ID: 0kpcqpq133luhqo0577f2kc8t0
[12-May-2025 08:56:38 Europe/Berlin] Current session data: {"csrf_token":"24ca9ebf686d1616f8118dc8a9760d2c940936d2dc51e4fde0f2992a488d4eb3","csrf_token_time":1747032109,"admin_id":1,"srcode":"21-00001","admin_name":"Admin User","email":"admin@admin.com","is_super_admin":true,"usertype":"admin"}
[12-May-2025 08:56:40 Europe/Berlin] Session already active in TokenHandler. Session ID: 0kpcqpq133luhqo0577f2kc8t0
[12-May-2025 08:56:40 Europe/Berlin] Current session data: {"csrf_token":"24ca9ebf686d1616f8118dc8a9760d2c940936d2dc51e4fde0f2992a488d4eb3","csrf_token_time":1747032109,"admin_id":1,"srcode":"21-00001","admin_name":"Admin User","email":"admin@admin.com","is_super_admin":true,"usertype":"admin"}
[12-May-2025 08:56:40 Europe/Berlin] Session already active in TokenHandler. Session ID: 0kpcqpq133luhqo0577f2kc8t0
[12-May-2025 08:56:40 Europe/Berlin] Current session data: {"csrf_token":"24ca9ebf686d1616f8118dc8a9760d2c940936d2dc51e4fde0f2992a488d4eb3","csrf_token_time":1747032109,"admin_id":1,"srcode":"21-00001","admin_name":"Admin User","email":"admin@admin.com","is_super_admin":true,"usertype":"admin"}
[12-May-2025 08:56:40 Europe/Berlin] Session already active in TokenHandler. Session ID: 0kpcqpq133luhqo0577f2kc8t0
[12-May-2025 08:56:40 Europe/Berlin] Current session data: {"csrf_token":"24ca9ebf686d1616f8118dc8a9760d2c940936d2dc51e4fde0f2992a488d4eb3","csrf_token_time":1747032109,"admin_id":1,"srcode":"21-00001","admin_name":"Admin User","email":"admin@admin.com","is_super_admin":true,"usertype":"admin"}
[12-May-2025 08:56:40 Europe/Berlin] Session already active in TokenHandler. Session ID: 0kpcqpq133luhqo0577f2kc8t0
[12-May-2025 08:56:40 Europe/Berlin] Current session data: {"csrf_token":"24ca9ebf686d1616f8118dc8a9760d2c940936d2dc51e4fde0f2992a488d4eb3","csrf_token_time":1747032109,"admin_id":1,"srcode":"21-00001","admin_name":"Admin User","email":"admin@admin.com","is_super_admin":true,"usertype":"admin"}
[12-May-2025 08:56:42 Europe/Berlin] Session already active in TokenHandler. Session ID: 0kpcqpq133luhqo0577f2kc8t0
[12-May-2025 08:56:42 Europe/Berlin] Current session data: {"csrf_token":"24ca9ebf686d1616f8118dc8a9760d2c940936d2dc51e4fde0f2992a488d4eb3","csrf_token_time":1747032109,"admin_id":1,"srcode":"21-00001","admin_name":"Admin User","email":"admin@admin.com","is_super_admin":true,"usertype":"admin"}
[12-May-2025 08:56:42 Europe/Berlin] Session already active in TokenHandler. Session ID: 0kpcqpq133luhqo0577f2kc8t0
[12-May-2025 08:56:42 Europe/Berlin] Current session data: {"csrf_token":"24ca9ebf686d1616f8118dc8a9760d2c940936d2dc51e4fde0f2992a488d4eb3","csrf_token_time":1747032109,"admin_id":1,"srcode":"21-00001","admin_name":"Admin User","email":"admin@admin.com","is_super_admin":true,"usertype":"admin"}
[12-May-2025 08:56:42 Europe/Berlin] Session already active in TokenHandler. Session ID: 0kpcqpq133luhqo0577f2kc8t0
[12-May-2025 08:56:42 Europe/Berlin] Current session data: {"csrf_token":"24ca9ebf686d1616f8118dc8a9760d2c940936d2dc51e4fde0f2992a488d4eb3","csrf_token_time":1747032109,"admin_id":1,"srcode":"21-00001","admin_name":"Admin User","email":"admin@admin.com","is_super_admin":true,"usertype":"admin"}
[12-May-2025 08:56:42 Europe/Berlin] Session already active in TokenHandler. Session ID: 0kpcqpq133luhqo0577f2kc8t0
[12-May-2025 08:56:42 Europe/Berlin] Current session data: {"csrf_token":"24ca9ebf686d1616f8118dc8a9760d2c940936d2dc51e4fde0f2992a488d4eb3","csrf_token_time":1747032109,"admin_id":1,"srcode":"21-00001","admin_name":"Admin User","email":"admin@admin.com","is_super_admin":true,"usertype":"admin"}
[12-May-2025 09:00:47 Europe/Berlin] Session already active in TokenHandler. Session ID: 0kpcqpq133luhqo0577f2kc8t0
[12-May-2025 09:00:47 Europe/Berlin] Current session data: {"csrf_token":"24ca9ebf686d1616f8118dc8a9760d2c940936d2dc51e4fde0f2992a488d4eb3","csrf_token_time":1747032109,"admin_id":1,"srcode":"21-00001","admin_name":"Admin User","email":"admin@admin.com","is_super_admin":true,"usertype":"admin"}
[12-May-2025 09:00:47 Europe/Berlin] Session already active in TokenHandler. Session ID: 0kpcqpq133luhqo0577f2kc8t0
[12-May-2025 09:00:47 Europe/Berlin] Current session data: {"csrf_token":"24ca9ebf686d1616f8118dc8a9760d2c940936d2dc51e4fde0f2992a488d4eb3","csrf_token_time":1747032109,"admin_id":1,"srcode":"21-00001","admin_name":"Admin User","email":"admin@admin.com","is_super_admin":true,"usertype":"admin"}
[12-May-2025 09:00:47 Europe/Berlin] Session already active in TokenHandler. Session ID: 0kpcqpq133luhqo0577f2kc8t0
[12-May-2025 09:00:47 Europe/Berlin] Current session data: {"csrf_token":"24ca9ebf686d1616f8118dc8a9760d2c940936d2dc51e4fde0f2992a488d4eb3","csrf_token_time":1747032109,"admin_id":1,"srcode":"21-00001","admin_name":"Admin User","email":"admin@admin.com","is_super_admin":true,"usertype":"admin"}
[12-May-2025 09:00:47 Europe/Berlin] Session already active in TokenHandler. Session ID: 0kpcqpq133luhqo0577f2kc8t0
[12-May-2025 09:00:47 Europe/Berlin] Current session data: {"csrf_token":"24ca9ebf686d1616f8118dc8a9760d2c940936d2dc51e4fde0f2992a488d4eb3","csrf_token_time":1747032109,"admin_id":1,"srcode":"21-00001","admin_name":"Admin User","email":"admin@admin.com","is_super_admin":true,"usertype":"admin"}
[12-May-2025 09:00:49 Europe/Berlin] Starting CSRF validation for action: getCompany
[12-May-2025 09:00:49 Europe/Berlin] Received token: 24ca9ebf686d1616f8118dc8a9760d2c940936d2dc51e4fde0f2992a488d4eb3
[12-May-2025 09:00:49 Europe/Berlin] Current session status: 2
[12-May-2025 09:00:49 Europe/Berlin] Session ID: 0kpcqpq133luhqo0577f2kc8t0
[12-May-2025 09:00:49 Europe/Berlin] Session already active in TokenHandler. Session ID: 0kpcqpq133luhqo0577f2kc8t0
[12-May-2025 09:00:49 Europe/Berlin] Current session data: {"csrf_token":"24ca9ebf686d1616f8118dc8a9760d2c940936d2dc51e4fde0f2992a488d4eb3","csrf_token_time":1747032109,"admin_id":1,"srcode":"21-00001","admin_name":"Admin User","email":"admin@admin.com","is_super_admin":true,"usertype":"admin"}
[12-May-2025 09:00:49 Europe/Berlin] CSRF validation successful for action: getCompany
[12-May-2025 09:00:49 Europe/Berlin] Session already active in TokenHandler. Session ID: 0kpcqpq133luhqo0577f2kc8t0
[12-May-2025 09:00:49 Europe/Berlin] Current session data: {"csrf_token":"24ca9ebf686d1616f8118dc8a9760d2c940936d2dc51e4fde0f2992a488d4eb3","csrf_token_time":1747032109,"admin_id":1,"srcode":"21-00001","admin_name":"Admin User","email":"admin@admin.com","is_super_admin":true,"usertype":"admin"}
[12-May-2025 09:00:52 Europe/Berlin] Session already active in TokenHandler. Session ID: 0kpcqpq133luhqo0577f2kc8t0
[12-May-2025 09:00:52 Europe/Berlin] Current session data: {"csrf_token":"24ca9ebf686d1616f8118dc8a9760d2c940936d2dc51e4fde0f2992a488d4eb3","csrf_token_time":1747032109,"admin_id":1,"srcode":"21-00001","admin_name":"Admin User","email":"admin@admin.com","is_super_admin":true,"usertype":"admin"}
[12-May-2025 09:00:52 Europe/Berlin] Session already active in TokenHandler. Session ID: 0kpcqpq133luhqo0577f2kc8t0
[12-May-2025 09:00:52 Europe/Berlin] Current session data: {"csrf_token":"24ca9ebf686d1616f8118dc8a9760d2c940936d2dc51e4fde0f2992a488d4eb3","csrf_token_time":1747032109,"admin_id":1,"srcode":"21-00001","admin_name":"Admin User","email":"admin@admin.com","is_super_admin":true,"usertype":"admin"}
[12-May-2025 09:00:52 Europe/Berlin] Session already active in TokenHandler. Session ID: 0kpcqpq133luhqo0577f2kc8t0
[12-May-2025 09:00:52 Europe/Berlin] Current session data: {"csrf_token":"24ca9ebf686d1616f8118dc8a9760d2c940936d2dc51e4fde0f2992a488d4eb3","csrf_token_time":1747032109,"admin_id":1,"srcode":"21-00001","admin_name":"Admin User","email":"admin@admin.com","is_super_admin":true,"usertype":"admin"}
[12-May-2025 09:00:52 Europe/Berlin] Session already active in TokenHandler. Session ID: 0kpcqpq133luhqo0577f2kc8t0
[12-May-2025 09:00:52 Europe/Berlin] Current session data: {"csrf_token":"24ca9ebf686d1616f8118dc8a9760d2c940936d2dc51e4fde0f2992a488d4eb3","csrf_token_time":1747032109,"admin_id":1,"srcode":"21-00001","admin_name":"Admin User","email":"admin@admin.com","is_super_admin":true,"usertype":"admin"}
[12-May-2025 09:00:53 Europe/Berlin] Session already active in TokenHandler. Session ID: 0kpcqpq133luhqo0577f2kc8t0
[12-May-2025 09:00:53 Europe/Berlin] Current session data: {"csrf_token":"24ca9ebf686d1616f8118dc8a9760d2c940936d2dc51e4fde0f2992a488d4eb3","csrf_token_time":1747032109,"admin_id":1,"srcode":"21-00001","admin_name":"Admin User","email":"admin@admin.com","is_super_admin":true,"usertype":"admin"}
[12-May-2025 09:00:53 Europe/Berlin] Session already active in TokenHandler. Session ID: 0kpcqpq133luhqo0577f2kc8t0
[12-May-2025 09:00:53 Europe/Berlin] Current session data: {"csrf_token":"24ca9ebf686d1616f8118dc8a9760d2c940936d2dc51e4fde0f2992a488d4eb3","csrf_token_time":1747032109,"admin_id":1,"srcode":"21-00001","admin_name":"Admin User","email":"admin@admin.com","is_super_admin":true,"usertype":"admin"}
[12-May-2025 09:03:55 Europe/Berlin] Session already active in TokenHandler. Session ID: 0kpcqpq133luhqo0577f2kc8t0
[12-May-2025 09:03:55 Europe/Berlin] Current session data: {"csrf_token":"24ca9ebf686d1616f8118dc8a9760d2c940936d2dc51e4fde0f2992a488d4eb3","csrf_token_time":1747032109,"admin_id":1,"srcode":"21-00001","admin_name":"Admin User","email":"admin@admin.com","is_super_admin":true,"usertype":"admin"}
[12-May-2025 09:03:55 Europe/Berlin] Session already active in TokenHandler. Session ID: 0kpcqpq133luhqo0577f2kc8t0
[12-May-2025 09:03:55 Europe/Berlin] Current session data: {"csrf_token":"24ca9ebf686d1616f8118dc8a9760d2c940936d2dc51e4fde0f2992a488d4eb3","csrf_token_time":1747032109,"admin_id":1,"srcode":"21-00001","admin_name":"Admin User","email":"admin@admin.com","is_super_admin":true,"usertype":"admin"}
[12-May-2025 09:03:55 Europe/Berlin] Session already active in TokenHandler. Session ID: 0kpcqpq133luhqo0577f2kc8t0
[12-May-2025 09:03:55 Europe/Berlin] Current session data: {"csrf_token":"24ca9ebf686d1616f8118dc8a9760d2c940936d2dc51e4fde0f2992a488d4eb3","csrf_token_time":1747032109,"admin_id":1,"srcode":"21-00001","admin_name":"Admin User","email":"admin@admin.com","is_super_admin":true,"usertype":"admin"}
[12-May-2025 09:03:55 Europe/Berlin] Session already active in TokenHandler. Session ID: 0kpcqpq133luhqo0577f2kc8t0
[12-May-2025 09:03:55 Europe/Berlin] Current session data: {"csrf_token":"24ca9ebf686d1616f8118dc8a9760d2c940936d2dc51e4fde0f2992a488d4eb3","csrf_token_time":1747032109,"admin_id":1,"srcode":"21-00001","admin_name":"Admin User","email":"admin@admin.com","is_super_admin":true,"usertype":"admin"}
[12-May-2025 09:03:57 Europe/Berlin] Starting CSRF validation for action: getCompany
[12-May-2025 09:03:57 Europe/Berlin] Received token: 24ca9ebf686d1616f8118dc8a9760d2c940936d2dc51e4fde0f2992a488d4eb3
[12-May-2025 09:03:57 Europe/Berlin] Current session status: 2
[12-May-2025 09:03:57 Europe/Berlin] Session ID: 0kpcqpq133luhqo0577f2kc8t0
[12-May-2025 09:03:57 Europe/Berlin] Session already active in TokenHandler. Session ID: 0kpcqpq133luhqo0577f2kc8t0
[12-May-2025 09:03:57 Europe/Berlin] Current session data: {"csrf_token":"24ca9ebf686d1616f8118dc8a9760d2c940936d2dc51e4fde0f2992a488d4eb3","csrf_token_time":1747032109,"admin_id":1,"srcode":"21-00001","admin_name":"Admin User","email":"admin@admin.com","is_super_admin":true,"usertype":"admin"}
[12-May-2025 09:03:57 Europe/Berlin] CSRF validation successful for action: getCompany
[12-May-2025 09:03:57 Europe/Berlin] Session already active in TokenHandler. Session ID: 0kpcqpq133luhqo0577f2kc8t0
[12-May-2025 09:03:57 Europe/Berlin] Current session data: {"csrf_token":"24ca9ebf686d1616f8118dc8a9760d2c940936d2dc51e4fde0f2992a488d4eb3","csrf_token_time":1747032109,"admin_id":1,"srcode":"21-00001","admin_name":"Admin User","email":"admin@admin.com","is_super_admin":true,"usertype":"admin"}
[12-May-2025 09:03:59 Europe/Berlin] Session already active in TokenHandler. Session ID: 0kpcqpq133luhqo0577f2kc8t0
[12-May-2025 09:03:59 Europe/Berlin] Current session data: {"csrf_token":"24ca9ebf686d1616f8118dc8a9760d2c940936d2dc51e4fde0f2992a488d4eb3","csrf_token_time":1747032109,"admin_id":1,"srcode":"21-00001","admin_name":"Admin User","email":"admin@admin.com","is_super_admin":true,"usertype":"admin"}
[12-May-2025 09:03:59 Europe/Berlin] Session already active in TokenHandler. Session ID: 0kpcqpq133luhqo0577f2kc8t0
[12-May-2025 09:03:59 Europe/Berlin] Current session data: {"csrf_token":"24ca9ebf686d1616f8118dc8a9760d2c940936d2dc51e4fde0f2992a488d4eb3","csrf_token_time":1747032109,"admin_id":1,"srcode":"21-00001","admin_name":"Admin User","email":"admin@admin.com","is_super_admin":true,"usertype":"admin"}
[12-May-2025 09:04:01 Europe/Berlin] Session already active in TokenHandler. Session ID: 0kpcqpq133luhqo0577f2kc8t0
[12-May-2025 09:04:01 Europe/Berlin] Current session data: {"csrf_token":"24ca9ebf686d1616f8118dc8a9760d2c940936d2dc51e4fde0f2992a488d4eb3","csrf_token_time":1747032109,"admin_id":1,"srcode":"21-00001","admin_name":"Admin User","email":"admin@admin.com","is_super_admin":true,"usertype":"admin"}
[12-May-2025 09:04:01 Europe/Berlin] Session already active in TokenHandler. Session ID: 0kpcqpq133luhqo0577f2kc8t0
[12-May-2025 09:04:01 Europe/Berlin] Current session data: {"csrf_token":"24ca9ebf686d1616f8118dc8a9760d2c940936d2dc51e4fde0f2992a488d4eb3","csrf_token_time":1747032109,"admin_id":1,"srcode":"21-00001","admin_name":"Admin User","email":"admin@admin.com","is_super_admin":true,"usertype":"admin"}
[12-May-2025 09:04:01 Europe/Berlin] Session already active in TokenHandler. Session ID: 0kpcqpq133luhqo0577f2kc8t0
[12-May-2025 09:04:01 Europe/Berlin] Current session data: {"csrf_token":"24ca9ebf686d1616f8118dc8a9760d2c940936d2dc51e4fde0f2992a488d4eb3","csrf_token_time":1747032109,"admin_id":1,"srcode":"21-00001","admin_name":"Admin User","email":"admin@admin.com","is_super_admin":true,"usertype":"admin"}
[12-May-2025 09:04:01 Europe/Berlin] Session already active in TokenHandler. Session ID: 0kpcqpq133luhqo0577f2kc8t0
[12-May-2025 09:04:01 Europe/Berlin] Current session data: {"csrf_token":"24ca9ebf686d1616f8118dc8a9760d2c940936d2dc51e4fde0f2992a488d4eb3","csrf_token_time":1747032109,"admin_id":1,"srcode":"21-00001","admin_name":"Admin User","email":"admin@admin.com","is_super_admin":true,"usertype":"admin"}
[12-May-2025 09:04:03 Europe/Berlin] Starting CSRF validation for action: getJobListing
[12-May-2025 09:04:03 Europe/Berlin] Received token: 24ca9ebf686d1616f8118dc8a9760d2c940936d2dc51e4fde0f2992a488d4eb3
[12-May-2025 09:04:03 Europe/Berlin] Current session status: 2
[12-May-2025 09:04:03 Europe/Berlin] Session ID: 0kpcqpq133luhqo0577f2kc8t0
[12-May-2025 09:04:03 Europe/Berlin] Session already active in TokenHandler. Session ID: 0kpcqpq133luhqo0577f2kc8t0
[12-May-2025 09:04:03 Europe/Berlin] Current session data: {"csrf_token":"24ca9ebf686d1616f8118dc8a9760d2c940936d2dc51e4fde0f2992a488d4eb3","csrf_token_time":1747032109,"admin_id":1,"srcode":"21-00001","admin_name":"Admin User","email":"admin@admin.com","is_super_admin":true,"usertype":"admin"}
[12-May-2025 09:04:03 Europe/Berlin] CSRF validation successful for action: getJobListing
[12-May-2025 09:04:03 Europe/Berlin] Session already active in TokenHandler. Session ID: 0kpcqpq133luhqo0577f2kc8t0
[12-May-2025 09:04:03 Europe/Berlin] Current session data: {"csrf_token":"24ca9ebf686d1616f8118dc8a9760d2c940936d2dc51e4fde0f2992a488d4eb3","csrf_token_time":1747032109,"admin_id":1,"srcode":"21-00001","admin_name":"Admin User","email":"admin@admin.com","is_super_admin":true,"usertype":"admin"}
[12-May-2025 09:04:07 Europe/Berlin] Starting CSRF validation for action: updateJobListing
[12-May-2025 09:04:07 Europe/Berlin] Received token: 24ca9ebf686d1616f8118dc8a9760d2c940936d2dc51e4fde0f2992a488d4eb3
[12-May-2025 09:04:07 Europe/Berlin] Current session status: 2
[12-May-2025 09:04:07 Europe/Berlin] Session ID: 0kpcqpq133luhqo0577f2kc8t0
[12-May-2025 09:04:07 Europe/Berlin] Session already active in TokenHandler. Session ID: 0kpcqpq133luhqo0577f2kc8t0
[12-May-2025 09:04:07 Europe/Berlin] Current session data: {"csrf_token":"24ca9ebf686d1616f8118dc8a9760d2c940936d2dc51e4fde0f2992a488d4eb3","csrf_token_time":1747032109,"admin_id":1,"srcode":"21-00001","admin_name":"Admin User","email":"admin@admin.com","is_super_admin":true,"usertype":"admin"}
[12-May-2025 09:04:07 Europe/Berlin] CSRF validation successful for action: updateJobListing
[12-May-2025 09:04:07 Europe/Berlin] Session already active in TokenHandler. Session ID: 0kpcqpq133luhqo0577f2kc8t0
[12-May-2025 09:04:07 Europe/Berlin] Current session data: {"csrf_token":"24ca9ebf686d1616f8118dc8a9760d2c940936d2dc51e4fde0f2992a488d4eb3","csrf_token_time":1747032109,"admin_id":1,"srcode":"21-00001","admin_name":"Admin User","email":"admin@admin.com","is_super_admin":true,"usertype":"admin"}
[12-May-2025 09:04:09 Europe/Berlin] Session already active in TokenHandler. Session ID: 0kpcqpq133luhqo0577f2kc8t0
[12-May-2025 09:04:09 Europe/Berlin] Current session data: {"csrf_token":"24ca9ebf686d1616f8118dc8a9760d2c940936d2dc51e4fde0f2992a488d4eb3","csrf_token_time":1747032109,"admin_id":1,"srcode":"21-00001","admin_name":"Admin User","email":"admin@admin.com","is_super_admin":true,"usertype":"admin"}
[12-May-2025 09:04:09 Europe/Berlin] Session already active in TokenHandler. Session ID: 0kpcqpq133luhqo0577f2kc8t0
[12-May-2025 09:04:09 Europe/Berlin] Current session data: {"csrf_token":"24ca9ebf686d1616f8118dc8a9760d2c940936d2dc51e4fde0f2992a488d4eb3","csrf_token_time":1747032109,"admin_id":1,"srcode":"21-00001","admin_name":"Admin User","email":"admin@admin.com","is_super_admin":true,"usertype":"admin"}
[12-May-2025 09:04:09 Europe/Berlin] Session already active in TokenHandler. Session ID: 0kpcqpq133luhqo0577f2kc8t0
[12-May-2025 09:04:09 Europe/Berlin] Current session data: {"csrf_token":"24ca9ebf686d1616f8118dc8a9760d2c940936d2dc51e4fde0f2992a488d4eb3","csrf_token_time":1747032109,"admin_id":1,"srcode":"21-00001","admin_name":"Admin User","email":"admin@admin.com","is_super_admin":true,"usertype":"admin"}
[12-May-2025 09:04:09 Europe/Berlin] Session already active in TokenHandler. Session ID: 0kpcqpq133luhqo0577f2kc8t0
[12-May-2025 09:04:09 Europe/Berlin] Current session data: {"csrf_token":"24ca9ebf686d1616f8118dc8a9760d2c940936d2dc51e4fde0f2992a488d4eb3","csrf_token_time":1747032109,"admin_id":1,"srcode":"21-00001","admin_name":"Admin User","email":"admin@admin.com","is_super_admin":true,"usertype":"admin"}
[12-May-2025 09:04:13 Europe/Berlin] Session already active in TokenHandler. Session ID: 0kpcqpq133luhqo0577f2kc8t0
[12-May-2025 09:04:13 Europe/Berlin] Current session data: {"csrf_token":"24ca9ebf686d1616f8118dc8a9760d2c940936d2dc51e4fde0f2992a488d4eb3","csrf_token_time":1747032109,"admin_id":1,"srcode":"21-00001","admin_name":"Admin User","email":"admin@admin.com","is_super_admin":true,"usertype":"admin"}
[12-May-2025 09:04:13 Europe/Berlin] Session already active in TokenHandler. Session ID: 0kpcqpq133luhqo0577f2kc8t0
[12-May-2025 09:04:13 Europe/Berlin] Current session data: {"csrf_token":"24ca9ebf686d1616f8118dc8a9760d2c940936d2dc51e4fde0f2992a488d4eb3","csrf_token_time":1747032109,"admin_id":1,"srcode":"21-00001","admin_name":"Admin User","email":"admin@admin.com","is_super_admin":true,"usertype":"admin"}
[12-May-2025 09:04:15 Europe/Berlin] Session already active in TokenHandler. Session ID: 0kpcqpq133luhqo0577f2kc8t0
[12-May-2025 09:04:15 Europe/Berlin] Current session data: {"csrf_token":"24ca9ebf686d1616f8118dc8a9760d2c940936d2dc51e4fde0f2992a488d4eb3","csrf_token_time":1747032109,"admin_id":1,"srcode":"21-00001","admin_name":"Admin User","email":"admin@admin.com","is_super_admin":true,"usertype":"admin"}
[12-May-2025 09:04:15 Europe/Berlin] Session already active in TokenHandler. Session ID: 0kpcqpq133luhqo0577f2kc8t0
[12-May-2025 09:04:15 Europe/Berlin] Current session data: {"csrf_token":"24ca9ebf686d1616f8118dc8a9760d2c940936d2dc51e4fde0f2992a488d4eb3","csrf_token_time":1747032109,"admin_id":1,"srcode":"21-00001","admin_name":"Admin User","email":"admin@admin.com","is_super_admin":true,"usertype":"admin"}
[12-May-2025 09:04:16 Europe/Berlin] Session already active in TokenHandler. Session ID: 0kpcqpq133luhqo0577f2kc8t0
[12-May-2025 09:04:16 Europe/Berlin] Current session data: {"csrf_token":"24ca9ebf686d1616f8118dc8a9760d2c940936d2dc51e4fde0f2992a488d4eb3","csrf_token_time":1747032109,"admin_id":1,"srcode":"21-00001","admin_name":"Admin User","email":"admin@admin.com","is_super_admin":true,"usertype":"admin"}
[12-May-2025 09:04:16 Europe/Berlin] Session already active in TokenHandler. Session ID: 0kpcqpq133luhqo0577f2kc8t0
[12-May-2025 09:04:16 Europe/Berlin] Current session data: {"csrf_token":"24ca9ebf686d1616f8118dc8a9760d2c940936d2dc51e4fde0f2992a488d4eb3","csrf_token_time":1747032109,"admin_id":1,"srcode":"21-00001","admin_name":"Admin User","email":"admin@admin.com","is_super_admin":true,"usertype":"admin"}
[12-May-2025 09:04:16 Europe/Berlin] Session already active in TokenHandler. Session ID: 0kpcqpq133luhqo0577f2kc8t0
[12-May-2025 09:04:16 Europe/Berlin] Current session data: {"csrf_token":"24ca9ebf686d1616f8118dc8a9760d2c940936d2dc51e4fde0f2992a488d4eb3","csrf_token_time":1747032109,"admin_id":1,"srcode":"21-00001","admin_name":"Admin User","email":"admin@admin.com","is_super_admin":true,"usertype":"admin"}
[12-May-2025 09:04:16 Europe/Berlin] Session already active in TokenHandler. Session ID: 0kpcqpq133luhqo0577f2kc8t0
[12-May-2025 09:04:16 Europe/Berlin] Current session data: {"csrf_token":"24ca9ebf686d1616f8118dc8a9760d2c940936d2dc51e4fde0f2992a488d4eb3","csrf_token_time":1747032109,"admin_id":1,"srcode":"21-00001","admin_name":"Admin User","email":"admin@admin.com","is_super_admin":true,"usertype":"admin"}
[12-May-2025 09:04:16 Europe/Berlin] Session already active in TokenHandler. Session ID: 0kpcqpq133luhqo0577f2kc8t0
[12-May-2025 09:04:16 Europe/Berlin] Current session data: {"csrf_token":"24ca9ebf686d1616f8118dc8a9760d2c940936d2dc51e4fde0f2992a488d4eb3","csrf_token_time":1747032109,"admin_id":1,"srcode":"21-00001","admin_name":"Admin User","email":"admin@admin.com","is_super_admin":true,"usertype":"admin"}
[12-May-2025 09:04:16 Europe/Berlin] Session already active in TokenHandler. Session ID: 0kpcqpq133luhqo0577f2kc8t0
[12-May-2025 09:04:16 Europe/Berlin] Current session data: {"csrf_token":"24ca9ebf686d1616f8118dc8a9760d2c940936d2dc51e4fde0f2992a488d4eb3","csrf_token_time":1747032109,"admin_id":1,"srcode":"21-00001","admin_name":"Admin User","email":"admin@admin.com","is_super_admin":true,"usertype":"admin"}
[12-May-2025 09:04:25 Europe/Berlin] Session already active in TokenHandler. Session ID: 0kpcqpq133luhqo0577f2kc8t0
[12-May-2025 09:04:25 Europe/Berlin] Current session data: {"csrf_token":"24ca9ebf686d1616f8118dc8a9760d2c940936d2dc51e4fde0f2992a488d4eb3","csrf_token_time":1747032109,"admin_id":1,"srcode":"21-00001","admin_name":"Admin User","email":"admin@admin.com","is_super_admin":true,"usertype":"admin"}
[12-May-2025 09:04:25 Europe/Berlin] Session already active in TokenHandler. Session ID: 0kpcqpq133luhqo0577f2kc8t0
[12-May-2025 09:04:25 Europe/Berlin] Current session data: {"csrf_token":"24ca9ebf686d1616f8118dc8a9760d2c940936d2dc51e4fde0f2992a488d4eb3","csrf_token_time":1747032109,"admin_id":1,"srcode":"21-00001","admin_name":"Admin User","email":"admin@admin.com","is_super_admin":true,"usertype":"admin"}
[12-May-2025 09:04:25 Europe/Berlin] Session already active in TokenHandler. Session ID: 0kpcqpq133luhqo0577f2kc8t0
[12-May-2025 09:04:25 Europe/Berlin] Current session data: {"csrf_token":"24ca9ebf686d1616f8118dc8a9760d2c940936d2dc51e4fde0f2992a488d4eb3","csrf_token_time":1747032109,"admin_id":1,"srcode":"21-00001","admin_name":"Admin User","email":"admin@admin.com","is_super_admin":true,"usertype":"admin"}
[12-May-2025 09:04:25 Europe/Berlin] Session already active in TokenHandler. Session ID: 0kpcqpq133luhqo0577f2kc8t0
[12-May-2025 09:04:25 Europe/Berlin] Current session data: {"csrf_token":"24ca9ebf686d1616f8118dc8a9760d2c940936d2dc51e4fde0f2992a488d4eb3","csrf_token_time":1747032109,"admin_id":1,"srcode":"21-00001","admin_name":"Admin User","email":"admin@admin.com","is_super_admin":true,"usertype":"admin"}
[12-May-2025 09:04:26 Europe/Berlin] Starting CSRF validation for action: getCompany
[12-May-2025 09:04:26 Europe/Berlin] Received token: 24ca9ebf686d1616f8118dc8a9760d2c940936d2dc51e4fde0f2992a488d4eb3
[12-May-2025 09:04:26 Europe/Berlin] Current session status: 2
[12-May-2025 09:04:26 Europe/Berlin] Session ID: 0kpcqpq133luhqo0577f2kc8t0
[12-May-2025 09:04:26 Europe/Berlin] Session already active in TokenHandler. Session ID: 0kpcqpq133luhqo0577f2kc8t0
[12-May-2025 09:04:26 Europe/Berlin] Current session data: {"csrf_token":"24ca9ebf686d1616f8118dc8a9760d2c940936d2dc51e4fde0f2992a488d4eb3","csrf_token_time":1747032109,"admin_id":1,"srcode":"21-00001","admin_name":"Admin User","email":"admin@admin.com","is_super_admin":true,"usertype":"admin"}
[12-May-2025 09:04:26 Europe/Berlin] CSRF validation successful for action: getCompany
[12-May-2025 09:04:26 Europe/Berlin] Session already active in TokenHandler. Session ID: 0kpcqpq133luhqo0577f2kc8t0
[12-May-2025 09:04:26 Europe/Berlin] Current session data: {"csrf_token":"24ca9ebf686d1616f8118dc8a9760d2c940936d2dc51e4fde0f2992a488d4eb3","csrf_token_time":1747032109,"admin_id":1,"srcode":"21-00001","admin_name":"Admin User","email":"admin@admin.com","is_super_admin":true,"usertype":"admin"}
[12-May-2025 09:04:30 Europe/Berlin] Starting CSRF validation for action: updateCompany
[12-May-2025 09:04:30 Europe/Berlin] Received token: 24ca9ebf686d1616f8118dc8a9760d2c940936d2dc51e4fde0f2992a488d4eb3
[12-May-2025 09:04:30 Europe/Berlin] Current session status: 2
[12-May-2025 09:04:30 Europe/Berlin] Session ID: 0kpcqpq133luhqo0577f2kc8t0
[12-May-2025 09:04:30 Europe/Berlin] Session already active in TokenHandler. Session ID: 0kpcqpq133luhqo0577f2kc8t0
[12-May-2025 09:04:30 Europe/Berlin] Current session data: {"csrf_token":"24ca9ebf686d1616f8118dc8a9760d2c940936d2dc51e4fde0f2992a488d4eb3","csrf_token_time":1747032109,"admin_id":1,"srcode":"21-00001","admin_name":"Admin User","email":"admin@admin.com","is_super_admin":true,"usertype":"admin"}
[12-May-2025 09:04:30 Europe/Berlin] CSRF validation successful for action: updateCompany
[12-May-2025 09:04:30 Europe/Berlin] Session already active in TokenHandler. Session ID: 0kpcqpq133luhqo0577f2kc8t0
[12-May-2025 09:04:30 Europe/Berlin] Current session data: {"csrf_token":"24ca9ebf686d1616f8118dc8a9760d2c940936d2dc51e4fde0f2992a488d4eb3","csrf_token_time":1747032109,"admin_id":1,"srcode":"21-00001","admin_name":"Admin User","email":"admin@admin.com","is_super_admin":true,"usertype":"admin"}
[12-May-2025 09:04:31 Europe/Berlin] Session already active in TokenHandler. Session ID: 0kpcqpq133luhqo0577f2kc8t0
[12-May-2025 09:04:31 Europe/Berlin] Current session data: {"csrf_token":"24ca9ebf686d1616f8118dc8a9760d2c940936d2dc51e4fde0f2992a488d4eb3","csrf_token_time":1747032109,"admin_id":1,"srcode":"21-00001","admin_name":"Admin User","email":"admin@admin.com","is_super_admin":true,"usertype":"admin"}
[12-May-2025 09:04:31 Europe/Berlin] Session already active in TokenHandler. Session ID: 0kpcqpq133luhqo0577f2kc8t0
[12-May-2025 09:04:31 Europe/Berlin] Current session data: {"csrf_token":"24ca9ebf686d1616f8118dc8a9760d2c940936d2dc51e4fde0f2992a488d4eb3","csrf_token_time":1747032109,"admin_id":1,"srcode":"21-00001","admin_name":"Admin User","email":"admin@admin.com","is_super_admin":true,"usertype":"admin"}
[12-May-2025 09:04:31 Europe/Berlin] Session already active in TokenHandler. Session ID: 0kpcqpq133luhqo0577f2kc8t0
[12-May-2025 09:04:31 Europe/Berlin] Current session data: {"csrf_token":"24ca9ebf686d1616f8118dc8a9760d2c940936d2dc51e4fde0f2992a488d4eb3","csrf_token_time":1747032109,"admin_id":1,"srcode":"21-00001","admin_name":"Admin User","email":"admin@admin.com","is_super_admin":true,"usertype":"admin"}
[12-May-2025 09:04:31 Europe/Berlin] Session already active in TokenHandler. Session ID: 0kpcqpq133luhqo0577f2kc8t0
[12-May-2025 09:04:31 Europe/Berlin] Current session data: {"csrf_token":"24ca9ebf686d1616f8118dc8a9760d2c940936d2dc51e4fde0f2992a488d4eb3","csrf_token_time":1747032109,"admin_id":1,"srcode":"21-00001","admin_name":"Admin User","email":"admin@admin.com","is_super_admin":true,"usertype":"admin"}
[12-May-2025 09:04:33 Europe/Berlin] Session already active in TokenHandler. Session ID: 0kpcqpq133luhqo0577f2kc8t0
[12-May-2025 09:04:33 Europe/Berlin] Current session data: {"csrf_token":"24ca9ebf686d1616f8118dc8a9760d2c940936d2dc51e4fde0f2992a488d4eb3","csrf_token_time":1747032109,"admin_id":1,"srcode":"21-00001","admin_name":"Admin User","email":"admin@admin.com","is_super_admin":true,"usertype":"admin"}
[12-May-2025 09:04:33 Europe/Berlin] Session already active in TokenHandler. Session ID: 0kpcqpq133luhqo0577f2kc8t0
[12-May-2025 09:04:33 Europe/Berlin] Current session data: {"csrf_token":"24ca9ebf686d1616f8118dc8a9760d2c940936d2dc51e4fde0f2992a488d4eb3","csrf_token_time":1747032109,"admin_id":1,"srcode":"21-00001","admin_name":"Admin User","email":"admin@admin.com","is_super_admin":true,"usertype":"admin"}
[12-May-2025 09:04:33 Europe/Berlin] Session already active in TokenHandler. Session ID: 0kpcqpq133luhqo0577f2kc8t0
[12-May-2025 09:04:33 Europe/Berlin] Current session data: {"csrf_token":"24ca9ebf686d1616f8118dc8a9760d2c940936d2dc51e4fde0f2992a488d4eb3","csrf_token_time":1747032109,"admin_id":1,"srcode":"21-00001","admin_name":"Admin User","email":"admin@admin.com","is_super_admin":true,"usertype":"admin"}
[12-May-2025 09:04:33 Europe/Berlin] Session already active in TokenHandler. Session ID: 0kpcqpq133luhqo0577f2kc8t0
[12-May-2025 09:04:33 Europe/Berlin] Current session data: {"csrf_token":"24ca9ebf686d1616f8118dc8a9760d2c940936d2dc51e4fde0f2992a488d4eb3","csrf_token_time":1747032109,"admin_id":1,"srcode":"21-00001","admin_name":"Admin User","email":"admin@admin.com","is_super_admin":true,"usertype":"admin"}
[12-May-2025 09:04:34 Europe/Berlin] Session already active in TokenHandler. Session ID: 0kpcqpq133luhqo0577f2kc8t0
[12-May-2025 09:04:34 Europe/Berlin] Current session data: {"csrf_token":"24ca9ebf686d1616f8118dc8a9760d2c940936d2dc51e4fde0f2992a488d4eb3","csrf_token_time":1747032109,"admin_id":1,"srcode":"21-00001","admin_name":"Admin User","email":"admin@admin.com","is_super_admin":true,"usertype":"admin"}
[12-May-2025 09:04:34 Europe/Berlin] Session already active in TokenHandler. Session ID: 0kpcqpq133luhqo0577f2kc8t0
[12-May-2025 09:04:34 Europe/Berlin] Current session data: {"csrf_token":"24ca9ebf686d1616f8118dc8a9760d2c940936d2dc51e4fde0f2992a488d4eb3","csrf_token_time":1747032109,"admin_id":1,"srcode":"21-00001","admin_name":"Admin User","email":"admin@admin.com","is_super_admin":true,"usertype":"admin"}
[12-May-2025 09:04:34 Europe/Berlin] Session already active in TokenHandler. Session ID: 0kpcqpq133luhqo0577f2kc8t0
[12-May-2025 09:04:34 Europe/Berlin] Current session data: {"csrf_token":"24ca9ebf686d1616f8118dc8a9760d2c940936d2dc51e4fde0f2992a488d4eb3","csrf_token_time":1747032109,"admin_id":1,"srcode":"21-00001","admin_name":"Admin User","email":"admin@admin.com","is_super_admin":true,"usertype":"admin"}
[12-May-2025 09:04:34 Europe/Berlin] Session already active in TokenHandler. Session ID: 0kpcqpq133luhqo0577f2kc8t0
[12-May-2025 09:04:34 Europe/Berlin] Current session data: {"csrf_token":"24ca9ebf686d1616f8118dc8a9760d2c940936d2dc51e4fde0f2992a488d4eb3","csrf_token_time":1747032109,"admin_id":1,"srcode":"21-00001","admin_name":"Admin User","email":"admin@admin.com","is_super_admin":true,"usertype":"admin"}
[12-May-2025 09:10:19 Europe/Berlin] Session already active in TokenHandler. Session ID: 0kpcqpq133luhqo0577f2kc8t0
[12-May-2025 09:10:19 Europe/Berlin] Current session data: {"csrf_token":"24ca9ebf686d1616f8118dc8a9760d2c940936d2dc51e4fde0f2992a488d4eb3","csrf_token_time":1747032109,"admin_id":1,"srcode":"21-00001","admin_name":"Admin User","email":"admin@admin.com","is_super_admin":true,"usertype":"admin"}
[12-May-2025 09:10:19 Europe/Berlin] Session already active in TokenHandler. Session ID: 0kpcqpq133luhqo0577f2kc8t0
[12-May-2025 09:10:19 Europe/Berlin] Current session data: {"csrf_token":"24ca9ebf686d1616f8118dc8a9760d2c940936d2dc51e4fde0f2992a488d4eb3","csrf_token_time":1747032109,"admin_id":1,"srcode":"21-00001","admin_name":"Admin User","email":"admin@admin.com","is_super_admin":true,"usertype":"admin"}
[12-May-2025 09:10:19 Europe/Berlin] Session already active in TokenHandler. Session ID: 0kpcqpq133luhqo0577f2kc8t0
[12-May-2025 09:10:19 Europe/Berlin] Current session data: {"csrf_token":"24ca9ebf686d1616f8118dc8a9760d2c940936d2dc51e4fde0f2992a488d4eb3","csrf_token_time":1747032109,"admin_id":1,"srcode":"21-00001","admin_name":"Admin User","email":"admin@admin.com","is_super_admin":true,"usertype":"admin"}
[12-May-2025 09:10:19 Europe/Berlin] Session already active in TokenHandler. Session ID: 0kpcqpq133luhqo0577f2kc8t0
[12-May-2025 09:10:19 Europe/Berlin] Current session data: {"csrf_token":"24ca9ebf686d1616f8118dc8a9760d2c940936d2dc51e4fde0f2992a488d4eb3","csrf_token_time":1747032109,"admin_id":1,"srcode":"21-00001","admin_name":"Admin User","email":"admin@admin.com","is_super_admin":true,"usertype":"admin"}
[12-May-2025 09:12:12 Europe/Berlin] Session already active in TokenHandler. Session ID: 0kpcqpq133luhqo0577f2kc8t0
[12-May-2025 09:12:12 Europe/Berlin] Current session data: {"csrf_token":"24ca9ebf686d1616f8118dc8a9760d2c940936d2dc51e4fde0f2992a488d4eb3","csrf_token_time":1747032109,"admin_id":1,"srcode":"21-00001","admin_name":"Admin User","email":"admin@admin.com","is_super_admin":true,"usertype":"admin"}
[12-May-2025 09:12:12 Europe/Berlin] Session already active in TokenHandler. Session ID: 0kpcqpq133luhqo0577f2kc8t0
[12-May-2025 09:12:12 Europe/Berlin] Current session data: {"csrf_token":"24ca9ebf686d1616f8118dc8a9760d2c940936d2dc51e4fde0f2992a488d4eb3","csrf_token_time":1747032109,"admin_id":1,"srcode":"21-00001","admin_name":"Admin User","email":"admin@admin.com","is_super_admin":true,"usertype":"admin"}
[12-May-2025 09:12:12 Europe/Berlin] Session already active in TokenHandler. Session ID: 0kpcqpq133luhqo0577f2kc8t0
[12-May-2025 09:12:12 Europe/Berlin] Current session data: {"csrf_token":"24ca9ebf686d1616f8118dc8a9760d2c940936d2dc51e4fde0f2992a488d4eb3","csrf_token_time":1747032109,"admin_id":1,"srcode":"21-00001","admin_name":"Admin User","email":"admin@admin.com","is_super_admin":true,"usertype":"admin"}
[12-May-2025 09:12:12 Europe/Berlin] Session already active in TokenHandler. Session ID: 0kpcqpq133luhqo0577f2kc8t0
[12-May-2025 09:12:12 Europe/Berlin] Current session data: {"csrf_token":"24ca9ebf686d1616f8118dc8a9760d2c940936d2dc51e4fde0f2992a488d4eb3","csrf_token_time":1747032109,"admin_id":1,"srcode":"21-00001","admin_name":"Admin User","email":"admin@admin.com","is_super_admin":true,"usertype":"admin"}
[12-May-2025 09:18:05 Europe/Berlin] Session already active in TokenHandler. Session ID: 0kpcqpq133luhqo0577f2kc8t0
[12-May-2025 09:18:05 Europe/Berlin] Current session data: {"csrf_token":"24ca9ebf686d1616f8118dc8a9760d2c940936d2dc51e4fde0f2992a488d4eb3","csrf_token_time":1747032109,"admin_id":1,"srcode":"21-00001","admin_name":"Admin User","email":"admin@admin.com","is_super_admin":true,"usertype":"admin"}
[12-May-2025 09:18:05 Europe/Berlin] Session already active in TokenHandler. Session ID: 0kpcqpq133luhqo0577f2kc8t0
[12-May-2025 09:18:05 Europe/Berlin] Current session data: {"csrf_token":"24ca9ebf686d1616f8118dc8a9760d2c940936d2dc51e4fde0f2992a488d4eb3","csrf_token_time":1747032109,"admin_id":1,"srcode":"21-00001","admin_name":"Admin User","email":"admin@admin.com","is_super_admin":true,"usertype":"admin"}
[12-May-2025 09:18:05 Europe/Berlin] Session already active in TokenHandler. Session ID: 0kpcqpq133luhqo0577f2kc8t0
[12-May-2025 09:18:05 Europe/Berlin] Current session data: {"csrf_token":"24ca9ebf686d1616f8118dc8a9760d2c940936d2dc51e4fde0f2992a488d4eb3","csrf_token_time":1747032109,"admin_id":1,"srcode":"21-00001","admin_name":"Admin User","email":"admin@admin.com","is_super_admin":true,"usertype":"admin"}
[12-May-2025 09:18:05 Europe/Berlin] Session already active in TokenHandler. Session ID: 0kpcqpq133luhqo0577f2kc8t0
[12-May-2025 09:18:05 Europe/Berlin] Current session data: {"csrf_token":"24ca9ebf686d1616f8118dc8a9760d2c940936d2dc51e4fde0f2992a488d4eb3","csrf_token_time":1747032109,"admin_id":1,"srcode":"21-00001","admin_name":"Admin User","email":"admin@admin.com","is_super_admin":true,"usertype":"admin"}
[12-May-2025 09:19:52 Europe/Berlin] Session already active in TokenHandler. Session ID: 0kpcqpq133luhqo0577f2kc8t0
[12-May-2025 09:19:52 Europe/Berlin] Current session data: {"csrf_token":"17d5c83b2aa51447df748191727be727fa1b744f818cdfc5c7604642460c570a","csrf_token_time":1747032109,"admin_id":1,"srcode":"21-00001","admin_name":"Admin User","email":"admin@admin.com","is_super_admin":true,"usertype":"admin"}
[12-May-2025 09:19:52 Europe/Berlin] Session already active in TokenHandler. Session ID: 0kpcqpq133luhqo0577f2kc8t0
[12-May-2025 09:19:52 Europe/Berlin] Current session data: {"csrf_token":"17d5c83b2aa51447df748191727be727fa1b744f818cdfc5c7604642460c570a","csrf_token_time":1747032109,"admin_id":1,"srcode":"21-00001","admin_name":"Admin User","email":"admin@admin.com","is_super_admin":true,"usertype":"admin"}
[12-May-2025 09:19:57 Europe/Berlin] Session already active in TokenHandler. Session ID: 0kpcqpq133luhqo0577f2kc8t0
[12-May-2025 09:19:57 Europe/Berlin] Current session data: {"csrf_token":"17d5c83b2aa51447df748191727be727fa1b744f818cdfc5c7604642460c570a","csrf_token_time":1747032109,"admin_id":1,"srcode":"21-00001","admin_name":"Admin User","email":"admin@admin.com","is_super_admin":true,"usertype":"admin"}
[12-May-2025 09:19:57 Europe/Berlin] Session already active in TokenHandler. Session ID: 0kpcqpq133luhqo0577f2kc8t0
[12-May-2025 09:19:57 Europe/Berlin] Current session data: {"csrf_token":"17d5c83b2aa51447df748191727be727fa1b744f818cdfc5c7604642460c570a","csrf_token_time":1747032109,"admin_id":1,"srcode":"21-00001","admin_name":"Admin User","email":"admin@admin.com","is_super_admin":true,"usertype":"admin"}
[12-May-2025 09:19:57 Europe/Berlin] Session already active in TokenHandler. Session ID: 0kpcqpq133luhqo0577f2kc8t0
[12-May-2025 09:19:57 Europe/Berlin] Current session data: {"csrf_token":"17d5c83b2aa51447df748191727be727fa1b744f818cdfc5c7604642460c570a","csrf_token_time":1747032109,"admin_id":1,"srcode":"21-00001","admin_name":"Admin User","email":"admin@admin.com","is_super_admin":true,"usertype":"admin"}
[12-May-2025 09:19:57 Europe/Berlin] Session already active in TokenHandler. Session ID: 0kpcqpq133luhqo0577f2kc8t0
[12-May-2025 09:19:57 Europe/Berlin] Current session data: {"csrf_token":"17d5c83b2aa51447df748191727be727fa1b744f818cdfc5c7604642460c570a","csrf_token_time":1747032109,"admin_id":1,"srcode":"21-00001","admin_name":"Admin User","email":"admin@admin.com","is_super_admin":true,"usertype":"admin"}
[12-May-2025 09:20:00 Europe/Berlin] Session already active in TokenHandler. Session ID: 0kpcqpq133luhqo0577f2kc8t0
[12-May-2025 09:20:00 Europe/Berlin] Current session data: {"csrf_token":"17d5c83b2aa51447df748191727be727fa1b744f818cdfc5c7604642460c570a","csrf_token_time":1747032109,"admin_id":1,"srcode":"21-00001","admin_name":"Admin User","email":"admin@admin.com","is_super_admin":true,"usertype":"admin"}
[12-May-2025 09:20:00 Europe/Berlin] Session already active in TokenHandler. Session ID: 0kpcqpq133luhqo0577f2kc8t0
[12-May-2025 09:20:00 Europe/Berlin] Current session data: {"csrf_token":"17d5c83b2aa51447df748191727be727fa1b744f818cdfc5c7604642460c570a","csrf_token_time":1747032109,"admin_id":1,"srcode":"21-00001","admin_name":"Admin User","email":"admin@admin.com","is_super_admin":true,"usertype":"admin"}
[12-May-2025 09:20:00 Europe/Berlin] Session already active in TokenHandler. Session ID: 0kpcqpq133luhqo0577f2kc8t0
[12-May-2025 09:20:00 Europe/Berlin] Current session data: {"csrf_token":"17d5c83b2aa51447df748191727be727fa1b744f818cdfc5c7604642460c570a","csrf_token_time":1747032109,"admin_id":1,"srcode":"21-00001","admin_name":"Admin User","email":"admin@admin.com","is_super_admin":true,"usertype":"admin"}
[12-May-2025 09:20:00 Europe/Berlin] Session already active in TokenHandler. Session ID: 0kpcqpq133luhqo0577f2kc8t0
[12-May-2025 09:20:00 Europe/Berlin] Current session data: {"csrf_token":"17d5c83b2aa51447df748191727be727fa1b744f818cdfc5c7604642460c570a","csrf_token_time":1747032109,"admin_id":1,"srcode":"21-00001","admin_name":"Admin User","email":"admin@admin.com","is_super_admin":true,"usertype":"admin"}
[12-May-2025 09:20:17 Europe/Berlin] Starting CSRF validation for action: addCompany
[12-May-2025 09:20:17 Europe/Berlin] Received token: 17d5c83b2aa51447df748191727be727fa1b744f818cdfc5c7604642460c570a
[12-May-2025 09:20:17 Europe/Berlin] Current session status: 2
[12-May-2025 09:20:17 Europe/Berlin] Session ID: 0kpcqpq133luhqo0577f2kc8t0
[12-May-2025 09:20:17 Europe/Berlin] Session already active in TokenHandler. Session ID: 0kpcqpq133luhqo0577f2kc8t0
[12-May-2025 09:20:17 Europe/Berlin] Current session data: {"csrf_token":"17d5c83b2aa51447df748191727be727fa1b744f818cdfc5c7604642460c570a","csrf_token_time":1747032109,"admin_id":1,"srcode":"21-00001","admin_name":"Admin User","email":"admin@admin.com","is_super_admin":true,"usertype":"admin"}
[12-May-2025 09:20:17 Europe/Berlin] Session already active in TokenHandler. Session ID: 0kpcqpq133luhqo0577f2kc8t0
[12-May-2025 09:20:17 Europe/Berlin] Current session data: {"csrf_token":"17d5c83b2aa51447df748191727be727fa1b744f818cdfc5c7604642460c570a","csrf_token_time":1747032109,"admin_id":1,"srcode":"21-00001","admin_name":"Admin User","email":"admin@admin.com","is_super_admin":true,"usertype":"admin"}
[12-May-2025 09:20:17 Europe/Berlin] CSRF validation successful for action: addCompany
[12-May-2025 09:20:17 Europe/Berlin] Session already active in TokenHandler. Session ID: 0kpcqpq133luhqo0577f2kc8t0
[12-May-2025 09:20:17 Europe/Berlin] Current session data: {"csrf_token":"cd71733e1586034ae33e4839f2c04f83f216853ce8039d27e6e2cef289429b7b","csrf_token_time":1747034417,"admin_id":1,"srcode":"21-00001","admin_name":"Admin User","email":"admin@admin.com","is_super_admin":true,"usertype":"admin"}
[12-May-2025 09:20:18 Europe/Berlin] Session already active in TokenHandler. Session ID: 0kpcqpq133luhqo0577f2kc8t0
[12-May-2025 09:20:18 Europe/Berlin] Current session data: {"csrf_token":"cd71733e1586034ae33e4839f2c04f83f216853ce8039d27e6e2cef289429b7b","csrf_token_time":1747034417,"admin_id":1,"srcode":"21-00001","admin_name":"Admin User","email":"admin@admin.com","is_super_admin":true,"usertype":"admin"}
[12-May-2025 09:20:18 Europe/Berlin] Session already active in TokenHandler. Session ID: 0kpcqpq133luhqo0577f2kc8t0
[12-May-2025 09:20:18 Europe/Berlin] Current session data: {"csrf_token":"cd71733e1586034ae33e4839f2c04f83f216853ce8039d27e6e2cef289429b7b","csrf_token_time":1747034417,"admin_id":1,"srcode":"21-00001","admin_name":"Admin User","email":"admin@admin.com","is_super_admin":true,"usertype":"admin"}
[12-May-2025 09:20:18 Europe/Berlin] Session already active in TokenHandler. Session ID: 0kpcqpq133luhqo0577f2kc8t0
[12-May-2025 09:20:18 Europe/Berlin] Current session data: {"csrf_token":"cd71733e1586034ae33e4839f2c04f83f216853ce8039d27e6e2cef289429b7b","csrf_token_time":1747034417,"admin_id":1,"srcode":"21-00001","admin_name":"Admin User","email":"admin@admin.com","is_super_admin":true,"usertype":"admin"}
[12-May-2025 09:20:18 Europe/Berlin] Session already active in TokenHandler. Session ID: 0kpcqpq133luhqo0577f2kc8t0
[12-May-2025 09:20:18 Europe/Berlin] Current session data: {"csrf_token":"cd71733e1586034ae33e4839f2c04f83f216853ce8039d27e6e2cef289429b7b","csrf_token_time":1747034417,"admin_id":1,"srcode":"21-00001","admin_name":"Admin User","email":"admin@admin.com","is_super_admin":true,"usertype":"admin"}
[12-May-2025 09:20:19 Europe/Berlin] Session already active in TokenHandler. Session ID: 0kpcqpq133luhqo0577f2kc8t0
[12-May-2025 09:20:19 Europe/Berlin] Current session data: {"csrf_token":"cd71733e1586034ae33e4839f2c04f83f216853ce8039d27e6e2cef289429b7b","csrf_token_time":1747034417,"admin_id":1,"srcode":"21-00001","admin_name":"Admin User","email":"admin@admin.com","is_super_admin":true,"usertype":"admin"}
[12-May-2025 09:20:19 Europe/Berlin] Session already active in TokenHandler. Session ID: 0kpcqpq133luhqo0577f2kc8t0
[12-May-2025 09:20:19 Europe/Berlin] Current session data: {"csrf_token":"cd71733e1586034ae33e4839f2c04f83f216853ce8039d27e6e2cef289429b7b","csrf_token_time":1747034417,"admin_id":1,"srcode":"21-00001","admin_name":"Admin User","email":"admin@admin.com","is_super_admin":true,"usertype":"admin"}
[12-May-2025 09:20:19 Europe/Berlin] Session already active in TokenHandler. Session ID: 0kpcqpq133luhqo0577f2kc8t0
[12-May-2025 09:20:19 Europe/Berlin] Current session data: {"csrf_token":"cd71733e1586034ae33e4839f2c04f83f216853ce8039d27e6e2cef289429b7b","csrf_token_time":1747034417,"admin_id":1,"srcode":"21-00001","admin_name":"Admin User","email":"admin@admin.com","is_super_admin":true,"usertype":"admin"}
[12-May-2025 09:20:19 Europe/Berlin] Session already active in TokenHandler. Session ID: 0kpcqpq133luhqo0577f2kc8t0
[12-May-2025 09:20:19 Europe/Berlin] Current session data: {"csrf_token":"cd71733e1586034ae33e4839f2c04f83f216853ce8039d27e6e2cef289429b7b","csrf_token_time":1747034417,"admin_id":1,"srcode":"21-00001","admin_name":"Admin User","email":"admin@admin.com","is_super_admin":true,"usertype":"admin"}
[12-May-2025 09:20:43 Europe/Berlin] Starting CSRF validation for action: addJobListing
[12-May-2025 09:20:43 Europe/Berlin] Received token: cd71733e1586034ae33e4839f2c04f83f216853ce8039d27e6e2cef289429b7b
[12-May-2025 09:20:43 Europe/Berlin] Current session status: 2
[12-May-2025 09:20:43 Europe/Berlin] Session ID: 0kpcqpq133luhqo0577f2kc8t0
[12-May-2025 09:20:43 Europe/Berlin] Session already active in TokenHandler. Session ID: 0kpcqpq133luhqo0577f2kc8t0
[12-May-2025 09:20:43 Europe/Berlin] Current session data: {"csrf_token":"cd71733e1586034ae33e4839f2c04f83f216853ce8039d27e6e2cef289429b7b","csrf_token_time":1747034417,"admin_id":1,"srcode":"21-00001","admin_name":"Admin User","email":"admin@admin.com","is_super_admin":true,"usertype":"admin"}
[12-May-2025 09:20:43 Europe/Berlin] CSRF validation successful for action: addJobListing
[12-May-2025 09:20:43 Europe/Berlin] Session already active in TokenHandler. Session ID: 0kpcqpq133luhqo0577f2kc8t0
[12-May-2025 09:20:43 Europe/Berlin] Current session data: {"csrf_token":"cd71733e1586034ae33e4839f2c04f83f216853ce8039d27e6e2cef289429b7b","csrf_token_time":1747034417,"admin_id":1,"srcode":"21-00001","admin_name":"Admin User","email":"admin@admin.com","is_super_admin":true,"usertype":"admin"}
[12-May-2025 09:20:44 Europe/Berlin] Session already active in TokenHandler. Session ID: 0kpcqpq133luhqo0577f2kc8t0
[12-May-2025 09:20:44 Europe/Berlin] Current session data: {"csrf_token":"cd71733e1586034ae33e4839f2c04f83f216853ce8039d27e6e2cef289429b7b","csrf_token_time":1747034417,"admin_id":1,"srcode":"21-00001","admin_name":"Admin User","email":"admin@admin.com","is_super_admin":true,"usertype":"admin"}
[12-May-2025 09:20:44 Europe/Berlin] Session already active in TokenHandler. Session ID: 0kpcqpq133luhqo0577f2kc8t0
[12-May-2025 09:20:44 Europe/Berlin] Current session data: {"csrf_token":"cd71733e1586034ae33e4839f2c04f83f216853ce8039d27e6e2cef289429b7b","csrf_token_time":1747034417,"admin_id":1,"srcode":"21-00001","admin_name":"Admin User","email":"admin@admin.com","is_super_admin":true,"usertype":"admin"}
[12-May-2025 09:20:44 Europe/Berlin] Session already active in TokenHandler. Session ID: 0kpcqpq133luhqo0577f2kc8t0
[12-May-2025 09:20:44 Europe/Berlin] Current session data: {"csrf_token":"cd71733e1586034ae33e4839f2c04f83f216853ce8039d27e6e2cef289429b7b","csrf_token_time":1747034417,"admin_id":1,"srcode":"21-00001","admin_name":"Admin User","email":"admin@admin.com","is_super_admin":true,"usertype":"admin"}
[12-May-2025 09:20:44 Europe/Berlin] Session already active in TokenHandler. Session ID: 0kpcqpq133luhqo0577f2kc8t0
[12-May-2025 09:20:44 Europe/Berlin] Current session data: {"csrf_token":"cd71733e1586034ae33e4839f2c04f83f216853ce8039d27e6e2cef289429b7b","csrf_token_time":1747034417,"admin_id":1,"srcode":"21-00001","admin_name":"Admin User","email":"admin@admin.com","is_super_admin":true,"usertype":"admin"}
[12-May-2025 09:20:45 Europe/Berlin] Starting CSRF validation for action: getJobListing
[12-May-2025 09:20:45 Europe/Berlin] Received token: cd71733e1586034ae33e4839f2c04f83f216853ce8039d27e6e2cef289429b7b
[12-May-2025 09:20:45 Europe/Berlin] Current session status: 2
[12-May-2025 09:20:45 Europe/Berlin] Session ID: 0kpcqpq133luhqo0577f2kc8t0
[12-May-2025 09:20:45 Europe/Berlin] Session already active in TokenHandler. Session ID: 0kpcqpq133luhqo0577f2kc8t0
[12-May-2025 09:20:45 Europe/Berlin] Current session data: {"csrf_token":"cd71733e1586034ae33e4839f2c04f83f216853ce8039d27e6e2cef289429b7b","csrf_token_time":1747034417,"admin_id":1,"srcode":"21-00001","admin_name":"Admin User","email":"admin@admin.com","is_super_admin":true,"usertype":"admin"}
[12-May-2025 09:20:45 Europe/Berlin] CSRF validation successful for action: getJobListing
[12-May-2025 09:20:45 Europe/Berlin] Session already active in TokenHandler. Session ID: 0kpcqpq133luhqo0577f2kc8t0
[12-May-2025 09:20:45 Europe/Berlin] Current session data: {"csrf_token":"cd71733e1586034ae33e4839f2c04f83f216853ce8039d27e6e2cef289429b7b","csrf_token_time":1747034417,"admin_id":1,"srcode":"21-00001","admin_name":"Admin User","email":"admin@admin.com","is_super_admin":true,"usertype":"admin"}
[12-May-2025 09:20:48 Europe/Berlin] Starting CSRF validation for action: updateJobListing
[12-May-2025 09:20:48 Europe/Berlin] Received token: cd71733e1586034ae33e4839f2c04f83f216853ce8039d27e6e2cef289429b7b
[12-May-2025 09:20:48 Europe/Berlin] Current session status: 2
[12-May-2025 09:20:48 Europe/Berlin] Session ID: 0kpcqpq133luhqo0577f2kc8t0
[12-May-2025 09:20:48 Europe/Berlin] Session already active in TokenHandler. Session ID: 0kpcqpq133luhqo0577f2kc8t0
[12-May-2025 09:20:48 Europe/Berlin] Current session data: {"csrf_token":"cd71733e1586034ae33e4839f2c04f83f216853ce8039d27e6e2cef289429b7b","csrf_token_time":1747034417,"admin_id":1,"srcode":"21-00001","admin_name":"Admin User","email":"admin@admin.com","is_super_admin":true,"usertype":"admin"}
[12-May-2025 09:20:48 Europe/Berlin] CSRF validation successful for action: updateJobListing
[12-May-2025 09:20:48 Europe/Berlin] Session already active in TokenHandler. Session ID: 0kpcqpq133luhqo0577f2kc8t0
[12-May-2025 09:20:48 Europe/Berlin] Current session data: {"csrf_token":"cd71733e1586034ae33e4839f2c04f83f216853ce8039d27e6e2cef289429b7b","csrf_token_time":1747034417,"admin_id":1,"srcode":"21-00001","admin_name":"Admin User","email":"admin@admin.com","is_super_admin":true,"usertype":"admin"}
[12-May-2025 09:20:49 Europe/Berlin] Session already active in TokenHandler. Session ID: 0kpcqpq133luhqo0577f2kc8t0
[12-May-2025 09:20:49 Europe/Berlin] Current session data: {"csrf_token":"cd71733e1586034ae33e4839f2c04f83f216853ce8039d27e6e2cef289429b7b","csrf_token_time":1747034417,"admin_id":1,"srcode":"21-00001","admin_name":"Admin User","email":"admin@admin.com","is_super_admin":true,"usertype":"admin"}
[12-May-2025 09:20:49 Europe/Berlin] Session already active in TokenHandler. Session ID: 0kpcqpq133luhqo0577f2kc8t0
[12-May-2025 09:20:49 Europe/Berlin] Current session data: {"csrf_token":"cd71733e1586034ae33e4839f2c04f83f216853ce8039d27e6e2cef289429b7b","csrf_token_time":1747034417,"admin_id":1,"srcode":"21-00001","admin_name":"Admin User","email":"admin@admin.com","is_super_admin":true,"usertype":"admin"}
[12-May-2025 09:20:49 Europe/Berlin] Session already active in TokenHandler. Session ID: 0kpcqpq133luhqo0577f2kc8t0
[12-May-2025 09:20:49 Europe/Berlin] Current session data: {"csrf_token":"cd71733e1586034ae33e4839f2c04f83f216853ce8039d27e6e2cef289429b7b","csrf_token_time":1747034417,"admin_id":1,"srcode":"21-00001","admin_name":"Admin User","email":"admin@admin.com","is_super_admin":true,"usertype":"admin"}
[12-May-2025 09:20:49 Europe/Berlin] Session already active in TokenHandler. Session ID: 0kpcqpq133luhqo0577f2kc8t0
[12-May-2025 09:20:49 Europe/Berlin] Current session data: {"csrf_token":"cd71733e1586034ae33e4839f2c04f83f216853ce8039d27e6e2cef289429b7b","csrf_token_time":1747034417,"admin_id":1,"srcode":"21-00001","admin_name":"Admin User","email":"admin@admin.com","is_super_admin":true,"usertype":"admin"}
[12-May-2025 09:20:51 Europe/Berlin] Session already active in TokenHandler. Session ID: 0kpcqpq133luhqo0577f2kc8t0
[12-May-2025 09:20:51 Europe/Berlin] Current session data: {"csrf_token":"cd71733e1586034ae33e4839f2c04f83f216853ce8039d27e6e2cef289429b7b","csrf_token_time":1747034417,"admin_id":1,"srcode":"21-00001","admin_name":"Admin User","email":"admin@admin.com","is_super_admin":true,"usertype":"admin"}
[12-May-2025 09:20:51 Europe/Berlin] Session already active in TokenHandler. Session ID: 0kpcqpq133luhqo0577f2kc8t0
[12-May-2025 09:20:51 Europe/Berlin] Current session data: {"csrf_token":"cd71733e1586034ae33e4839f2c04f83f216853ce8039d27e6e2cef289429b7b","csrf_token_time":1747034417,"admin_id":1,"srcode":"21-00001","admin_name":"Admin User","email":"admin@admin.com","is_super_admin":true,"usertype":"admin"}
[12-May-2025 09:20:52 Europe/Berlin] Session already active in TokenHandler. Session ID: 0kpcqpq133luhqo0577f2kc8t0
[12-May-2025 09:20:52 Europe/Berlin] Current session data: {"csrf_token":"cd71733e1586034ae33e4839f2c04f83f216853ce8039d27e6e2cef289429b7b","csrf_token_time":1747034417,"admin_id":1,"srcode":"21-00001","admin_name":"Admin User","email":"admin@admin.com","is_super_admin":true,"usertype":"admin"}
[12-May-2025 09:20:52 Europe/Berlin] Session already active in TokenHandler. Session ID: 0kpcqpq133luhqo0577f2kc8t0
[12-May-2025 09:20:52 Europe/Berlin] Current session data: {"csrf_token":"cd71733e1586034ae33e4839f2c04f83f216853ce8039d27e6e2cef289429b7b","csrf_token_time":1747034417,"admin_id":1,"srcode":"21-00001","admin_name":"Admin User","email":"admin@admin.com","is_super_admin":true,"usertype":"admin"}
[12-May-2025 09:20:52 Europe/Berlin] Session already active in TokenHandler. Session ID: 0kpcqpq133luhqo0577f2kc8t0
[12-May-2025 09:20:52 Europe/Berlin] Current session data: {"csrf_token":"cd71733e1586034ae33e4839f2c04f83f216853ce8039d27e6e2cef289429b7b","csrf_token_time":1747034417,"admin_id":1,"srcode":"21-00001","admin_name":"Admin User","email":"admin@admin.com","is_super_admin":true,"usertype":"admin"}
[12-May-2025 09:20:52 Europe/Berlin] Session already active in TokenHandler. Session ID: 0kpcqpq133luhqo0577f2kc8t0
[12-May-2025 09:20:52 Europe/Berlin] Current session data: {"csrf_token":"cd71733e1586034ae33e4839f2c04f83f216853ce8039d27e6e2cef289429b7b","csrf_token_time":1747034417,"admin_id":1,"srcode":"21-00001","admin_name":"Admin User","email":"admin@admin.com","is_super_admin":true,"usertype":"admin"}
[12-May-2025 09:20:57 Europe/Berlin] Session already active in TokenHandler. Session ID: 0kpcqpq133luhqo0577f2kc8t0
[12-May-2025 09:20:57 Europe/Berlin] Current session data: {"csrf_token":"cd71733e1586034ae33e4839f2c04f83f216853ce8039d27e6e2cef289429b7b","csrf_token_time":1747034417,"admin_id":1,"srcode":"21-00001","admin_name":"Admin User","email":"admin@admin.com","is_super_admin":true,"usertype":"admin"}
[12-May-2025 09:20:57 Europe/Berlin] Session already active in TokenHandler. Session ID: 0kpcqpq133luhqo0577f2kc8t0
[12-May-2025 09:20:57 Europe/Berlin] Current session data: {"csrf_token":"cd71733e1586034ae33e4839f2c04f83f216853ce8039d27e6e2cef289429b7b","csrf_token_time":1747034417,"admin_id":1,"srcode":"21-00001","admin_name":"Admin User","email":"admin@admin.com","is_super_admin":true,"usertype":"admin"}
[12-May-2025 09:20:57 Europe/Berlin] Session already active in TokenHandler. Session ID: 0kpcqpq133luhqo0577f2kc8t0
[12-May-2025 09:20:57 Europe/Berlin] Current session data: {"csrf_token":"cd71733e1586034ae33e4839f2c04f83f216853ce8039d27e6e2cef289429b7b","csrf_token_time":1747034417,"admin_id":1,"srcode":"21-00001","admin_name":"Admin User","email":"admin@admin.com","is_super_admin":true,"usertype":"admin"}
[12-May-2025 09:20:57 Europe/Berlin] Session already active in TokenHandler. Session ID: 0kpcqpq133luhqo0577f2kc8t0
[12-May-2025 09:20:57 Europe/Berlin] Current session data: {"csrf_token":"cd71733e1586034ae33e4839f2c04f83f216853ce8039d27e6e2cef289429b7b","csrf_token_time":1747034417,"admin_id":1,"srcode":"21-00001","admin_name":"Admin User","email":"admin@admin.com","is_super_admin":true,"usertype":"admin"}
[12-May-2025 09:21:06 Europe/Berlin] Session already active in TokenHandler. Session ID: 0kpcqpq133luhqo0577f2kc8t0
[12-May-2025 09:21:06 Europe/Berlin] Current session data: {"csrf_token":"cd71733e1586034ae33e4839f2c04f83f216853ce8039d27e6e2cef289429b7b","csrf_token_time":1747034417,"admin_id":1,"srcode":"21-00001","admin_name":"Admin User","email":"admin@admin.com","is_super_admin":true,"usertype":"admin"}
[12-May-2025 09:25:58 Europe/Berlin] Session already active in TokenHandler. Session ID: 0kpcqpq133luhqo0577f2kc8t0
[12-May-2025 09:25:58 Europe/Berlin] Current session data: {"csrf_token":"cd71733e1586034ae33e4839f2c04f83f216853ce8039d27e6e2cef289429b7b","csrf_token_time":1747034417,"admin_id":1,"srcode":"21-00001","admin_name":"Admin User","email":"admin@admin.com","is_super_admin":true,"usertype":"admin"}
[12-May-2025 09:25:58 Europe/Berlin] Session already active in TokenHandler. Session ID: 0kpcqpq133luhqo0577f2kc8t0
[12-May-2025 09:25:58 Europe/Berlin] Current session data: {"csrf_token":"cd71733e1586034ae33e4839f2c04f83f216853ce8039d27e6e2cef289429b7b","csrf_token_time":1747034417,"admin_id":1,"srcode":"21-00001","admin_name":"Admin User","email":"admin@admin.com","is_super_admin":true,"usertype":"admin"}
[12-May-2025 09:25:58 Europe/Berlin] Session already active in TokenHandler. Session ID: 0kpcqpq133luhqo0577f2kc8t0
[12-May-2025 09:25:58 Europe/Berlin] Current session data: {"csrf_token":"cd71733e1586034ae33e4839f2c04f83f216853ce8039d27e6e2cef289429b7b","csrf_token_time":1747034417,"admin_id":1,"srcode":"21-00001","admin_name":"Admin User","email":"admin@admin.com","is_super_admin":true,"usertype":"admin"}
[12-May-2025 09:25:59 Europe/Berlin] Session already active in TokenHandler. Session ID: 0kpcqpq133luhqo0577f2kc8t0
[12-May-2025 09:25:59 Europe/Berlin] Current session data: {"csrf_token":"cd71733e1586034ae33e4839f2c04f83f216853ce8039d27e6e2cef289429b7b","csrf_token_time":1747034417,"admin_id":1,"srcode":"21-00001","admin_name":"Admin User","email":"admin@admin.com","is_super_admin":true,"usertype":"admin"}
[12-May-2025 09:26:05 Europe/Berlin] Session already active in TokenHandler. Session ID: 0kpcqpq133luhqo0577f2kc8t0
[12-May-2025 09:26:05 Europe/Berlin] Current session data: {"csrf_token":"cd71733e1586034ae33e4839f2c04f83f216853ce8039d27e6e2cef289429b7b","csrf_token_time":1747034417,"admin_id":1,"srcode":"21-00001","admin_name":"Admin User","email":"admin@admin.com","is_super_admin":true,"usertype":"admin"}
[12-May-2025 09:26:18 Europe/Berlin] Session already active in TokenHandler. Session ID: 0kpcqpq133luhqo0577f2kc8t0
[12-May-2025 09:26:18 Europe/Berlin] Current session data: {"csrf_token":"cd71733e1586034ae33e4839f2c04f83f216853ce8039d27e6e2cef289429b7b","csrf_token_time":1747034417,"admin_id":1,"srcode":"21-00001","admin_name":"Admin User","email":"admin@admin.com","is_super_admin":true,"usertype":"admin"}
[12-May-2025 09:26:18 Europe/Berlin] Session already active in TokenHandler. Session ID: 0kpcqpq133luhqo0577f2kc8t0
[12-May-2025 09:26:18 Europe/Berlin] Current session data: {"csrf_token":"cd71733e1586034ae33e4839f2c04f83f216853ce8039d27e6e2cef289429b7b","csrf_token_time":1747034417,"admin_id":1,"srcode":"21-00001","admin_name":"Admin User","email":"admin@admin.com","is_super_admin":true,"usertype":"admin"}
[12-May-2025 09:26:21 Europe/Berlin] Session already active in TokenHandler. Session ID: 0kpcqpq133luhqo0577f2kc8t0
[12-May-2025 09:26:21 Europe/Berlin] Current session data: {"csrf_token":"cd71733e1586034ae33e4839f2c04f83f216853ce8039d27e6e2cef289429b7b","csrf_token_time":1747034417,"admin_id":1,"srcode":"21-00001","admin_name":"Admin User","email":"admin@admin.com","is_super_admin":true,"usertype":"admin"}
[12-May-2025 09:26:21 Europe/Berlin] Session already active in TokenHandler. Session ID: 0kpcqpq133luhqo0577f2kc8t0
[12-May-2025 09:26:21 Europe/Berlin] Current session data: {"csrf_token":"cd71733e1586034ae33e4839f2c04f83f216853ce8039d27e6e2cef289429b7b","csrf_token_time":1747034417,"admin_id":1,"srcode":"21-00001","admin_name":"Admin User","email":"admin@admin.com","is_super_admin":true,"usertype":"admin"}
[12-May-2025 09:32:06 Europe/Berlin] Session already active in TokenHandler. Session ID: 0kpcqpq133luhqo0577f2kc8t0
[12-May-2025 09:32:06 Europe/Berlin] Current session data: {"csrf_token":"cd71733e1586034ae33e4839f2c04f83f216853ce8039d27e6e2cef289429b7b","csrf_token_time":1747034417,"admin_id":1,"srcode":"21-00001","admin_name":"Admin User","email":"admin@admin.com","is_super_admin":true,"usertype":"admin"}
[12-May-2025 09:32:06 Europe/Berlin] Session already active in TokenHandler. Session ID: 0kpcqpq133luhqo0577f2kc8t0
[12-May-2025 09:32:06 Europe/Berlin] Current session data: {"csrf_token":"cd71733e1586034ae33e4839f2c04f83f216853ce8039d27e6e2cef289429b7b","csrf_token_time":1747034417,"admin_id":1,"srcode":"21-00001","admin_name":"Admin User","email":"admin@admin.com","is_super_admin":true,"usertype":"admin"}
[12-May-2025 09:32:18 Europe/Berlin] Session already active in TokenHandler. Session ID: 0kpcqpq133luhqo0577f2kc8t0
[12-May-2025 09:32:18 Europe/Berlin] Current session data: {"csrf_token":"cd71733e1586034ae33e4839f2c04f83f216853ce8039d27e6e2cef289429b7b","csrf_token_time":1747034417,"admin_id":1,"srcode":"23-32966","admin_name":"Admin User","email":"23-32966@g.batstate-u.edu.ph","is_super_admin":true,"usertype":"user","student_id":1,"student_name":"Lourence Reguis","course_id":1,"section":"2201"}
[12-May-2025 09:32:18 Europe/Berlin] Session already active in TokenHandler. Session ID: 0kpcqpq133luhqo0577f2kc8t0
[12-May-2025 09:32:18 Europe/Berlin] Current session data: {"csrf_token":"cd71733e1586034ae33e4839f2c04f83f216853ce8039d27e6e2cef289429b7b","csrf_token_time":1747034417,"admin_id":1,"srcode":"23-32966","admin_name":"Admin User","email":"23-32966@g.batstate-u.edu.ph","is_super_admin":true,"usertype":"user","student_id":1,"student_name":"Lourence Reguis","course_id":1,"section":"2201"}
[12-May-2025 09:32:20 Europe/Berlin] Session already active in TokenHandler. Session ID: 0kpcqpq133luhqo0577f2kc8t0
[12-May-2025 09:32:20 Europe/Berlin] Current session data: {"csrf_token":"cd71733e1586034ae33e4839f2c04f83f216853ce8039d27e6e2cef289429b7b","csrf_token_time":1747034417,"admin_id":1,"srcode":"23-32966","admin_name":"Admin User","email":"23-32966@g.batstate-u.edu.ph","is_super_admin":true,"usertype":"user","student_id":1,"student_name":"Lourence Reguis","course_id":1,"section":"2201"}
[12-May-2025 09:32:20 Europe/Berlin] Session already active in TokenHandler. Session ID: 0kpcqpq133luhqo0577f2kc8t0
[12-May-2025 09:32:20 Europe/Berlin] Current session data: {"csrf_token":"cd71733e1586034ae33e4839f2c04f83f216853ce8039d27e6e2cef289429b7b","csrf_token_time":1747034417,"admin_id":1,"srcode":"23-32966","admin_name":"Admin User","email":"23-32966@g.batstate-u.edu.ph","is_super_admin":true,"usertype":"user","student_id":1,"student_name":"Lourence Reguis","course_id":1,"section":"2201"}
[12-May-2025 09:32:33 Europe/Berlin] Session already active in TokenHandler. Session ID: 0kpcqpq133luhqo0577f2kc8t0
[12-May-2025 09:32:33 Europe/Berlin] Current session data: {"csrf_token":"cd71733e1586034ae33e4839f2c04f83f216853ce8039d27e6e2cef289429b7b","csrf_token_time":1747034417,"admin_id":1,"srcode":"23-32966","admin_name":"Admin User","email":"23-32966@g.batstate-u.edu.ph","is_super_admin":true,"usertype":"user","student_id":1,"student_name":"Lourence Reguis","course_id":1,"section":"2201"}
[12-May-2025 09:32:33 Europe/Berlin] Session already active in TokenHandler. Session ID: 0kpcqpq133luhqo0577f2kc8t0
[12-May-2025 09:32:33 Europe/Berlin] Current session data: {"csrf_token":"cd71733e1586034ae33e4839f2c04f83f216853ce8039d27e6e2cef289429b7b","csrf_token_time":1747034417,"admin_id":1,"srcode":"23-32966","admin_name":"Admin User","email":"23-32966@g.batstate-u.edu.ph","is_super_admin":true,"usertype":"user","student_id":1,"student_name":"Lourence Reguis","course_id":1,"section":"2201"}
[12-May-2025 09:32:35 Europe/Berlin] Session already active in TokenHandler. Session ID: 0kpcqpq133luhqo0577f2kc8t0
[12-May-2025 09:32:35 Europe/Berlin] Current session data: {"csrf_token":"cd71733e1586034ae33e4839f2c04f83f216853ce8039d27e6e2cef289429b7b","csrf_token_time":1747034417,"admin_id":1,"srcode":"23-32966","admin_name":"Admin User","email":"23-32966@g.batstate-u.edu.ph","is_super_admin":true,"usertype":"user","student_id":1,"student_name":"Lourence Reguis","course_id":1,"section":"2201"}
[12-May-2025 09:32:35 Europe/Berlin] Session already active in TokenHandler. Session ID: 0kpcqpq133luhqo0577f2kc8t0
[12-May-2025 09:32:35 Europe/Berlin] Current session data: {"csrf_token":"cd71733e1586034ae33e4839f2c04f83f216853ce8039d27e6e2cef289429b7b","csrf_token_time":1747034417,"admin_id":1,"srcode":"23-32966","admin_name":"Admin User","email":"23-32966@g.batstate-u.edu.ph","is_super_admin":true,"usertype":"user","student_id":1,"student_name":"Lourence Reguis","course_id":1,"section":"2201"}
[12-May-2025 09:33:45 Europe/Berlin] Session already active in TokenHandler. Session ID: 0kpcqpq133luhqo0577f2kc8t0
[12-May-2025 09:33:45 Europe/Berlin] Current session data: {"csrf_token":"cd71733e1586034ae33e4839f2c04f83f216853ce8039d27e6e2cef289429b7b","csrf_token_time":1747034417,"admin_id":1,"srcode":"23-32966","admin_name":"Admin User","email":"23-32966@g.batstate-u.edu.ph","is_super_admin":true,"usertype":"user","student_id":1,"student_name":"Lourence Reguis","course_id":1,"section":"2201"}
[12-May-2025 09:33:45 Europe/Berlin] Session already active in TokenHandler. Session ID: 0kpcqpq133luhqo0577f2kc8t0
[12-May-2025 09:33:45 Europe/Berlin] Current session data: {"csrf_token":"cd71733e1586034ae33e4839f2c04f83f216853ce8039d27e6e2cef289429b7b","csrf_token_time":1747034417,"admin_id":1,"srcode":"23-32966","admin_name":"Admin User","email":"23-32966@g.batstate-u.edu.ph","is_super_admin":true,"usertype":"user","student_id":1,"student_name":"Lourence Reguis","course_id":1,"section":"2201"}
[12-May-2025 09:33:46 Europe/Berlin] Session already active in TokenHandler. Session ID: 0kpcqpq133luhqo0577f2kc8t0
[12-May-2025 09:33:46 Europe/Berlin] Current session data: {"csrf_token":"cd71733e1586034ae33e4839f2c04f83f216853ce8039d27e6e2cef289429b7b","csrf_token_time":1747034417,"admin_id":1,"srcode":"23-32966","admin_name":"Admin User","email":"23-32966@g.batstate-u.edu.ph","is_super_admin":true,"usertype":"user","student_id":1,"student_name":"Lourence Reguis","course_id":1,"section":"2201"}
[12-May-2025 09:33:46 Europe/Berlin] Session already active in TokenHandler. Session ID: 0kpcqpq133luhqo0577f2kc8t0
[12-May-2025 09:33:46 Europe/Berlin] Current session data: {"csrf_token":"cd71733e1586034ae33e4839f2c04f83f216853ce8039d27e6e2cef289429b7b","csrf_token_time":1747034417,"admin_id":1,"srcode":"23-32966","admin_name":"Admin User","email":"23-32966@g.batstate-u.edu.ph","is_super_admin":true,"usertype":"user","student_id":1,"student_name":"Lourence Reguis","course_id":1,"section":"2201"}
[12-May-2025 09:35:00 Europe/Berlin] Session already active in TokenHandler. Session ID: 0kpcqpq133luhqo0577f2kc8t0
[12-May-2025 09:35:00 Europe/Berlin] Current session data: {"csrf_token":"cd71733e1586034ae33e4839f2c04f83f216853ce8039d27e6e2cef289429b7b","csrf_token_time":1747034417,"admin_id":1,"srcode":"23-32966","admin_name":"Admin User","email":"23-32966@g.batstate-u.edu.ph","is_super_admin":true,"usertype":"user","student_id":1,"student_name":"Lourence Reguis","course_id":1,"section":"2201"}
[12-May-2025 09:35:00 Europe/Berlin] Session already active in TokenHandler. Session ID: 0kpcqpq133luhqo0577f2kc8t0
[12-May-2025 09:35:00 Europe/Berlin] Current session data: {"csrf_token":"cd71733e1586034ae33e4839f2c04f83f216853ce8039d27e6e2cef289429b7b","csrf_token_time":1747034417,"admin_id":1,"srcode":"23-32966","admin_name":"Admin User","email":"23-32966@g.batstate-u.edu.ph","is_super_admin":true,"usertype":"user","student_id":1,"student_name":"Lourence Reguis","course_id":1,"section":"2201"}
[12-May-2025 09:35:05 Europe/Berlin] Session already active in TokenHandler. Session ID: 0kpcqpq133luhqo0577f2kc8t0
[12-May-2025 09:35:05 Europe/Berlin] Current session data: {"csrf_token":"cd71733e1586034ae33e4839f2c04f83f216853ce8039d27e6e2cef289429b7b","csrf_token_time":1747034417,"admin_id":1,"srcode":"23-32966","admin_name":"Admin User","email":"23-32966@g.batstate-u.edu.ph","is_super_admin":true,"usertype":"user","student_id":1,"student_name":"Lourence Reguis","course_id":1,"section":"2201"}
[12-May-2025 09:35:05 Europe/Berlin] Session already active in TokenHandler. Session ID: 0kpcqpq133luhqo0577f2kc8t0
[12-May-2025 09:35:05 Europe/Berlin] Current session data: {"csrf_token":"cd71733e1586034ae33e4839f2c04f83f216853ce8039d27e6e2cef289429b7b","csrf_token_time":1747034417,"admin_id":1,"srcode":"23-32966","admin_name":"Admin User","email":"23-32966@g.batstate-u.edu.ph","is_super_admin":true,"usertype":"user","student_id":1,"student_name":"Lourence Reguis","course_id":1,"section":"2201"}
[12-May-2025 09:35:08 Europe/Berlin] Session already active in TokenHandler. Session ID: 0kpcqpq133luhqo0577f2kc8t0
[12-May-2025 09:35:08 Europe/Berlin] Current session data: {"csrf_token":"cd71733e1586034ae33e4839f2c04f83f216853ce8039d27e6e2cef289429b7b","csrf_token_time":1747034417,"admin_id":1,"srcode":"23-32966","admin_name":"Admin User","email":"23-32966@g.batstate-u.edu.ph","is_super_admin":true,"usertype":"user","student_id":1,"student_name":"Lourence Reguis","course_id":1,"section":"2201"}
[12-May-2025 09:35:08 Europe/Berlin] Session already active in TokenHandler. Session ID: 0kpcqpq133luhqo0577f2kc8t0
[12-May-2025 09:35:08 Europe/Berlin] Current session data: {"csrf_token":"cd71733e1586034ae33e4839f2c04f83f216853ce8039d27e6e2cef289429b7b","csrf_token_time":1747034417,"admin_id":1,"srcode":"23-32966","admin_name":"Admin User","email":"23-32966@g.batstate-u.edu.ph","is_super_admin":true,"usertype":"user","student_id":1,"student_name":"Lourence Reguis","course_id":1,"section":"2201"}
[12-May-2025 09:35:19 Europe/Berlin] Session already active in TokenHandler. Session ID: 0kpcqpq133luhqo0577f2kc8t0
[12-May-2025 09:35:19 Europe/Berlin] Current session data: {"csrf_token":"cd71733e1586034ae33e4839f2c04f83f216853ce8039d27e6e2cef289429b7b","csrf_token_time":1747034417,"admin_id":1,"srcode":"23-32966","admin_name":"Admin User","email":"23-32966@g.batstate-u.edu.ph","is_super_admin":true,"usertype":"user","student_id":1,"student_name":"Lourence Reguis","course_id":1,"section":"2201"}
[12-May-2025 09:35:19 Europe/Berlin] Session already active in TokenHandler. Session ID: 0kpcqpq133luhqo0577f2kc8t0
[12-May-2025 09:35:19 Europe/Berlin] Current session data: {"csrf_token":"cd71733e1586034ae33e4839f2c04f83f216853ce8039d27e6e2cef289429b7b","csrf_token_time":1747034417,"admin_id":1,"srcode":"23-32966","admin_name":"Admin User","email":"23-32966@g.batstate-u.edu.ph","is_super_admin":true,"usertype":"user","student_id":1,"student_name":"Lourence Reguis","course_id":1,"section":"2201"}
[12-May-2025 09:35:21 Europe/Berlin] Session already active in TokenHandler. Session ID: 0kpcqpq133luhqo0577f2kc8t0
[12-May-2025 09:35:21 Europe/Berlin] Current session data: {"csrf_token":"cd71733e1586034ae33e4839f2c04f83f216853ce8039d27e6e2cef289429b7b","csrf_token_time":1747034417,"admin_id":1,"srcode":"23-32966","admin_name":"Admin User","email":"23-32966@g.batstate-u.edu.ph","is_super_admin":true,"usertype":"user","student_id":1,"student_name":"Lourence Reguis","course_id":1,"section":"2201"}
[12-May-2025 09:35:21 Europe/Berlin] Session already active in TokenHandler. Session ID: 0kpcqpq133luhqo0577f2kc8t0
[12-May-2025 09:35:21 Europe/Berlin] Current session data: {"csrf_token":"cd71733e1586034ae33e4839f2c04f83f216853ce8039d27e6e2cef289429b7b","csrf_token_time":1747034417,"admin_id":1,"srcode":"23-32966","admin_name":"Admin User","email":"23-32966@g.batstate-u.edu.ph","is_super_admin":true,"usertype":"user","student_id":1,"student_name":"Lourence Reguis","course_id":1,"section":"2201"}
[12-May-2025 09:35:37 Europe/Berlin] Session already active in TokenHandler. Session ID: 0kpcqpq133luhqo0577f2kc8t0
[12-May-2025 09:35:37 Europe/Berlin] Current session data: {"csrf_token":"cd71733e1586034ae33e4839f2c04f83f216853ce8039d27e6e2cef289429b7b","csrf_token_time":1747034417,"admin_id":1,"srcode":"23-32966","admin_name":"Admin User","email":"23-32966@g.batstate-u.edu.ph","is_super_admin":true,"usertype":"user","student_id":1,"student_name":"Lourence Reguis","course_id":1,"section":"2201"}
[12-May-2025 09:35:37 Europe/Berlin] Session already active in TokenHandler. Session ID: 0kpcqpq133luhqo0577f2kc8t0
[12-May-2025 09:35:37 Europe/Berlin] Current session data: {"csrf_token":"cd71733e1586034ae33e4839f2c04f83f216853ce8039d27e6e2cef289429b7b","csrf_token_time":1747034417,"admin_id":1,"srcode":"23-32966","admin_name":"Admin User","email":"23-32966@g.batstate-u.edu.ph","is_super_admin":true,"usertype":"user","student_id":1,"student_name":"Lourence Reguis","course_id":1,"section":"2201"}
[12-May-2025 09:35:43 Europe/Berlin] Session already active in TokenHandler. Session ID: 0kpcqpq133luhqo0577f2kc8t0
[12-May-2025 09:35:43 Europe/Berlin] Current session data: {"csrf_token":"cd71733e1586034ae33e4839f2c04f83f216853ce8039d27e6e2cef289429b7b","csrf_token_time":1747034417,"admin_id":1,"srcode":"23-32966","admin_name":"Admin User","email":"23-32966@g.batstate-u.edu.ph","is_super_admin":true,"usertype":"user","student_id":1,"student_name":"Lourence Reguis","course_id":1,"section":"2201"}
[12-May-2025 09:35:43 Europe/Berlin] Session already active in TokenHandler. Session ID: 0kpcqpq133luhqo0577f2kc8t0
[12-May-2025 09:35:43 Europe/Berlin] Current session data: {"csrf_token":"cd71733e1586034ae33e4839f2c04f83f216853ce8039d27e6e2cef289429b7b","csrf_token_time":1747034417,"admin_id":1,"srcode":"23-32966","admin_name":"Admin User","email":"23-32966@g.batstate-u.edu.ph","is_super_admin":true,"usertype":"user","student_id":1,"student_name":"Lourence Reguis","course_id":1,"section":"2201"}
[12-May-2025 09:35:44 Europe/Berlin] Session already active in TokenHandler. Session ID: 0kpcqpq133luhqo0577f2kc8t0
[12-May-2025 09:35:44 Europe/Berlin] Current session data: {"csrf_token":"cd71733e1586034ae33e4839f2c04f83f216853ce8039d27e6e2cef289429b7b","csrf_token_time":1747034417,"admin_id":1,"srcode":"23-32966","admin_name":"Admin User","email":"23-32966@g.batstate-u.edu.ph","is_super_admin":true,"usertype":"user","student_id":1,"student_name":"Lourence Reguis","course_id":1,"section":"2201"}
[12-May-2025 09:35:44 Europe/Berlin] Session already active in TokenHandler. Session ID: 0kpcqpq133luhqo0577f2kc8t0
[12-May-2025 09:35:44 Europe/Berlin] Current session data: {"csrf_token":"cd71733e1586034ae33e4839f2c04f83f216853ce8039d27e6e2cef289429b7b","csrf_token_time":1747034417,"admin_id":1,"srcode":"23-32966","admin_name":"Admin User","email":"23-32966@g.batstate-u.edu.ph","is_super_admin":true,"usertype":"user","student_id":1,"student_name":"Lourence Reguis","course_id":1,"section":"2201"}
[12-May-2025 09:35:45 Europe/Berlin] Session already active in TokenHandler. Session ID: 0kpcqpq133luhqo0577f2kc8t0
[12-May-2025 09:35:45 Europe/Berlin] Current session data: {"csrf_token":"cd71733e1586034ae33e4839f2c04f83f216853ce8039d27e6e2cef289429b7b","csrf_token_time":1747034417,"admin_id":1,"srcode":"23-32966","admin_name":"Admin User","email":"23-32966@g.batstate-u.edu.ph","is_super_admin":true,"usertype":"user","student_id":1,"student_name":"Lourence Reguis","course_id":1,"section":"2201"}
[12-May-2025 09:35:45 Europe/Berlin] Session already active in TokenHandler. Session ID: 0kpcqpq133luhqo0577f2kc8t0
[12-May-2025 09:35:45 Europe/Berlin] Current session data: {"csrf_token":"cd71733e1586034ae33e4839f2c04f83f216853ce8039d27e6e2cef289429b7b","csrf_token_time":1747034417,"admin_id":1,"srcode":"23-32966","admin_name":"Admin User","email":"23-32966@g.batstate-u.edu.ph","is_super_admin":true,"usertype":"user","student_id":1,"student_name":"Lourence Reguis","course_id":1,"section":"2201"}
[12-May-2025 09:35:45 Europe/Berlin] Session already active in TokenHandler. Session ID: 0kpcqpq133luhqo0577f2kc8t0
[12-May-2025 09:35:45 Europe/Berlin] Current session data: {"csrf_token":"cd71733e1586034ae33e4839f2c04f83f216853ce8039d27e6e2cef289429b7b","csrf_token_time":1747034417,"admin_id":1,"srcode":"23-32966","admin_name":"Admin User","email":"23-32966@g.batstate-u.edu.ph","is_super_admin":true,"usertype":"user","student_id":1,"student_name":"Lourence Reguis","course_id":1,"section":"2201"}
[12-May-2025 09:35:45 Europe/Berlin] Session already active in TokenHandler. Session ID: 0kpcqpq133luhqo0577f2kc8t0
[12-May-2025 09:35:45 Europe/Berlin] Current session data: {"csrf_token":"cd71733e1586034ae33e4839f2c04f83f216853ce8039d27e6e2cef289429b7b","csrf_token_time":1747034417,"admin_id":1,"srcode":"23-32966","admin_name":"Admin User","email":"23-32966@g.batstate-u.edu.ph","is_super_admin":true,"usertype":"user","student_id":1,"student_name":"Lourence Reguis","course_id":1,"section":"2201"}
[12-May-2025 09:35:47 Europe/Berlin] Starting CSRF validation for action: getJobListing
[12-May-2025 09:35:47 Europe/Berlin] Received token: cd71733e1586034ae33e4839f2c04f83f216853ce8039d27e6e2cef289429b7b
[12-May-2025 09:35:47 Europe/Berlin] Current session status: 2
[12-May-2025 09:35:47 Europe/Berlin] Session ID: 0kpcqpq133luhqo0577f2kc8t0
[12-May-2025 09:35:47 Europe/Berlin] Session already active in TokenHandler. Session ID: 0kpcqpq133luhqo0577f2kc8t0
[12-May-2025 09:35:47 Europe/Berlin] Current session data: {"csrf_token":"cd71733e1586034ae33e4839f2c04f83f216853ce8039d27e6e2cef289429b7b","csrf_token_time":1747034417,"admin_id":1,"srcode":"23-32966","admin_name":"Admin User","email":"23-32966@g.batstate-u.edu.ph","is_super_admin":true,"usertype":"user","student_id":1,"student_name":"Lourence Reguis","course_id":1,"section":"2201"}
[12-May-2025 09:35:47 Europe/Berlin] CSRF validation successful for action: getJobListing
[12-May-2025 09:35:47 Europe/Berlin] Session already active in TokenHandler. Session ID: 0kpcqpq133luhqo0577f2kc8t0
[12-May-2025 09:35:47 Europe/Berlin] Current session data: {"csrf_token":"cd71733e1586034ae33e4839f2c04f83f216853ce8039d27e6e2cef289429b7b","csrf_token_time":1747034417,"admin_id":1,"srcode":"23-32966","admin_name":"Admin User","email":"23-32966@g.batstate-u.edu.ph","is_super_admin":true,"usertype":"user","student_id":1,"student_name":"Lourence Reguis","course_id":1,"section":"2201"}
[12-May-2025 09:35:51 Europe/Berlin] Starting CSRF validation for action: updateJobListing
[12-May-2025 09:35:51 Europe/Berlin] Received token: cd71733e1586034ae33e4839f2c04f83f216853ce8039d27e6e2cef289429b7b
[12-May-2025 09:35:51 Europe/Berlin] Current session status: 2
[12-May-2025 09:35:51 Europe/Berlin] Session ID: 0kpcqpq133luhqo0577f2kc8t0
[12-May-2025 09:35:51 Europe/Berlin] Session already active in TokenHandler. Session ID: 0kpcqpq133luhqo0577f2kc8t0
[12-May-2025 09:35:51 Europe/Berlin] Current session data: {"csrf_token":"cd71733e1586034ae33e4839f2c04f83f216853ce8039d27e6e2cef289429b7b","csrf_token_time":1747034417,"admin_id":1,"srcode":"23-32966","admin_name":"Admin User","email":"23-32966@g.batstate-u.edu.ph","is_super_admin":true,"usertype":"user","student_id":1,"student_name":"Lourence Reguis","course_id":1,"section":"2201"}
[12-May-2025 09:35:51 Europe/Berlin] CSRF validation successful for action: updateJobListing
[12-May-2025 09:35:51 Europe/Berlin] Session already active in TokenHandler. Session ID: 0kpcqpq133luhqo0577f2kc8t0
[12-May-2025 09:35:51 Europe/Berlin] Current session data: {"csrf_token":"cd71733e1586034ae33e4839f2c04f83f216853ce8039d27e6e2cef289429b7b","csrf_token_time":1747034417,"admin_id":1,"srcode":"23-32966","admin_name":"Admin User","email":"23-32966@g.batstate-u.edu.ph","is_super_admin":true,"usertype":"user","student_id":1,"student_name":"Lourence Reguis","course_id":1,"section":"2201"}
[12-May-2025 09:35:54 Europe/Berlin] Session already active in TokenHandler. Session ID: 0kpcqpq133luhqo0577f2kc8t0
[12-May-2025 09:35:54 Europe/Berlin] Current session data: {"csrf_token":"cd71733e1586034ae33e4839f2c04f83f216853ce8039d27e6e2cef289429b7b","csrf_token_time":1747034417,"admin_id":1,"srcode":"23-32966","admin_name":"Admin User","email":"23-32966@g.batstate-u.edu.ph","is_super_admin":true,"usertype":"user","student_id":1,"student_name":"Lourence Reguis","course_id":1,"section":"2201"}
[12-May-2025 09:35:54 Europe/Berlin] Session already active in TokenHandler. Session ID: 0kpcqpq133luhqo0577f2kc8t0
[12-May-2025 09:35:54 Europe/Berlin] Current session data: {"csrf_token":"cd71733e1586034ae33e4839f2c04f83f216853ce8039d27e6e2cef289429b7b","csrf_token_time":1747034417,"admin_id":1,"srcode":"23-32966","admin_name":"Admin User","email":"23-32966@g.batstate-u.edu.ph","is_super_admin":true,"usertype":"user","student_id":1,"student_name":"Lourence Reguis","course_id":1,"section":"2201"}
[12-May-2025 09:35:54 Europe/Berlin] Session already active in TokenHandler. Session ID: 0kpcqpq133luhqo0577f2kc8t0
[12-May-2025 09:35:54 Europe/Berlin] Current session data: {"csrf_token":"cd71733e1586034ae33e4839f2c04f83f216853ce8039d27e6e2cef289429b7b","csrf_token_time":1747034417,"admin_id":1,"srcode":"23-32966","admin_name":"Admin User","email":"23-32966@g.batstate-u.edu.ph","is_super_admin":true,"usertype":"user","student_id":1,"student_name":"Lourence Reguis","course_id":1,"section":"2201"}
[12-May-2025 09:35:54 Europe/Berlin] Session already active in TokenHandler. Session ID: 0kpcqpq133luhqo0577f2kc8t0
[12-May-2025 09:35:54 Europe/Berlin] Current session data: {"csrf_token":"cd71733e1586034ae33e4839f2c04f83f216853ce8039d27e6e2cef289429b7b","csrf_token_time":1747034417,"admin_id":1,"srcode":"23-32966","admin_name":"Admin User","email":"23-32966@g.batstate-u.edu.ph","is_super_admin":true,"usertype":"user","student_id":1,"student_name":"Lourence Reguis","course_id":1,"section":"2201"}
[12-May-2025 09:35:57 Europe/Berlin] Session already active in TokenHandler. Session ID: 0kpcqpq133luhqo0577f2kc8t0
[12-May-2025 09:35:57 Europe/Berlin] Current session data: {"csrf_token":"cd71733e1586034ae33e4839f2c04f83f216853ce8039d27e6e2cef289429b7b","csrf_token_time":1747034417,"admin_id":1,"srcode":"23-32966","admin_name":"Admin User","email":"23-32966@g.batstate-u.edu.ph","is_super_admin":true,"usertype":"user","student_id":1,"student_name":"Lourence Reguis","course_id":1,"section":"2201"}
[12-May-2025 09:35:57 Europe/Berlin] Session already active in TokenHandler. Session ID: 0kpcqpq133luhqo0577f2kc8t0
[12-May-2025 09:35:57 Europe/Berlin] Current session data: {"csrf_token":"cd71733e1586034ae33e4839f2c04f83f216853ce8039d27e6e2cef289429b7b","csrf_token_time":1747034417,"admin_id":1,"srcode":"23-32966","admin_name":"Admin User","email":"23-32966@g.batstate-u.edu.ph","is_super_admin":true,"usertype":"user","student_id":1,"student_name":"Lourence Reguis","course_id":1,"section":"2201"}
[12-May-2025 09:36:37 Europe/Berlin] Session already active in TokenHandler. Session ID: 0kpcqpq133luhqo0577f2kc8t0
[12-May-2025 09:36:37 Europe/Berlin] Current session data: {"csrf_token":"cd71733e1586034ae33e4839f2c04f83f216853ce8039d27e6e2cef289429b7b","csrf_token_time":1747034417,"admin_id":1,"srcode":"23-32966","admin_name":"Admin User","email":"23-32966@g.batstate-u.edu.ph","is_super_admin":true,"usertype":"user","student_id":1,"student_name":"Lourence Reguis","course_id":1,"section":"2201"}
[12-May-2025 09:36:37 Europe/Berlin] Session already active in TokenHandler. Session ID: 0kpcqpq133luhqo0577f2kc8t0
[12-May-2025 09:36:37 Europe/Berlin] Current session data: {"csrf_token":"cd71733e1586034ae33e4839f2c04f83f216853ce8039d27e6e2cef289429b7b","csrf_token_time":1747034417,"admin_id":1,"srcode":"23-32966","admin_name":"Admin User","email":"23-32966@g.batstate-u.edu.ph","is_super_admin":true,"usertype":"user","student_id":1,"student_name":"Lourence Reguis","course_id":1,"section":"2201"}
[12-May-2025 09:36:37 Europe/Berlin] Session already active in TokenHandler. Session ID: 0kpcqpq133luhqo0577f2kc8t0
[12-May-2025 09:36:37 Europe/Berlin] Current session data: {"csrf_token":"cd71733e1586034ae33e4839f2c04f83f216853ce8039d27e6e2cef289429b7b","csrf_token_time":1747034417,"admin_id":1,"srcode":"23-32966","admin_name":"Admin User","email":"23-32966@g.batstate-u.edu.ph","is_super_admin":true,"usertype":"user","student_id":1,"student_name":"Lourence Reguis","course_id":1,"section":"2201"}
[12-May-2025 09:36:37 Europe/Berlin] Session already active in TokenHandler. Session ID: 0kpcqpq133luhqo0577f2kc8t0
[12-May-2025 09:36:37 Europe/Berlin] Current session data: {"csrf_token":"cd71733e1586034ae33e4839f2c04f83f216853ce8039d27e6e2cef289429b7b","csrf_token_time":1747034417,"admin_id":1,"srcode":"23-32966","admin_name":"Admin User","email":"23-32966@g.batstate-u.edu.ph","is_super_admin":true,"usertype":"user","student_id":1,"student_name":"Lourence Reguis","course_id":1,"section":"2201"}
[12-May-2025 09:36:38 Europe/Berlin] Session already active in TokenHandler. Session ID: 0kpcqpq133luhqo0577f2kc8t0
[12-May-2025 09:36:38 Europe/Berlin] Current session data: {"csrf_token":"cd71733e1586034ae33e4839f2c04f83f216853ce8039d27e6e2cef289429b7b","csrf_token_time":1747034417,"admin_id":1,"srcode":"23-32966","admin_name":"Admin User","email":"23-32966@g.batstate-u.edu.ph","is_super_admin":true,"usertype":"user","student_id":1,"student_name":"Lourence Reguis","course_id":1,"section":"2201"}
[12-May-2025 09:36:38 Europe/Berlin] Session already active in TokenHandler. Session ID: 0kpcqpq133luhqo0577f2kc8t0
[12-May-2025 09:36:38 Europe/Berlin] Current session data: {"csrf_token":"cd71733e1586034ae33e4839f2c04f83f216853ce8039d27e6e2cef289429b7b","csrf_token_time":1747034417,"admin_id":1,"srcode":"23-32966","admin_name":"Admin User","email":"23-32966@g.batstate-u.edu.ph","is_super_admin":true,"usertype":"user","student_id":1,"student_name":"Lourence Reguis","course_id":1,"section":"2201"}
[12-May-2025 09:36:38 Europe/Berlin] Session already active in TokenHandler. Session ID: 0kpcqpq133luhqo0577f2kc8t0
[12-May-2025 09:36:38 Europe/Berlin] Current session data: {"csrf_token":"cd71733e1586034ae33e4839f2c04f83f216853ce8039d27e6e2cef289429b7b","csrf_token_time":1747034417,"admin_id":1,"srcode":"23-32966","admin_name":"Admin User","email":"23-32966@g.batstate-u.edu.ph","is_super_admin":true,"usertype":"user","student_id":1,"student_name":"Lourence Reguis","course_id":1,"section":"2201"}
[12-May-2025 09:36:38 Europe/Berlin] Session already active in TokenHandler. Session ID: 0kpcqpq133luhqo0577f2kc8t0
[12-May-2025 09:36:38 Europe/Berlin] Current session data: {"csrf_token":"cd71733e1586034ae33e4839f2c04f83f216853ce8039d27e6e2cef289429b7b","csrf_token_time":1747034417,"admin_id":1,"srcode":"23-32966","admin_name":"Admin User","email":"23-32966@g.batstate-u.edu.ph","is_super_admin":true,"usertype":"user","student_id":1,"student_name":"Lourence Reguis","course_id":1,"section":"2201"}
[12-May-2025 09:39:36 Europe/Berlin] Session already active in TokenHandler. Session ID: 0kpcqpq133luhqo0577f2kc8t0
[12-May-2025 09:39:36 Europe/Berlin] Current session data: {"csrf_token":"cd71733e1586034ae33e4839f2c04f83f216853ce8039d27e6e2cef289429b7b","csrf_token_time":1747034417,"admin_id":1,"srcode":"23-32966","admin_name":"Admin User","email":"23-32966@g.batstate-u.edu.ph","is_super_admin":true,"usertype":"user","student_id":1,"student_name":"Lourence Reguis","course_id":1,"section":"2201"}
[12-May-2025 09:39:36 Europe/Berlin] Session already active in TokenHandler. Session ID: 0kpcqpq133luhqo0577f2kc8t0
[12-May-2025 09:39:36 Europe/Berlin] Current session data: {"csrf_token":"cd71733e1586034ae33e4839f2c04f83f216853ce8039d27e6e2cef289429b7b","csrf_token_time":1747034417,"admin_id":1,"srcode":"23-32966","admin_name":"Admin User","email":"23-32966@g.batstate-u.edu.ph","is_super_admin":true,"usertype":"user","student_id":1,"student_name":"Lourence Reguis","course_id":1,"section":"2201"}
[12-May-2025 09:39:37 Europe/Berlin] Session already active in TokenHandler. Session ID: 0kpcqpq133luhqo0577f2kc8t0
[12-May-2025 09:39:37 Europe/Berlin] Current session data: {"csrf_token":"cd71733e1586034ae33e4839f2c04f83f216853ce8039d27e6e2cef289429b7b","csrf_token_time":1747034417,"admin_id":1,"srcode":"23-32966","admin_name":"Admin User","email":"23-32966@g.batstate-u.edu.ph","is_super_admin":true,"usertype":"user","student_id":1,"student_name":"Lourence Reguis","course_id":1,"section":"2201"}
[12-May-2025 09:39:37 Europe/Berlin] Session already active in TokenHandler. Session ID: 0kpcqpq133luhqo0577f2kc8t0
[12-May-2025 09:39:37 Europe/Berlin] Current session data: {"csrf_token":"cd71733e1586034ae33e4839f2c04f83f216853ce8039d27e6e2cef289429b7b","csrf_token_time":1747034417,"admin_id":1,"srcode":"23-32966","admin_name":"Admin User","email":"23-32966@g.batstate-u.edu.ph","is_super_admin":true,"usertype":"user","student_id":1,"student_name":"Lourence Reguis","course_id":1,"section":"2201"}
[12-May-2025 09:39:38 Europe/Berlin] Session already active in TokenHandler. Session ID: 0kpcqpq133luhqo0577f2kc8t0
[12-May-2025 09:39:38 Europe/Berlin] Current session data: {"csrf_token":"cd71733e1586034ae33e4839f2c04f83f216853ce8039d27e6e2cef289429b7b","csrf_token_time":1747034417,"admin_id":1,"srcode":"23-32966","admin_name":"Admin User","email":"23-32966@g.batstate-u.edu.ph","is_super_admin":true,"usertype":"user","student_id":1,"student_name":"Lourence Reguis","course_id":1,"section":"2201"}
[12-May-2025 09:39:38 Europe/Berlin] Session already active in TokenHandler. Session ID: 0kpcqpq133luhqo0577f2kc8t0
[12-May-2025 09:39:38 Europe/Berlin] Current session data: {"csrf_token":"cd71733e1586034ae33e4839f2c04f83f216853ce8039d27e6e2cef289429b7b","csrf_token_time":1747034417,"admin_id":1,"srcode":"23-32966","admin_name":"Admin User","email":"23-32966@g.batstate-u.edu.ph","is_super_admin":true,"usertype":"user","student_id":1,"student_name":"Lourence Reguis","course_id":1,"section":"2201"}
[12-May-2025 09:42:28 Europe/Berlin] Session already active in TokenHandler. Session ID: 0kpcqpq133luhqo0577f2kc8t0
[12-May-2025 09:42:28 Europe/Berlin] Current session data: {"csrf_token":"cd71733e1586034ae33e4839f2c04f83f216853ce8039d27e6e2cef289429b7b","csrf_token_time":1747034417,"admin_id":1,"srcode":"23-32966","admin_name":"Admin User","email":"23-32966@g.batstate-u.edu.ph","is_super_admin":true,"usertype":"user","student_id":1,"student_name":"Lourence Reguis","course_id":1,"section":"2201"}
[12-May-2025 09:42:28 Europe/Berlin] Session already active in TokenHandler. Session ID: 0kpcqpq133luhqo0577f2kc8t0
[12-May-2025 09:42:28 Europe/Berlin] Current session data: {"csrf_token":"cd71733e1586034ae33e4839f2c04f83f216853ce8039d27e6e2cef289429b7b","csrf_token_time":1747034417,"admin_id":1,"srcode":"23-32966","admin_name":"Admin User","email":"23-32966@g.batstate-u.edu.ph","is_super_admin":true,"usertype":"user","student_id":1,"student_name":"Lourence Reguis","course_id":1,"section":"2201"}
[12-May-2025 09:42:43 Europe/Berlin] Session already active in TokenHandler. Session ID: 0kpcqpq133luhqo0577f2kc8t0
[12-May-2025 09:42:43 Europe/Berlin] Current session data: {"csrf_token":"cd71733e1586034ae33e4839f2c04f83f216853ce8039d27e6e2cef289429b7b","csrf_token_time":1747034417,"admin_id":1,"srcode":"23-32966","admin_name":"Admin User","email":"23-32966@g.batstate-u.edu.ph","is_super_admin":true,"usertype":"user","student_id":1,"student_name":"Lourence Reguis","course_id":1,"section":"2201"}
[12-May-2025 09:42:43 Europe/Berlin] Session already active in TokenHandler. Session ID: 0kpcqpq133luhqo0577f2kc8t0
[12-May-2025 09:42:43 Europe/Berlin] Current session data: {"csrf_token":"cd71733e1586034ae33e4839f2c04f83f216853ce8039d27e6e2cef289429b7b","csrf_token_time":1747034417,"admin_id":1,"srcode":"23-32966","admin_name":"Admin User","email":"23-32966@g.batstate-u.edu.ph","is_super_admin":true,"usertype":"user","student_id":1,"student_name":"Lourence Reguis","course_id":1,"section":"2201"}
[12-May-2025 09:43:59 Europe/Berlin] Session already active in TokenHandler. Session ID: 0kpcqpq133luhqo0577f2kc8t0
[12-May-2025 09:43:59 Europe/Berlin] Current session data: {"csrf_token":"cd71733e1586034ae33e4839f2c04f83f216853ce8039d27e6e2cef289429b7b","csrf_token_time":1747034417,"admin_id":1,"srcode":"23-32966","admin_name":"Admin User","email":"23-32966@g.batstate-u.edu.ph","is_super_admin":true,"usertype":"user","student_id":1,"student_name":"Lourence Reguis","course_id":1,"section":"2201"}
[12-May-2025 09:43:59 Europe/Berlin] Session already active in TokenHandler. Session ID: 0kpcqpq133luhqo0577f2kc8t0
[12-May-2025 09:43:59 Europe/Berlin] Current session data: {"csrf_token":"cd71733e1586034ae33e4839f2c04f83f216853ce8039d27e6e2cef289429b7b","csrf_token_time":1747034417,"admin_id":1,"srcode":"23-32966","admin_name":"Admin User","email":"23-32966@g.batstate-u.edu.ph","is_super_admin":true,"usertype":"user","student_id":1,"student_name":"Lourence Reguis","course_id":1,"section":"2201"}
[12-May-2025 09:44:38 Europe/Berlin] Session already active in TokenHandler. Session ID: 0kpcqpq133luhqo0577f2kc8t0
[12-May-2025 09:44:38 Europe/Berlin] Current session data: {"csrf_token":"cd71733e1586034ae33e4839f2c04f83f216853ce8039d27e6e2cef289429b7b","csrf_token_time":1747034417,"admin_id":1,"srcode":"23-32966","admin_name":"Admin User","email":"23-32966@g.batstate-u.edu.ph","is_super_admin":true,"usertype":"user","student_id":1,"student_name":"Lourence Reguis","course_id":1,"section":"2201"}
[12-May-2025 09:44:38 Europe/Berlin] Session already active in TokenHandler. Session ID: 0kpcqpq133luhqo0577f2kc8t0
[12-May-2025 09:44:38 Europe/Berlin] Current session data: {"csrf_token":"cd71733e1586034ae33e4839f2c04f83f216853ce8039d27e6e2cef289429b7b","csrf_token_time":1747034417,"admin_id":1,"srcode":"23-32966","admin_name":"Admin User","email":"23-32966@g.batstate-u.edu.ph","is_super_admin":true,"usertype":"user","student_id":1,"student_name":"Lourence Reguis","course_id":1,"section":"2201"}
[12-May-2025 09:44:41 Europe/Berlin] Session already active in TokenHandler. Session ID: 0kpcqpq133luhqo0577f2kc8t0
[12-May-2025 09:44:41 Europe/Berlin] Current session data: {"csrf_token":"cd71733e1586034ae33e4839f2c04f83f216853ce8039d27e6e2cef289429b7b","csrf_token_time":1747034417,"admin_id":1,"srcode":"23-32966","admin_name":"Admin User","email":"23-32966@g.batstate-u.edu.ph","is_super_admin":true,"usertype":"user","student_id":1,"student_name":"Lourence Reguis","course_id":1,"section":"2201"}
[12-May-2025 09:44:41 Europe/Berlin] Session already active in TokenHandler. Session ID: 0kpcqpq133luhqo0577f2kc8t0
[12-May-2025 09:44:41 Europe/Berlin] Current session data: {"csrf_token":"cd71733e1586034ae33e4839f2c04f83f216853ce8039d27e6e2cef289429b7b","csrf_token_time":1747034417,"admin_id":1,"srcode":"23-32966","admin_name":"Admin User","email":"23-32966@g.batstate-u.edu.ph","is_super_admin":true,"usertype":"user","student_id":1,"student_name":"Lourence Reguis","course_id":1,"section":"2201"}
[12-May-2025 09:51:11 Europe/Berlin] Session already active in TokenHandler. Session ID: 0kpcqpq133luhqo0577f2kc8t0
[12-May-2025 09:51:11 Europe/Berlin] Current session data: {"csrf_token":"cd71733e1586034ae33e4839f2c04f83f216853ce8039d27e6e2cef289429b7b","csrf_token_time":1747034417,"admin_id":1,"srcode":"23-32966","admin_name":"Admin User","email":"23-32966@g.batstate-u.edu.ph","is_super_admin":true,"usertype":"user","student_id":1,"student_name":"Lourence Reguis","course_id":1,"section":"2201"}
[12-May-2025 09:51:11 Europe/Berlin] Session already active in TokenHandler. Session ID: 0kpcqpq133luhqo0577f2kc8t0
[12-May-2025 09:51:11 Europe/Berlin] Current session data: {"csrf_token":"cd71733e1586034ae33e4839f2c04f83f216853ce8039d27e6e2cef289429b7b","csrf_token_time":1747034417,"admin_id":1,"srcode":"23-32966","admin_name":"Admin User","email":"23-32966@g.batstate-u.edu.ph","is_super_admin":true,"usertype":"user","student_id":1,"student_name":"Lourence Reguis","course_id":1,"section":"2201"}
[12-May-2025 09:51:12 Europe/Berlin] Session already active in TokenHandler. Session ID: 0kpcqpq133luhqo0577f2kc8t0
[12-May-2025 09:51:12 Europe/Berlin] Current session data: {"csrf_token":"cd71733e1586034ae33e4839f2c04f83f216853ce8039d27e6e2cef289429b7b","csrf_token_time":1747034417,"admin_id":1,"srcode":"23-32966","admin_name":"Admin User","email":"23-32966@g.batstate-u.edu.ph","is_super_admin":true,"usertype":"user","student_id":1,"student_name":"Lourence Reguis","course_id":1,"section":"2201"}
[12-May-2025 09:51:12 Europe/Berlin] Session already active in TokenHandler. Session ID: 0kpcqpq133luhqo0577f2kc8t0
[12-May-2025 09:51:12 Europe/Berlin] Current session data: {"csrf_token":"cd71733e1586034ae33e4839f2c04f83f216853ce8039d27e6e2cef289429b7b","csrf_token_time":1747034417,"admin_id":1,"srcode":"23-32966","admin_name":"Admin User","email":"23-32966@g.batstate-u.edu.ph","is_super_admin":true,"usertype":"user","student_id":1,"student_name":"Lourence Reguis","course_id":1,"section":"2201"}
[12-May-2025 09:54:29 Europe/Berlin] Session already active in TokenHandler. Session ID: 0kpcqpq133luhqo0577f2kc8t0
[12-May-2025 09:54:29 Europe/Berlin] Current session data: {"csrf_token":"cd71733e1586034ae33e4839f2c04f83f216853ce8039d27e6e2cef289429b7b","csrf_token_time":1747034417,"admin_id":1,"srcode":"23-32966","admin_name":"Admin User","email":"23-32966@g.batstate-u.edu.ph","is_super_admin":true,"usertype":"user","student_id":1,"student_name":"Lourence Reguis","course_id":1,"section":"2201"}
[12-May-2025 09:54:29 Europe/Berlin] Session already active in TokenHandler. Session ID: 0kpcqpq133luhqo0577f2kc8t0
[12-May-2025 09:54:29 Europe/Berlin] Current session data: {"csrf_token":"cd71733e1586034ae33e4839f2c04f83f216853ce8039d27e6e2cef289429b7b","csrf_token_time":1747034417,"admin_id":1,"srcode":"23-32966","admin_name":"Admin User","email":"23-32966@g.batstate-u.edu.ph","is_super_admin":true,"usertype":"user","student_id":1,"student_name":"Lourence Reguis","course_id":1,"section":"2201"}
[12-May-2025 09:54:30 Europe/Berlin] Session already active in TokenHandler. Session ID: 0kpcqpq133luhqo0577f2kc8t0
[12-May-2025 09:54:30 Europe/Berlin] Current session data: {"csrf_token":"cd71733e1586034ae33e4839f2c04f83f216853ce8039d27e6e2cef289429b7b","csrf_token_time":1747034417,"admin_id":1,"srcode":"23-32966","admin_name":"Admin User","email":"23-32966@g.batstate-u.edu.ph","is_super_admin":true,"usertype":"user","student_id":1,"student_name":"Lourence Reguis","course_id":1,"section":"2201"}
[12-May-2025 09:54:30 Europe/Berlin] Session already active in TokenHandler. Session ID: 0kpcqpq133luhqo0577f2kc8t0
[12-May-2025 09:54:30 Europe/Berlin] Current session data: {"csrf_token":"cd71733e1586034ae33e4839f2c04f83f216853ce8039d27e6e2cef289429b7b","csrf_token_time":1747034417,"admin_id":1,"srcode":"23-32966","admin_name":"Admin User","email":"23-32966@g.batstate-u.edu.ph","is_super_admin":true,"usertype":"user","student_id":1,"student_name":"Lourence Reguis","course_id":1,"section":"2201"}
[12-May-2025 09:54:31 Europe/Berlin] Session already active in TokenHandler. Session ID: 0kpcqpq133luhqo0577f2kc8t0
[12-May-2025 09:54:31 Europe/Berlin] Current session data: {"csrf_token":"cd71733e1586034ae33e4839f2c04f83f216853ce8039d27e6e2cef289429b7b","csrf_token_time":1747034417,"admin_id":1,"srcode":"23-32966","admin_name":"Admin User","email":"23-32966@g.batstate-u.edu.ph","is_super_admin":true,"usertype":"user","student_id":1,"student_name":"Lourence Reguis","course_id":1,"section":"2201"}
[12-May-2025 09:54:31 Europe/Berlin] Session already active in TokenHandler. Session ID: 0kpcqpq133luhqo0577f2kc8t0
[12-May-2025 09:54:31 Europe/Berlin] Current session data: {"csrf_token":"cd71733e1586034ae33e4839f2c04f83f216853ce8039d27e6e2cef289429b7b","csrf_token_time":1747034417,"admin_id":1,"srcode":"23-32966","admin_name":"Admin User","email":"23-32966@g.batstate-u.edu.ph","is_super_admin":true,"usertype":"user","student_id":1,"student_name":"Lourence Reguis","course_id":1,"section":"2201"}
[12-May-2025 09:54:32 Europe/Berlin] Session already active in TokenHandler. Session ID: 0kpcqpq133luhqo0577f2kc8t0
[12-May-2025 09:54:32 Europe/Berlin] Current session data: {"csrf_token":"cd71733e1586034ae33e4839f2c04f83f216853ce8039d27e6e2cef289429b7b","csrf_token_time":1747034417,"admin_id":1,"srcode":"23-32966","admin_name":"Admin User","email":"23-32966@g.batstate-u.edu.ph","is_super_admin":true,"usertype":"user","student_id":1,"student_name":"Lourence Reguis","course_id":1,"section":"2201"}
[12-May-2025 09:54:32 Europe/Berlin] Session already active in TokenHandler. Session ID: 0kpcqpq133luhqo0577f2kc8t0
[12-May-2025 09:54:32 Europe/Berlin] Current session data: {"csrf_token":"cd71733e1586034ae33e4839f2c04f83f216853ce8039d27e6e2cef289429b7b","csrf_token_time":1747034417,"admin_id":1,"srcode":"23-32966","admin_name":"Admin User","email":"23-32966@g.batstate-u.edu.ph","is_super_admin":true,"usertype":"user","student_id":1,"student_name":"Lourence Reguis","course_id":1,"section":"2201"}
[12-May-2025 09:54:34 Europe/Berlin] Session already active in TokenHandler. Session ID: 0kpcqpq133luhqo0577f2kc8t0
[12-May-2025 09:54:34 Europe/Berlin] Current session data: {"csrf_token":"cd71733e1586034ae33e4839f2c04f83f216853ce8039d27e6e2cef289429b7b","csrf_token_time":1747034417,"admin_id":1,"srcode":"23-32966","admin_name":"Admin User","email":"23-32966@g.batstate-u.edu.ph","is_super_admin":true,"usertype":"user","student_id":1,"student_name":"Lourence Reguis","course_id":1,"section":"2201"}
[12-May-2025 09:54:34 Europe/Berlin] Session already active in TokenHandler. Session ID: 0kpcqpq133luhqo0577f2kc8t0
[12-May-2025 09:54:34 Europe/Berlin] Current session data: {"csrf_token":"cd71733e1586034ae33e4839f2c04f83f216853ce8039d27e6e2cef289429b7b","csrf_token_time":1747034417,"admin_id":1,"srcode":"23-32966","admin_name":"Admin User","email":"23-32966@g.batstate-u.edu.ph","is_super_admin":true,"usertype":"user","student_id":1,"student_name":"Lourence Reguis","course_id":1,"section":"2201"}
[12-May-2025 09:54:34 Europe/Berlin] Session already active in TokenHandler. Session ID: 0kpcqpq133luhqo0577f2kc8t0
[12-May-2025 09:54:34 Europe/Berlin] Current session data: {"csrf_token":"cd71733e1586034ae33e4839f2c04f83f216853ce8039d27e6e2cef289429b7b","csrf_token_time":1747034417,"admin_id":1,"srcode":"23-32966","admin_name":"Admin User","email":"23-32966@g.batstate-u.edu.ph","is_super_admin":true,"usertype":"user","student_id":1,"student_name":"Lourence Reguis","course_id":1,"section":"2201"}
[12-May-2025 09:54:34 Europe/Berlin] Session already active in TokenHandler. Session ID: 0kpcqpq133luhqo0577f2kc8t0
[12-May-2025 09:54:34 Europe/Berlin] Current session data: {"csrf_token":"cd71733e1586034ae33e4839f2c04f83f216853ce8039d27e6e2cef289429b7b","csrf_token_time":1747034417,"admin_id":1,"srcode":"23-32966","admin_name":"Admin User","email":"23-32966@g.batstate-u.edu.ph","is_super_admin":true,"usertype":"user","student_id":1,"student_name":"Lourence Reguis","course_id":1,"section":"2201"}
[12-May-2025 09:54:36 Europe/Berlin] Session already active in TokenHandler. Session ID: 0kpcqpq133luhqo0577f2kc8t0
[12-May-2025 09:54:36 Europe/Berlin] Current session data: {"csrf_token":"cd71733e1586034ae33e4839f2c04f83f216853ce8039d27e6e2cef289429b7b","csrf_token_time":1747034417,"admin_id":1,"srcode":"23-32966","admin_name":"Admin User","email":"23-32966@g.batstate-u.edu.ph","is_super_admin":true,"usertype":"user","student_id":1,"student_name":"Lourence Reguis","course_id":1,"section":"2201"}
[12-May-2025 09:54:36 Europe/Berlin] Session already active in TokenHandler. Session ID: 0kpcqpq133luhqo0577f2kc8t0
[12-May-2025 09:54:36 Europe/Berlin] Current session data: {"csrf_token":"cd71733e1586034ae33e4839f2c04f83f216853ce8039d27e6e2cef289429b7b","csrf_token_time":1747034417,"admin_id":1,"srcode":"23-32966","admin_name":"Admin User","email":"23-32966@g.batstate-u.edu.ph","is_super_admin":true,"usertype":"user","student_id":1,"student_name":"Lourence Reguis","course_id":1,"section":"2201"}
[12-May-2025 09:54:37 Europe/Berlin] Session already active in TokenHandler. Session ID: 0kpcqpq133luhqo0577f2kc8t0
[12-May-2025 09:54:37 Europe/Berlin] Current session data: {"csrf_token":"cd71733e1586034ae33e4839f2c04f83f216853ce8039d27e6e2cef289429b7b","csrf_token_time":1747034417,"admin_id":1,"srcode":"23-32966","admin_name":"Admin User","email":"23-32966@g.batstate-u.edu.ph","is_super_admin":true,"usertype":"user","student_id":1,"student_name":"Lourence Reguis","course_id":1,"section":"2201"}
[12-May-2025 09:54:37 Europe/Berlin] Session already active in TokenHandler. Session ID: 0kpcqpq133luhqo0577f2kc8t0
[12-May-2025 09:54:37 Europe/Berlin] Current session data: {"csrf_token":"cd71733e1586034ae33e4839f2c04f83f216853ce8039d27e6e2cef289429b7b","csrf_token_time":1747034417,"admin_id":1,"srcode":"23-32966","admin_name":"Admin User","email":"23-32966@g.batstate-u.edu.ph","is_super_admin":true,"usertype":"user","student_id":1,"student_name":"Lourence Reguis","course_id":1,"section":"2201"}
[12-May-2025 09:54:38 Europe/Berlin] Session already active in TokenHandler. Session ID: 0kpcqpq133luhqo0577f2kc8t0
[12-May-2025 09:54:38 Europe/Berlin] Current session data: {"csrf_token":"cd71733e1586034ae33e4839f2c04f83f216853ce8039d27e6e2cef289429b7b","csrf_token_time":1747034417,"admin_id":1,"srcode":"23-32966","admin_name":"Admin User","email":"23-32966@g.batstate-u.edu.ph","is_super_admin":true,"usertype":"user","student_id":1,"student_name":"Lourence Reguis","course_id":1,"section":"2201"}
[12-May-2025 09:54:38 Europe/Berlin] Session already active in TokenHandler. Session ID: 0kpcqpq133luhqo0577f2kc8t0
[12-May-2025 09:54:38 Europe/Berlin] Current session data: {"csrf_token":"cd71733e1586034ae33e4839f2c04f83f216853ce8039d27e6e2cef289429b7b","csrf_token_time":1747034417,"admin_id":1,"srcode":"23-32966","admin_name":"Admin User","email":"23-32966@g.batstate-u.edu.ph","is_super_admin":true,"usertype":"user","student_id":1,"student_name":"Lourence Reguis","course_id":1,"section":"2201"}
[12-May-2025 09:54:38 Europe/Berlin] Session already active in TokenHandler. Session ID: 0kpcqpq133luhqo0577f2kc8t0
[12-May-2025 09:54:38 Europe/Berlin] Current session data: {"csrf_token":"cd71733e1586034ae33e4839f2c04f83f216853ce8039d27e6e2cef289429b7b","csrf_token_time":1747034417,"admin_id":1,"srcode":"23-32966","admin_name":"Admin User","email":"23-32966@g.batstate-u.edu.ph","is_super_admin":true,"usertype":"user","student_id":1,"student_name":"Lourence Reguis","course_id":1,"section":"2201"}
[12-May-2025 09:54:38 Europe/Berlin] Session already active in TokenHandler. Session ID: 0kpcqpq133luhqo0577f2kc8t0
[12-May-2025 09:54:38 Europe/Berlin] Current session data: {"csrf_token":"cd71733e1586034ae33e4839f2c04f83f216853ce8039d27e6e2cef289429b7b","csrf_token_time":1747034417,"admin_id":1,"srcode":"23-32966","admin_name":"Admin User","email":"23-32966@g.batstate-u.edu.ph","is_super_admin":true,"usertype":"user","student_id":1,"student_name":"Lourence Reguis","course_id":1,"section":"2201"}
[12-May-2025 09:54:40 Europe/Berlin] Session already active in TokenHandler. Session ID: 0kpcqpq133luhqo0577f2kc8t0
[12-May-2025 09:54:40 Europe/Berlin] Current session data: {"csrf_token":"cd71733e1586034ae33e4839f2c04f83f216853ce8039d27e6e2cef289429b7b","csrf_token_time":1747034417,"admin_id":1,"srcode":"23-32966","admin_name":"Admin User","email":"23-32966@g.batstate-u.edu.ph","is_super_admin":true,"usertype":"user","student_id":1,"student_name":"Lourence Reguis","course_id":1,"section":"2201"}
[12-May-2025 09:54:40 Europe/Berlin] Session already active in TokenHandler. Session ID: 0kpcqpq133luhqo0577f2kc8t0
[12-May-2025 09:54:40 Europe/Berlin] Current session data: {"csrf_token":"cd71733e1586034ae33e4839f2c04f83f216853ce8039d27e6e2cef289429b7b","csrf_token_time":1747034417,"admin_id":1,"srcode":"23-32966","admin_name":"Admin User","email":"23-32966@g.batstate-u.edu.ph","is_super_admin":true,"usertype":"user","student_id":1,"student_name":"Lourence Reguis","course_id":1,"section":"2201"}
[12-May-2025 09:54:41 Europe/Berlin] Session already active in TokenHandler. Session ID: 0kpcqpq133luhqo0577f2kc8t0
[12-May-2025 09:54:41 Europe/Berlin] Current session data: {"csrf_token":"cd71733e1586034ae33e4839f2c04f83f216853ce8039d27e6e2cef289429b7b","csrf_token_time":1747034417,"admin_id":1,"srcode":"23-32966","admin_name":"Admin User","email":"23-32966@g.batstate-u.edu.ph","is_super_admin":true,"usertype":"user","student_id":1,"student_name":"Lourence Reguis","course_id":1,"section":"2201"}
[12-May-2025 09:54:41 Europe/Berlin] Session already active in TokenHandler. Session ID: 0kpcqpq133luhqo0577f2kc8t0
[12-May-2025 09:54:41 Europe/Berlin] Current session data: {"csrf_token":"cd71733e1586034ae33e4839f2c04f83f216853ce8039d27e6e2cef289429b7b","csrf_token_time":1747034417,"admin_id":1,"srcode":"23-32966","admin_name":"Admin User","email":"23-32966@g.batstate-u.edu.ph","is_super_admin":true,"usertype":"user","student_id":1,"student_name":"Lourence Reguis","course_id":1,"section":"2201"}
[12-May-2025 09:54:41 Europe/Berlin] Session already active in TokenHandler. Session ID: 0kpcqpq133luhqo0577f2kc8t0
[12-May-2025 09:54:41 Europe/Berlin] Current session data: {"csrf_token":"cd71733e1586034ae33e4839f2c04f83f216853ce8039d27e6e2cef289429b7b","csrf_token_time":1747034417,"admin_id":1,"srcode":"23-32966","admin_name":"Admin User","email":"23-32966@g.batstate-u.edu.ph","is_super_admin":true,"usertype":"user","student_id":1,"student_name":"Lourence Reguis","course_id":1,"section":"2201"}
[12-May-2025 09:54:41 Europe/Berlin] Session already active in TokenHandler. Session ID: 0kpcqpq133luhqo0577f2kc8t0
[12-May-2025 09:54:41 Europe/Berlin] Current session data: {"csrf_token":"cd71733e1586034ae33e4839f2c04f83f216853ce8039d27e6e2cef289429b7b","csrf_token_time":1747034417,"admin_id":1,"srcode":"23-32966","admin_name":"Admin User","email":"23-32966@g.batstate-u.edu.ph","is_super_admin":true,"usertype":"user","student_id":1,"student_name":"Lourence Reguis","course_id":1,"section":"2201"}
[12-May-2025 09:54:42 Europe/Berlin] Session already active in TokenHandler. Session ID: 0kpcqpq133luhqo0577f2kc8t0
[12-May-2025 09:54:42 Europe/Berlin] Current session data: []
[12-May-2025 09:54:42 Europe/Berlin] Session already active in TokenHandler. Session ID: 0kpcqpq133luhqo0577f2kc8t0
[12-May-2025 09:54:42 Europe/Berlin] Current session data: {"csrf_token":"0c06263ebeaa9e8cfa9e585fd98eadb30ce37ae7f78d11f82245623656393c0a","csrf_token_time":1747036482}
[12-May-2025 09:54:43 Europe/Berlin] Session already active in TokenHandler. Session ID: 0kpcqpq133luhqo0577f2kc8t0
[12-May-2025 09:54:43 Europe/Berlin] Current session data: {"csrf_token":"0c06263ebeaa9e8cfa9e585fd98eadb30ce37ae7f78d11f82245623656393c0a","csrf_token_time":1747036482}
[12-May-2025 09:54:43 Europe/Berlin] Session already active in TokenHandler. Session ID: 0kpcqpq133luhqo0577f2kc8t0
[12-May-2025 09:54:43 Europe/Berlin] Current session data: {"csrf_token":"0c06263ebeaa9e8cfa9e585fd98eadb30ce37ae7f78d11f82245623656393c0a","csrf_token_time":1747036482}
[12-May-2025 09:54:55 Europe/Berlin] Session already active in TokenHandler. Session ID: 0kpcqpq133luhqo0577f2kc8t0
[12-May-2025 09:54:55 Europe/Berlin] Current session data: {"csrf_token":"0c06263ebeaa9e8cfa9e585fd98eadb30ce37ae7f78d11f82245623656393c0a","csrf_token_time":1747036482}
[12-May-2025 09:54:55 Europe/Berlin] Session already active in TokenHandler. Session ID: 0kpcqpq133luhqo0577f2kc8t0
[12-May-2025 09:54:55 Europe/Berlin] Current session data: {"csrf_token":"0c06263ebeaa9e8cfa9e585fd98eadb30ce37ae7f78d11f82245623656393c0a","csrf_token_time":1747036482}
[12-May-2025 09:54:55 Europe/Berlin] Session already active in TokenHandler. Session ID: 0kpcqpq133luhqo0577f2kc8t0
[12-May-2025 09:54:55 Europe/Berlin] Current session data: {"csrf_token":"0c06263ebeaa9e8cfa9e585fd98eadb30ce37ae7f78d11f82245623656393c0a","csrf_token_time":1747036482}
[12-May-2025 09:55:12 Europe/Berlin] Session already active in TokenHandler. Session ID: 0kpcqpq133luhqo0577f2kc8t0
[12-May-2025 09:55:12 Europe/Berlin] Current session data: {"csrf_token":"0c06263ebeaa9e8cfa9e585fd98eadb30ce37ae7f78d11f82245623656393c0a","csrf_token_time":1747036482}
[12-May-2025 09:55:12 Europe/Berlin] Session already active in TokenHandler. Session ID: 0kpcqpq133luhqo0577f2kc8t0
[12-May-2025 09:55:12 Europe/Berlin] Current session data: {"csrf_token":"0c06263ebeaa9e8cfa9e585fd98eadb30ce37ae7f78d11f82245623656393c0a","csrf_token_time":1747036482}
[12-May-2025 09:55:12 Europe/Berlin] Session already active in TokenHandler. Session ID: 0kpcqpq133luhqo0577f2kc8t0
[12-May-2025 09:55:12 Europe/Berlin] Current session data: {"csrf_token":"0c06263ebeaa9e8cfa9e585fd98eadb30ce37ae7f78d11f82245623656393c0a","csrf_token_time":1747036482}
[12-May-2025 09:55:16 Europe/Berlin] Session already active in TokenHandler. Session ID: 0kpcqpq133luhqo0577f2kc8t0
[12-May-2025 09:55:16 Europe/Berlin] Current session data: {"csrf_token":"0c06263ebeaa9e8cfa9e585fd98eadb30ce37ae7f78d11f82245623656393c0a","csrf_token_time":1747036482}
[12-May-2025 09:55:16 Europe/Berlin] Session already active in TokenHandler. Session ID: 0kpcqpq133luhqo0577f2kc8t0
[12-May-2025 09:55:16 Europe/Berlin] Current session data: {"csrf_token":"0c06263ebeaa9e8cfa9e585fd98eadb30ce37ae7f78d11f82245623656393c0a","csrf_token_time":1747036482}
[12-May-2025 10:05:07 Europe/Berlin] Session already active in TokenHandler. Session ID: 0kpcqpq133luhqo0577f2kc8t0
[12-May-2025 10:05:07 Europe/Berlin] Current session data: {"csrf_token":"0c06263ebeaa9e8cfa9e585fd98eadb30ce37ae7f78d11f82245623656393c0a","csrf_token_time":1747036482}
[12-May-2025 10:05:07 Europe/Berlin] Session already active in TokenHandler. Session ID: 0kpcqpq133luhqo0577f2kc8t0
[12-May-2025 10:05:07 Europe/Berlin] Current session data: {"csrf_token":"0c06263ebeaa9e8cfa9e585fd98eadb30ce37ae7f78d11f82245623656393c0a","csrf_token_time":1747036482}
[12-May-2025 10:05:17 Europe/Berlin] Session already active in TokenHandler. Session ID: 0kpcqpq133luhqo0577f2kc8t0
[12-May-2025 10:05:17 Europe/Berlin] Current session data: {"csrf_token":"0c06263ebeaa9e8cfa9e585fd98eadb30ce37ae7f78d11f82245623656393c0a","csrf_token_time":1747036482,"student_id":1,"usertype":"user","srcode":"23-32966","student_name":"Lourence Reguis","email":"23-32966@g.batstate-u.edu.ph","course_id":1,"section":"2201"}
[12-May-2025 10:05:17 Europe/Berlin] Session already active in TokenHandler. Session ID: 0kpcqpq133luhqo0577f2kc8t0
[12-May-2025 10:05:17 Europe/Berlin] Current session data: {"csrf_token":"0c06263ebeaa9e8cfa9e585fd98eadb30ce37ae7f78d11f82245623656393c0a","csrf_token_time":1747036482,"student_id":1,"usertype":"user","srcode":"23-32966","student_name":"Lourence Reguis","email":"23-32966@g.batstate-u.edu.ph","course_id":1,"section":"2201"}
[12-May-2025 10:05:19 Europe/Berlin] Session already active in TokenHandler. Session ID: 0kpcqpq133luhqo0577f2kc8t0
[12-May-2025 10:05:19 Europe/Berlin] Current session data: {"csrf_token":"0c06263ebeaa9e8cfa9e585fd98eadb30ce37ae7f78d11f82245623656393c0a","csrf_token_time":1747036482,"student_id":1,"usertype":"user","srcode":"23-32966","student_name":"Lourence Reguis","email":"23-32966@g.batstate-u.edu.ph","course_id":1,"section":"2201"}
[12-May-2025 10:05:19 Europe/Berlin] Session already active in TokenHandler. Session ID: 0kpcqpq133luhqo0577f2kc8t0
[12-May-2025 10:05:19 Europe/Berlin] Current session data: {"csrf_token":"0c06263ebeaa9e8cfa9e585fd98eadb30ce37ae7f78d11f82245623656393c0a","csrf_token_time":1747036482,"student_id":1,"usertype":"user","srcode":"23-32966","student_name":"Lourence Reguis","email":"23-32966@g.batstate-u.edu.ph","course_id":1,"section":"2201"}
[12-May-2025 10:05:22 Europe/Berlin] Session already active in TokenHandler. Session ID: 0kpcqpq133luhqo0577f2kc8t0
[12-May-2025 10:05:22 Europe/Berlin] Current session data: {"csrf_token":"0c06263ebeaa9e8cfa9e585fd98eadb30ce37ae7f78d11f82245623656393c0a","csrf_token_time":1747036482,"student_id":1,"usertype":"user","srcode":"23-32966","student_name":"Lourence Reguis","email":"23-32966@g.batstate-u.edu.ph","course_id":1,"section":"2201"}
[12-May-2025 10:05:22 Europe/Berlin] Session already active in TokenHandler. Session ID: 0kpcqpq133luhqo0577f2kc8t0
[12-May-2025 10:05:22 Europe/Berlin] Current session data: {"csrf_token":"0c06263ebeaa9e8cfa9e585fd98eadb30ce37ae7f78d11f82245623656393c0a","csrf_token_time":1747036482,"student_id":1,"usertype":"user","srcode":"23-32966","student_name":"Lourence Reguis","email":"23-32966@g.batstate-u.edu.ph","course_id":1,"section":"2201"}
[12-May-2025 10:05:24 Europe/Berlin] Session already active in TokenHandler. Session ID: 0kpcqpq133luhqo0577f2kc8t0
[12-May-2025 10:05:24 Europe/Berlin] Current session data: {"csrf_token":"0c06263ebeaa9e8cfa9e585fd98eadb30ce37ae7f78d11f82245623656393c0a","csrf_token_time":1747036482,"student_id":1,"usertype":"user","srcode":"23-32966","student_name":"Lourence Reguis","email":"23-32966@g.batstate-u.edu.ph","course_id":1,"section":"2201"}
[12-May-2025 10:05:24 Europe/Berlin] Session already active in TokenHandler. Session ID: 0kpcqpq133luhqo0577f2kc8t0
[12-May-2025 10:05:24 Europe/Berlin] Current session data: {"csrf_token":"0c06263ebeaa9e8cfa9e585fd98eadb30ce37ae7f78d11f82245623656393c0a","csrf_token_time":1747036482,"student_id":1,"usertype":"user","srcode":"23-32966","student_name":"Lourence Reguis","email":"23-32966@g.batstate-u.edu.ph","course_id":1,"section":"2201"}
[12-May-2025 10:05:27 Europe/Berlin] Session already active in TokenHandler. Session ID: 0kpcqpq133luhqo0577f2kc8t0
[12-May-2025 10:05:27 Europe/Berlin] Current session data: {"csrf_token":"0c06263ebeaa9e8cfa9e585fd98eadb30ce37ae7f78d11f82245623656393c0a","csrf_token_time":1747036482,"student_id":1,"usertype":"user","srcode":"23-32966","student_name":"Lourence Reguis","email":"23-32966@g.batstate-u.edu.ph","course_id":1,"section":"2201"}
[12-May-2025 10:05:27 Europe/Berlin] Session already active in TokenHandler. Session ID: 0kpcqpq133luhqo0577f2kc8t0
[12-May-2025 10:05:27 Europe/Berlin] Current session data: {"csrf_token":"0c06263ebeaa9e8cfa9e585fd98eadb30ce37ae7f78d11f82245623656393c0a","csrf_token_time":1747036482,"student_id":1,"usertype":"user","srcode":"23-32966","student_name":"Lourence Reguis","email":"23-32966@g.batstate-u.edu.ph","course_id":1,"section":"2201"}
[12-May-2025 10:05:44 Europe/Berlin] Session already active in TokenHandler. Session ID: 0kpcqpq133luhqo0577f2kc8t0
[12-May-2025 10:05:44 Europe/Berlin] Current session data: {"csrf_token":"0c06263ebeaa9e8cfa9e585fd98eadb30ce37ae7f78d11f82245623656393c0a","csrf_token_time":1747036482,"student_id":1,"usertype":"user","srcode":"23-32966","student_name":"Lourence Reguis","email":"23-32966@g.batstate-u.edu.ph","course_id":1,"section":"2201"}
[12-May-2025 10:05:44 Europe/Berlin] Session already active in TokenHandler. Session ID: 0kpcqpq133luhqo0577f2kc8t0
[12-May-2025 10:05:44 Europe/Berlin] Current session data: {"csrf_token":"0c06263ebeaa9e8cfa9e585fd98eadb30ce37ae7f78d11f82245623656393c0a","csrf_token_time":1747036482,"student_id":1,"usertype":"user","srcode":"23-32966","student_name":"Lourence Reguis","email":"23-32966@g.batstate-u.edu.ph","course_id":1,"section":"2201"}
[12-May-2025 10:05:46 Europe/Berlin] Session already active in TokenHandler. Session ID: 0kpcqpq133luhqo0577f2kc8t0
[12-May-2025 10:05:46 Europe/Berlin] Current session data: {"csrf_token":"0c06263ebeaa9e8cfa9e585fd98eadb30ce37ae7f78d11f82245623656393c0a","csrf_token_time":1747036482,"student_id":1,"usertype":"user","srcode":"23-32966","student_name":"Lourence Reguis","email":"23-32966@g.batstate-u.edu.ph","course_id":1,"section":"2201"}
[12-May-2025 10:05:46 Europe/Berlin] Session already active in TokenHandler. Session ID: 0kpcqpq133luhqo0577f2kc8t0
[12-May-2025 10:05:46 Europe/Berlin] Current session data: {"csrf_token":"0c06263ebeaa9e8cfa9e585fd98eadb30ce37ae7f78d11f82245623656393c0a","csrf_token_time":1747036482,"student_id":1,"usertype":"user","srcode":"23-32966","student_name":"Lourence Reguis","email":"23-32966@g.batstate-u.edu.ph","course_id":1,"section":"2201"}
[12-May-2025 10:05:46 Europe/Berlin] Session already active in TokenHandler. Session ID: 0kpcqpq133luhqo0577f2kc8t0
[12-May-2025 10:05:46 Europe/Berlin] Current session data: {"csrf_token":"0c06263ebeaa9e8cfa9e585fd98eadb30ce37ae7f78d11f82245623656393c0a","csrf_token_time":1747036482,"student_id":1,"usertype":"user","srcode":"23-32966","student_name":"Lourence Reguis","email":"23-32966@g.batstate-u.edu.ph","course_id":1,"section":"2201"}
[12-May-2025 10:05:46 Europe/Berlin] Session already active in TokenHandler. Session ID: 0kpcqpq133luhqo0577f2kc8t0
[12-May-2025 10:05:46 Europe/Berlin] Current session data: {"csrf_token":"0c06263ebeaa9e8cfa9e585fd98eadb30ce37ae7f78d11f82245623656393c0a","csrf_token_time":1747036482,"student_id":1,"usertype":"user","srcode":"23-32966","student_name":"Lourence Reguis","email":"23-32966@g.batstate-u.edu.ph","course_id":1,"section":"2201"}
[12-May-2025 10:05:48 Europe/Berlin] Session already active in TokenHandler. Session ID: 0kpcqpq133luhqo0577f2kc8t0
[12-May-2025 10:05:48 Europe/Berlin] Current session data: {"csrf_token":"0c06263ebeaa9e8cfa9e585fd98eadb30ce37ae7f78d11f82245623656393c0a","csrf_token_time":1747036482,"student_id":1,"usertype":"user","srcode":"23-32966","student_name":"Lourence Reguis","email":"23-32966@g.batstate-u.edu.ph","course_id":1,"section":"2201"}
[12-May-2025 10:05:48 Europe/Berlin] Session already active in TokenHandler. Session ID: 0kpcqpq133luhqo0577f2kc8t0
[12-May-2025 10:05:48 Europe/Berlin] Current session data: {"csrf_token":"0c06263ebeaa9e8cfa9e585fd98eadb30ce37ae7f78d11f82245623656393c0a","csrf_token_time":1747036482,"student_id":1,"usertype":"user","srcode":"23-32966","student_name":"Lourence Reguis","email":"23-32966@g.batstate-u.edu.ph","course_id":1,"section":"2201"}
[12-May-2025 10:05:49 Europe/Berlin] Session already active in TokenHandler. Session ID: 0kpcqpq133luhqo0577f2kc8t0
[12-May-2025 10:05:49 Europe/Berlin] Current session data: []
[12-May-2025 10:05:49 Europe/Berlin] Session already active in TokenHandler. Session ID: 0kpcqpq133luhqo0577f2kc8t0
[12-May-2025 10:05:49 Europe/Berlin] Current session data: {"csrf_token":"6a697ec4e60cfdfa69753b77fe48f94247b64fb5fc738bcd1a8bbbcad4a18418","csrf_token_time":1747037149}
[12-May-2025 10:05:56 Europe/Berlin] Session already active in TokenHandler. Session ID: 0kpcqpq133luhqo0577f2kc8t0
[12-May-2025 10:05:56 Europe/Berlin] Current session data: {"csrf_token":"6a697ec4e60cfdfa69753b77fe48f94247b64fb5fc738bcd1a8bbbcad4a18418","csrf_token_time":1747037149,"student_id":1,"usertype":"user","srcode":"23-32966","student_name":"Lourence Reguis","email":"23-32966@g.batstate-u.edu.ph","course_id":1,"section":"2201"}
[12-May-2025 10:05:56 Europe/Berlin] Session already active in TokenHandler. Session ID: 0kpcqpq133luhqo0577f2kc8t0
[12-May-2025 10:05:56 Europe/Berlin] Current session data: {"csrf_token":"6a697ec4e60cfdfa69753b77fe48f94247b64fb5fc738bcd1a8bbbcad4a18418","csrf_token_time":1747037149,"student_id":1,"usertype":"user","srcode":"23-32966","student_name":"Lourence Reguis","email":"23-32966@g.batstate-u.edu.ph","course_id":1,"section":"2201"}
[12-May-2025 10:05:58 Europe/Berlin] Session already active in TokenHandler. Session ID: 0kpcqpq133luhqo0577f2kc8t0
[12-May-2025 10:05:58 Europe/Berlin] Current session data: {"csrf_token":"6a697ec4e60cfdfa69753b77fe48f94247b64fb5fc738bcd1a8bbbcad4a18418","csrf_token_time":1747037149,"student_id":1,"usertype":"user","srcode":"23-32966","student_name":"Lourence Reguis","email":"23-32966@g.batstate-u.edu.ph","course_id":1,"section":"2201"}
[12-May-2025 10:05:58 Europe/Berlin] Session already active in TokenHandler. Session ID: 0kpcqpq133luhqo0577f2kc8t0
[12-May-2025 10:05:58 Europe/Berlin] Current session data: {"csrf_token":"6a697ec4e60cfdfa69753b77fe48f94247b64fb5fc738bcd1a8bbbcad4a18418","csrf_token_time":1747037149,"student_id":1,"usertype":"user","srcode":"23-32966","student_name":"Lourence Reguis","email":"23-32966@g.batstate-u.edu.ph","course_id":1,"section":"2201"}
[12-May-2025 10:11:13 Europe/Berlin] Session already active in TokenHandler. Session ID: 0kpcqpq133luhqo0577f2kc8t0
[12-May-2025 10:11:13 Europe/Berlin] Current session data: {"csrf_token":"6a697ec4e60cfdfa69753b77fe48f94247b64fb5fc738bcd1a8bbbcad4a18418","csrf_token_time":1747037149,"student_id":1,"usertype":"user","srcode":"23-32966","student_name":"Lourence Reguis","email":"23-32966@g.batstate-u.edu.ph","course_id":1,"section":"2201"}
[12-May-2025 10:11:13 Europe/Berlin] Session already active in TokenHandler. Session ID: 0kpcqpq133luhqo0577f2kc8t0
[12-May-2025 10:11:13 Europe/Berlin] Current session data: {"csrf_token":"6a697ec4e60cfdfa69753b77fe48f94247b64fb5fc738bcd1a8bbbcad4a18418","csrf_token_time":1747037149,"student_id":1,"usertype":"user","srcode":"23-32966","student_name":"Lourence Reguis","email":"23-32966@g.batstate-u.edu.ph","course_id":1,"section":"2201"}
[12-May-2025 10:11:15 Europe/Berlin] Session already active in TokenHandler. Session ID: 0kpcqpq133luhqo0577f2kc8t0
[12-May-2025 10:11:15 Europe/Berlin] Current session data: {"csrf_token":"6a697ec4e60cfdfa69753b77fe48f94247b64fb5fc738bcd1a8bbbcad4a18418","csrf_token_time":1747037149,"student_id":1,"usertype":"user","srcode":"23-32966","student_name":"Lourence Reguis","email":"23-32966@g.batstate-u.edu.ph","course_id":1,"section":"2201"}
[12-May-2025 10:11:15 Europe/Berlin] Session already active in TokenHandler. Session ID: 0kpcqpq133luhqo0577f2kc8t0
[12-May-2025 10:11:15 Europe/Berlin] Current session data: {"csrf_token":"6a697ec4e60cfdfa69753b77fe48f94247b64fb5fc738bcd1a8bbbcad4a18418","csrf_token_time":1747037149,"student_id":1,"usertype":"user","srcode":"23-32966","student_name":"Lourence Reguis","email":"23-32966@g.batstate-u.edu.ph","course_id":1,"section":"2201"}
[12-May-2025 10:11:16 Europe/Berlin] Session already active in TokenHandler. Session ID: 0kpcqpq133luhqo0577f2kc8t0
[12-May-2025 10:11:16 Europe/Berlin] Current session data: {"csrf_token":"6a697ec4e60cfdfa69753b77fe48f94247b64fb5fc738bcd1a8bbbcad4a18418","csrf_token_time":1747037149,"student_id":1,"usertype":"user","srcode":"23-32966","student_name":"Lourence Reguis","email":"23-32966@g.batstate-u.edu.ph","course_id":1,"section":"2201"}
[12-May-2025 10:11:16 Europe/Berlin] Session already active in TokenHandler. Session ID: 0kpcqpq133luhqo0577f2kc8t0
[12-May-2025 10:11:16 Europe/Berlin] Current session data: {"csrf_token":"6a697ec4e60cfdfa69753b77fe48f94247b64fb5fc738bcd1a8bbbcad4a18418","csrf_token_time":1747037149,"student_id":1,"usertype":"user","srcode":"23-32966","student_name":"Lourence Reguis","email":"23-32966@g.batstate-u.edu.ph","course_id":1,"section":"2201"}
[12-May-2025 10:17:22 Europe/Berlin] Session already active in TokenHandler. Session ID: 0kpcqpq133luhqo0577f2kc8t0
[12-May-2025 10:17:22 Europe/Berlin] Current session data: {"csrf_token":"6a697ec4e60cfdfa69753b77fe48f94247b64fb5fc738bcd1a8bbbcad4a18418","csrf_token_time":1747037149,"student_id":1,"usertype":"user","srcode":"23-32966","student_name":"Lourence Reguis","email":"23-32966@g.batstate-u.edu.ph","course_id":1,"section":"2201"}
[12-May-2025 10:17:22 Europe/Berlin] Session already active in TokenHandler. Session ID: 0kpcqpq133luhqo0577f2kc8t0
[12-May-2025 10:17:22 Europe/Berlin] Current session data: {"csrf_token":"6a697ec4e60cfdfa69753b77fe48f94247b64fb5fc738bcd1a8bbbcad4a18418","csrf_token_time":1747037149,"student_id":1,"usertype":"user","srcode":"23-32966","student_name":"Lourence Reguis","email":"23-32966@g.batstate-u.edu.ph","course_id":1,"section":"2201"}
[12-May-2025 10:17:23 Europe/Berlin] Session already active in TokenHandler. Session ID: 0kpcqpq133luhqo0577f2kc8t0
[12-May-2025 10:17:23 Europe/Berlin] Current session data: {"csrf_token":"6a697ec4e60cfdfa69753b77fe48f94247b64fb5fc738bcd1a8bbbcad4a18418","csrf_token_time":1747037149,"student_id":1,"usertype":"user","srcode":"23-32966","student_name":"Lourence Reguis","email":"23-32966@g.batstate-u.edu.ph","course_id":1,"section":"2201"}
[12-May-2025 10:17:23 Europe/Berlin] Session already active in TokenHandler. Session ID: 0kpcqpq133luhqo0577f2kc8t0
[12-May-2025 10:17:23 Europe/Berlin] Current session data: {"csrf_token":"6a697ec4e60cfdfa69753b77fe48f94247b64fb5fc738bcd1a8bbbcad4a18418","csrf_token_time":1747037149,"student_id":1,"usertype":"user","srcode":"23-32966","student_name":"Lourence Reguis","email":"23-32966@g.batstate-u.edu.ph","course_id":1,"section":"2201"}
[12-May-2025 10:17:25 Europe/Berlin] Session already active in TokenHandler. Session ID: 0kpcqpq133luhqo0577f2kc8t0
[12-May-2025 10:17:25 Europe/Berlin] Current session data: {"csrf_token":"6a697ec4e60cfdfa69753b77fe48f94247b64fb5fc738bcd1a8bbbcad4a18418","csrf_token_time":1747037149,"student_id":1,"usertype":"user","srcode":"23-32966","student_name":"Lourence Reguis","email":"23-32966@g.batstate-u.edu.ph","course_id":1,"section":"2201"}
[12-May-2025 10:17:25 Europe/Berlin] Session already active in TokenHandler. Session ID: 0kpcqpq133luhqo0577f2kc8t0
[12-May-2025 10:17:25 Europe/Berlin] Current session data: {"csrf_token":"6a697ec4e60cfdfa69753b77fe48f94247b64fb5fc738bcd1a8bbbcad4a18418","csrf_token_time":1747037149,"student_id":1,"usertype":"user","srcode":"23-32966","student_name":"Lourence Reguis","email":"23-32966@g.batstate-u.edu.ph","course_id":1,"section":"2201"}
[12-May-2025 10:17:25 Europe/Berlin] Session already active in TokenHandler. Session ID: 0kpcqpq133luhqo0577f2kc8t0
[12-May-2025 10:17:25 Europe/Berlin] Current session data: {"csrf_token":"6a697ec4e60cfdfa69753b77fe48f94247b64fb5fc738bcd1a8bbbcad4a18418","csrf_token_time":1747037149,"student_id":1,"usertype":"user","srcode":"23-32966","student_name":"Lourence Reguis","email":"23-32966@g.batstate-u.edu.ph","course_id":1,"section":"2201"}
[12-May-2025 10:17:26 Europe/Berlin] Session already active in TokenHandler. Session ID: 0kpcqpq133luhqo0577f2kc8t0
[12-May-2025 10:17:26 Europe/Berlin] Current session data: {"csrf_token":"6a697ec4e60cfdfa69753b77fe48f94247b64fb5fc738bcd1a8bbbcad4a18418","csrf_token_time":1747037149,"student_id":1,"usertype":"user","srcode":"23-32966","student_name":"Lourence Reguis","email":"23-32966@g.batstate-u.edu.ph","course_id":1,"section":"2201"}
[12-May-2025 10:17:26 Europe/Berlin] Session already active in TokenHandler. Session ID: 0kpcqpq133luhqo0577f2kc8t0
[12-May-2025 10:17:26 Europe/Berlin] Current session data: {"csrf_token":"6a697ec4e60cfdfa69753b77fe48f94247b64fb5fc738bcd1a8bbbcad4a18418","csrf_token_time":1747037149,"student_id":1,"usertype":"user","srcode":"23-32966","student_name":"Lourence Reguis","email":"23-32966@g.batstate-u.edu.ph","course_id":1,"section":"2201"}
[12-May-2025 10:17:26 Europe/Berlin] Session already active in TokenHandler. Session ID: 0kpcqpq133luhqo0577f2kc8t0
[12-May-2025 10:17:26 Europe/Berlin] Current session data: {"csrf_token":"6a697ec4e60cfdfa69753b77fe48f94247b64fb5fc738bcd1a8bbbcad4a18418","csrf_token_time":1747037149,"student_id":1,"usertype":"user","srcode":"23-32966","student_name":"Lourence Reguis","email":"23-32966@g.batstate-u.edu.ph","course_id":1,"section":"2201"}
[12-May-2025 10:17:30 Europe/Berlin] Session already active in TokenHandler. Session ID: 0kpcqpq133luhqo0577f2kc8t0
[12-May-2025 10:17:30 Europe/Berlin] Current session data: {"csrf_token":"6a697ec4e60cfdfa69753b77fe48f94247b64fb5fc738bcd1a8bbbcad4a18418","csrf_token_time":1747037149,"student_id":1,"usertype":"user","srcode":"23-32966","student_name":"Lourence Reguis","email":"23-32966@g.batstate-u.edu.ph","course_id":1,"section":"2201"}
[12-May-2025 10:17:30 Europe/Berlin] Session already active in TokenHandler. Session ID: 0kpcqpq133luhqo0577f2kc8t0
[12-May-2025 10:17:30 Europe/Berlin] Current session data: {"csrf_token":"6a697ec4e60cfdfa69753b77fe48f94247b64fb5fc738bcd1a8bbbcad4a18418","csrf_token_time":1747037149,"student_id":1,"usertype":"user","srcode":"23-32966","student_name":"Lourence Reguis","email":"23-32966@g.batstate-u.edu.ph","course_id":1,"section":"2201"}
[12-May-2025 10:17:30 Europe/Berlin] Session already active in TokenHandler. Session ID: 0kpcqpq133luhqo0577f2kc8t0
[12-May-2025 10:17:30 Europe/Berlin] Current session data: {"csrf_token":"6a697ec4e60cfdfa69753b77fe48f94247b64fb5fc738bcd1a8bbbcad4a18418","csrf_token_time":1747037149,"student_id":1,"usertype":"user","srcode":"23-32966","student_name":"Lourence Reguis","email":"23-32966@g.batstate-u.edu.ph","course_id":1,"section":"2201"}
[12-May-2025 10:17:30 Europe/Berlin] Session already active in TokenHandler. Session ID: 0kpcqpq133luhqo0577f2kc8t0
[12-May-2025 10:17:30 Europe/Berlin] Current session data: {"csrf_token":"6a697ec4e60cfdfa69753b77fe48f94247b64fb5fc738bcd1a8bbbcad4a18418","csrf_token_time":1747037149,"student_id":1,"usertype":"user","srcode":"23-32966","student_name":"Lourence Reguis","email":"23-32966@g.batstate-u.edu.ph","course_id":1,"section":"2201"}
[12-May-2025 10:17:30 Europe/Berlin] Session already active in TokenHandler. Session ID: 0kpcqpq133luhqo0577f2kc8t0
[12-May-2025 10:17:30 Europe/Berlin] Current session data: {"csrf_token":"6a697ec4e60cfdfa69753b77fe48f94247b64fb5fc738bcd1a8bbbcad4a18418","csrf_token_time":1747037149,"student_id":1,"usertype":"user","srcode":"23-32966","student_name":"Lourence Reguis","email":"23-32966@g.batstate-u.edu.ph","course_id":1,"section":"2201"}
[12-May-2025 10:17:31 Europe/Berlin] Session already active in TokenHandler. Session ID: 0kpcqpq133luhqo0577f2kc8t0
[12-May-2025 10:17:31 Europe/Berlin] Current session data: {"csrf_token":"6a697ec4e60cfdfa69753b77fe48f94247b64fb5fc738bcd1a8bbbcad4a18418","csrf_token_time":1747037149,"student_id":1,"usertype":"user","srcode":"23-32966","student_name":"Lourence Reguis","email":"23-32966@g.batstate-u.edu.ph","course_id":1,"section":"2201"}
[12-May-2025 10:21:15 Europe/Berlin] Session already active in TokenHandler. Session ID: 0kpcqpq133luhqo0577f2kc8t0
[12-May-2025 10:21:15 Europe/Berlin] Current session data: {"csrf_token":"6a697ec4e60cfdfa69753b77fe48f94247b64fb5fc738bcd1a8bbbcad4a18418","csrf_token_time":1747037149,"student_id":1,"usertype":"user","srcode":"23-32966","student_name":"Lourence Reguis","email":"23-32966@g.batstate-u.edu.ph","course_id":1,"section":"2201"}
[12-May-2025 10:21:15 Europe/Berlin] Session already active in TokenHandler. Session ID: 0kpcqpq133luhqo0577f2kc8t0
[12-May-2025 10:21:15 Europe/Berlin] Current session data: {"csrf_token":"6a697ec4e60cfdfa69753b77fe48f94247b64fb5fc738bcd1a8bbbcad4a18418","csrf_token_time":1747037149,"student_id":1,"usertype":"user","srcode":"23-32966","student_name":"Lourence Reguis","email":"23-32966@g.batstate-u.edu.ph","course_id":1,"section":"2201"}
[12-May-2025 10:21:15 Europe/Berlin] Session already active in TokenHandler. Session ID: 0kpcqpq133luhqo0577f2kc8t0
[12-May-2025 10:21:15 Europe/Berlin] Current session data: {"csrf_token":"6a697ec4e60cfdfa69753b77fe48f94247b64fb5fc738bcd1a8bbbcad4a18418","csrf_token_time":1747037149,"student_id":1,"usertype":"user","srcode":"23-32966","student_name":"Lourence Reguis","email":"23-32966@g.batstate-u.edu.ph","course_id":1,"section":"2201"}
[12-May-2025 10:21:19 Europe/Berlin] Session already active in TokenHandler. Session ID: 0kpcqpq133luhqo0577f2kc8t0
[12-May-2025 10:21:19 Europe/Berlin] Current session data: {"csrf_token":"6a697ec4e60cfdfa69753b77fe48f94247b64fb5fc738bcd1a8bbbcad4a18418","csrf_token_time":1747037149,"student_id":1,"usertype":"user","srcode":"23-32966","student_name":"Lourence Reguis","email":"23-32966@g.batstate-u.edu.ph","course_id":1,"section":"2201"}
[12-May-2025 10:21:19 Europe/Berlin] Session already active in TokenHandler. Session ID: 0kpcqpq133luhqo0577f2kc8t0
[12-May-2025 10:21:19 Europe/Berlin] Current session data: {"csrf_token":"6a697ec4e60cfdfa69753b77fe48f94247b64fb5fc738bcd1a8bbbcad4a18418","csrf_token_time":1747037149,"student_id":1,"usertype":"user","srcode":"23-32966","student_name":"Lourence Reguis","email":"23-32966@g.batstate-u.edu.ph","course_id":1,"section":"2201"}
[12-May-2025 10:21:21 Europe/Berlin] Session already active in TokenHandler. Session ID: 0kpcqpq133luhqo0577f2kc8t0
[12-May-2025 10:21:21 Europe/Berlin] Current session data: {"csrf_token":"6a697ec4e60cfdfa69753b77fe48f94247b64fb5fc738bcd1a8bbbcad4a18418","csrf_token_time":1747037149,"student_id":1,"usertype":"user","srcode":"23-32966","student_name":"Lourence Reguis","email":"23-32966@g.batstate-u.edu.ph","course_id":1,"section":"2201"}
[12-May-2025 10:21:21 Europe/Berlin] Session already active in TokenHandler. Session ID: 0kpcqpq133luhqo0577f2kc8t0
[12-May-2025 10:21:21 Europe/Berlin] Current session data: {"csrf_token":"6a697ec4e60cfdfa69753b77fe48f94247b64fb5fc738bcd1a8bbbcad4a18418","csrf_token_time":1747037149,"student_id":1,"usertype":"user","srcode":"23-32966","student_name":"Lourence Reguis","email":"23-32966@g.batstate-u.edu.ph","course_id":1,"section":"2201"}
[12-May-2025 10:21:22 Europe/Berlin] Session already active in TokenHandler. Session ID: 0kpcqpq133luhqo0577f2kc8t0
[12-May-2025 10:21:22 Europe/Berlin] Current session data: {"csrf_token":"6a697ec4e60cfdfa69753b77fe48f94247b64fb5fc738bcd1a8bbbcad4a18418","csrf_token_time":1747037149,"student_id":1,"usertype":"user","srcode":"23-32966","student_name":"Lourence Reguis","email":"23-32966@g.batstate-u.edu.ph","course_id":1,"section":"2201"}
[12-May-2025 10:21:22 Europe/Berlin] Session already active in TokenHandler. Session ID: 0kpcqpq133luhqo0577f2kc8t0
[12-May-2025 10:21:22 Europe/Berlin] Current session data: {"csrf_token":"6a697ec4e60cfdfa69753b77fe48f94247b64fb5fc738bcd1a8bbbcad4a18418","csrf_token_time":1747037149,"student_id":1,"usertype":"user","srcode":"23-32966","student_name":"Lourence Reguis","email":"23-32966@g.batstate-u.edu.ph","course_id":1,"section":"2201"}
[12-May-2025 10:21:23 Europe/Berlin] Session already active in TokenHandler. Session ID: 0kpcqpq133luhqo0577f2kc8t0
[12-May-2025 10:21:23 Europe/Berlin] Current session data: {"csrf_token":"6a697ec4e60cfdfa69753b77fe48f94247b64fb5fc738bcd1a8bbbcad4a18418","csrf_token_time":1747037149,"student_id":1,"usertype":"user","srcode":"23-32966","student_name":"Lourence Reguis","email":"23-32966@g.batstate-u.edu.ph","course_id":1,"section":"2201"}
[12-May-2025 10:21:23 Europe/Berlin] Session already active in TokenHandler. Session ID: 0kpcqpq133luhqo0577f2kc8t0
[12-May-2025 10:21:23 Europe/Berlin] Current session data: {"csrf_token":"6a697ec4e60cfdfa69753b77fe48f94247b64fb5fc738bcd1a8bbbcad4a18418","csrf_token_time":1747037149,"student_id":1,"usertype":"user","srcode":"23-32966","student_name":"Lourence Reguis","email":"23-32966@g.batstate-u.edu.ph","course_id":1,"section":"2201"}
[12-May-2025 10:21:24 Europe/Berlin] Session already active in TokenHandler. Session ID: 0kpcqpq133luhqo0577f2kc8t0
[12-May-2025 10:21:24 Europe/Berlin] Current session data: {"csrf_token":"6a697ec4e60cfdfa69753b77fe48f94247b64fb5fc738bcd1a8bbbcad4a18418","csrf_token_time":1747037149,"student_id":1,"usertype":"user","srcode":"23-32966","student_name":"Lourence Reguis","email":"23-32966@g.batstate-u.edu.ph","course_id":1,"section":"2201"}
[12-May-2025 10:21:24 Europe/Berlin] Session already active in TokenHandler. Session ID: 0kpcqpq133luhqo0577f2kc8t0
[12-May-2025 10:21:24 Europe/Berlin] Current session data: {"csrf_token":"6a697ec4e60cfdfa69753b77fe48f94247b64fb5fc738bcd1a8bbbcad4a18418","csrf_token_time":1747037149,"student_id":1,"usertype":"user","srcode":"23-32966","student_name":"Lourence Reguis","email":"23-32966@g.batstate-u.edu.ph","course_id":1,"section":"2201"}
[12-May-2025 10:21:26 Europe/Berlin] Session already active in TokenHandler. Session ID: 0kpcqpq133luhqo0577f2kc8t0
[12-May-2025 10:21:26 Europe/Berlin] Current session data: {"csrf_token":"6a697ec4e60cfdfa69753b77fe48f94247b64fb5fc738bcd1a8bbbcad4a18418","csrf_token_time":1747037149,"student_id":1,"usertype":"user","srcode":"23-32966","student_name":"Lourence Reguis","email":"23-32966@g.batstate-u.edu.ph","course_id":1,"section":"2201"}
[12-May-2025 10:21:26 Europe/Berlin] Session already active in TokenHandler. Session ID: 0kpcqpq133luhqo0577f2kc8t0
[12-May-2025 10:21:26 Europe/Berlin] Current session data: {"csrf_token":"6a697ec4e60cfdfa69753b77fe48f94247b64fb5fc738bcd1a8bbbcad4a18418","csrf_token_time":1747037149,"student_id":1,"usertype":"user","srcode":"23-32966","student_name":"Lourence Reguis","email":"23-32966@g.batstate-u.edu.ph","course_id":1,"section":"2201"}
[12-May-2025 10:21:32 Europe/Berlin] Session already active in TokenHandler. Session ID: 0kpcqpq133luhqo0577f2kc8t0
[12-May-2025 10:21:32 Europe/Berlin] Current session data: {"csrf_token":"6a697ec4e60cfdfa69753b77fe48f94247b64fb5fc738bcd1a8bbbcad4a18418","csrf_token_time":1747037149,"student_id":1,"usertype":"admin","srcode":"21-00001","student_name":"Lourence Reguis","email":"admin@admin.com","course_id":1,"section":"2201","admin_id":1,"admin_name":"Admin User","is_super_admin":true}
[12-May-2025 10:21:32 Europe/Berlin] Session already active in TokenHandler. Session ID: 0kpcqpq133luhqo0577f2kc8t0
[12-May-2025 10:21:32 Europe/Berlin] Current session data: {"csrf_token":"6a697ec4e60cfdfa69753b77fe48f94247b64fb5fc738bcd1a8bbbcad4a18418","csrf_token_time":1747037149,"student_id":1,"usertype":"admin","srcode":"21-00001","student_name":"Lourence Reguis","email":"admin@admin.com","course_id":1,"section":"2201","admin_id":1,"admin_name":"Admin User","is_super_admin":true}
[12-May-2025 10:21:35 Europe/Berlin] Session already active in TokenHandler. Session ID: 0kpcqpq133luhqo0577f2kc8t0
[12-May-2025 10:21:35 Europe/Berlin] Current session data: {"csrf_token":"6a697ec4e60cfdfa69753b77fe48f94247b64fb5fc738bcd1a8bbbcad4a18418","csrf_token_time":1747037149,"student_id":1,"usertype":"admin","srcode":"21-00001","student_name":"Lourence Reguis","email":"admin@admin.com","course_id":1,"section":"2201","admin_id":1,"admin_name":"Admin User","is_super_admin":true}
[12-May-2025 10:21:35 Europe/Berlin] Session already active in TokenHandler. Session ID: 0kpcqpq133luhqo0577f2kc8t0
[12-May-2025 10:21:35 Europe/Berlin] Current session data: {"csrf_token":"6a697ec4e60cfdfa69753b77fe48f94247b64fb5fc738bcd1a8bbbcad4a18418","csrf_token_time":1747037149,"student_id":1,"usertype":"admin","srcode":"21-00001","student_name":"Lourence Reguis","email":"admin@admin.com","course_id":1,"section":"2201","admin_id":1,"admin_name":"Admin User","is_super_admin":true}
[12-May-2025 10:21:36 Europe/Berlin] Session already active in TokenHandler. Session ID: 0kpcqpq133luhqo0577f2kc8t0
[12-May-2025 10:21:36 Europe/Berlin] Current session data: {"csrf_token":"6a697ec4e60cfdfa69753b77fe48f94247b64fb5fc738bcd1a8bbbcad4a18418","csrf_token_time":1747037149,"student_id":1,"usertype":"admin","srcode":"21-00001","student_name":"Lourence Reguis","email":"admin@admin.com","course_id":1,"section":"2201","admin_id":1,"admin_name":"Admin User","is_super_admin":true}
[12-May-2025 10:21:36 Europe/Berlin] Session already active in TokenHandler. Session ID: 0kpcqpq133luhqo0577f2kc8t0
[12-May-2025 10:21:36 Europe/Berlin] Current session data: {"csrf_token":"6a697ec4e60cfdfa69753b77fe48f94247b64fb5fc738bcd1a8bbbcad4a18418","csrf_token_time":1747037149,"student_id":1,"usertype":"admin","srcode":"21-00001","student_name":"Lourence Reguis","email":"admin@admin.com","course_id":1,"section":"2201","admin_id":1,"admin_name":"Admin User","is_super_admin":true}
[12-May-2025 10:21:36 Europe/Berlin] Session already active in TokenHandler. Session ID: 0kpcqpq133luhqo0577f2kc8t0
[12-May-2025 10:21:36 Europe/Berlin] Current session data: {"csrf_token":"6a697ec4e60cfdfa69753b77fe48f94247b64fb5fc738bcd1a8bbbcad4a18418","csrf_token_time":1747037149,"student_id":1,"usertype":"admin","srcode":"21-00001","student_name":"Lourence Reguis","email":"admin@admin.com","course_id":1,"section":"2201","admin_id":1,"admin_name":"Admin User","is_super_admin":true}
[12-May-2025 10:21:36 Europe/Berlin] Session already active in TokenHandler. Session ID: 0kpcqpq133luhqo0577f2kc8t0
[12-May-2025 10:21:36 Europe/Berlin] Current session data: {"csrf_token":"6a697ec4e60cfdfa69753b77fe48f94247b64fb5fc738bcd1a8bbbcad4a18418","csrf_token_time":1747037149,"student_id":1,"usertype":"admin","srcode":"21-00001","student_name":"Lourence Reguis","email":"admin@admin.com","course_id":1,"section":"2201","admin_id":1,"admin_name":"Admin User","is_super_admin":true}
[12-May-2025 10:21:39 Europe/Berlin] Session already active in TokenHandler. Session ID: 0kpcqpq133luhqo0577f2kc8t0
[12-May-2025 10:21:39 Europe/Berlin] Current session data: {"csrf_token":"6a697ec4e60cfdfa69753b77fe48f94247b64fb5fc738bcd1a8bbbcad4a18418","csrf_token_time":1747037149,"student_id":1,"usertype":"admin","srcode":"21-00001","student_name":"Lourence Reguis","email":"admin@admin.com","course_id":1,"section":"2201","admin_id":1,"admin_name":"Admin User","is_super_admin":true}
[12-May-2025 10:21:39 Europe/Berlin] Session already active in TokenHandler. Session ID: 0kpcqpq133luhqo0577f2kc8t0
[12-May-2025 10:21:39 Europe/Berlin] Current session data: {"csrf_token":"6a697ec4e60cfdfa69753b77fe48f94247b64fb5fc738bcd1a8bbbcad4a18418","csrf_token_time":1747037149,"student_id":1,"usertype":"admin","srcode":"21-00001","student_name":"Lourence Reguis","email":"admin@admin.com","course_id":1,"section":"2201","admin_id":1,"admin_name":"Admin User","is_super_admin":true}
[12-May-2025 10:21:39 Europe/Berlin] Session already active in TokenHandler. Session ID: 0kpcqpq133luhqo0577f2kc8t0
[12-May-2025 10:21:39 Europe/Berlin] Current session data: {"csrf_token":"6a697ec4e60cfdfa69753b77fe48f94247b64fb5fc738bcd1a8bbbcad4a18418","csrf_token_time":1747037149,"student_id":1,"usertype":"admin","srcode":"21-00001","student_name":"Lourence Reguis","email":"admin@admin.com","course_id":1,"section":"2201","admin_id":1,"admin_name":"Admin User","is_super_admin":true}
[12-May-2025 10:21:39 Europe/Berlin] Session already active in TokenHandler. Session ID: 0kpcqpq133luhqo0577f2kc8t0
[12-May-2025 10:21:39 Europe/Berlin] Current session data: {"csrf_token":"6a697ec4e60cfdfa69753b77fe48f94247b64fb5fc738bcd1a8bbbcad4a18418","csrf_token_time":1747037149,"student_id":1,"usertype":"admin","srcode":"21-00001","student_name":"Lourence Reguis","email":"admin@admin.com","course_id":1,"section":"2201","admin_id":1,"admin_name":"Admin User","is_super_admin":true}
[12-May-2025 10:21:42 Europe/Berlin] Session already active in TokenHandler. Session ID: 0kpcqpq133luhqo0577f2kc8t0
[12-May-2025 10:21:42 Europe/Berlin] Current session data: {"csrf_token":"6a697ec4e60cfdfa69753b77fe48f94247b64fb5fc738bcd1a8bbbcad4a18418","csrf_token_time":1747037149,"student_id":1,"usertype":"admin","srcode":"21-00001","student_name":"Lourence Reguis","email":"admin@admin.com","course_id":1,"section":"2201","admin_id":1,"admin_name":"Admin User","is_super_admin":true}
[12-May-2025 10:21:42 Europe/Berlin] Session already active in TokenHandler. Session ID: 0kpcqpq133luhqo0577f2kc8t0
[12-May-2025 10:21:42 Europe/Berlin] Current session data: {"csrf_token":"6a697ec4e60cfdfa69753b77fe48f94247b64fb5fc738bcd1a8bbbcad4a18418","csrf_token_time":1747037149,"student_id":1,"usertype":"admin","srcode":"21-00001","student_name":"Lourence Reguis","email":"admin@admin.com","course_id":1,"section":"2201","admin_id":1,"admin_name":"Admin User","is_super_admin":true}
[12-May-2025 10:21:42 Europe/Berlin] Session already active in TokenHandler. Session ID: 0kpcqpq133luhqo0577f2kc8t0
[12-May-2025 10:21:42 Europe/Berlin] Current session data: {"csrf_token":"6a697ec4e60cfdfa69753b77fe48f94247b64fb5fc738bcd1a8bbbcad4a18418","csrf_token_time":1747037149,"student_id":1,"usertype":"admin","srcode":"21-00001","student_name":"Lourence Reguis","email":"admin@admin.com","course_id":1,"section":"2201","admin_id":1,"admin_name":"Admin User","is_super_admin":true}
[12-May-2025 10:21:42 Europe/Berlin] Session already active in TokenHandler. Session ID: 0kpcqpq133luhqo0577f2kc8t0
[12-May-2025 10:21:42 Europe/Berlin] Current session data: {"csrf_token":"6a697ec4e60cfdfa69753b77fe48f94247b64fb5fc738bcd1a8bbbcad4a18418","csrf_token_time":1747037149,"student_id":1,"usertype":"admin","srcode":"21-00001","student_name":"Lourence Reguis","email":"admin@admin.com","course_id":1,"section":"2201","admin_id":1,"admin_name":"Admin User","is_super_admin":true}
[12-May-2025 10:21:44 Europe/Berlin] Session already active in TokenHandler. Session ID: 0kpcqpq133luhqo0577f2kc8t0
[12-May-2025 10:21:44 Europe/Berlin] Current session data: {"csrf_token":"6a697ec4e60cfdfa69753b77fe48f94247b64fb5fc738bcd1a8bbbcad4a18418","csrf_token_time":1747037149,"student_id":1,"usertype":"admin","srcode":"21-00001","student_name":"Lourence Reguis","email":"admin@admin.com","course_id":1,"section":"2201","admin_id":1,"admin_name":"Admin User","is_super_admin":true}
[12-May-2025 10:21:44 Europe/Berlin] Session already active in TokenHandler. Session ID: 0kpcqpq133luhqo0577f2kc8t0
[12-May-2025 10:21:44 Europe/Berlin] Current session data: {"csrf_token":"6a697ec4e60cfdfa69753b77fe48f94247b64fb5fc738bcd1a8bbbcad4a18418","csrf_token_time":1747037149,"student_id":1,"usertype":"admin","srcode":"21-00001","student_name":"Lourence Reguis","email":"admin@admin.com","course_id":1,"section":"2201","admin_id":1,"admin_name":"Admin User","is_super_admin":true}
[12-May-2025 10:21:44 Europe/Berlin] Session already active in TokenHandler. Session ID: 0kpcqpq133luhqo0577f2kc8t0
[12-May-2025 10:21:44 Europe/Berlin] Current session data: {"csrf_token":"6a697ec4e60cfdfa69753b77fe48f94247b64fb5fc738bcd1a8bbbcad4a18418","csrf_token_time":1747037149,"student_id":1,"usertype":"admin","srcode":"21-00001","student_name":"Lourence Reguis","email":"admin@admin.com","course_id":1,"section":"2201","admin_id":1,"admin_name":"Admin User","is_super_admin":true}
[12-May-2025 10:21:44 Europe/Berlin] Session already active in TokenHandler. Session ID: 0kpcqpq133luhqo0577f2kc8t0
[12-May-2025 10:21:44 Europe/Berlin] Current session data: {"csrf_token":"6a697ec4e60cfdfa69753b77fe48f94247b64fb5fc738bcd1a8bbbcad4a18418","csrf_token_time":1747037149,"student_id":1,"usertype":"admin","srcode":"21-00001","student_name":"Lourence Reguis","email":"admin@admin.com","course_id":1,"section":"2201","admin_id":1,"admin_name":"Admin User","is_super_admin":true}
[12-May-2025 10:21:47 Europe/Berlin] Session already active in TokenHandler. Session ID: 0kpcqpq133luhqo0577f2kc8t0
[12-May-2025 10:21:47 Europe/Berlin] Current session data: {"csrf_token":"6a697ec4e60cfdfa69753b77fe48f94247b64fb5fc738bcd1a8bbbcad4a18418","csrf_token_time":1747037149,"student_id":1,"usertype":"admin","srcode":"21-00001","student_name":"Lourence Reguis","email":"admin@admin.com","course_id":1,"section":"2201","admin_id":1,"admin_name":"Admin User","is_super_admin":true}
[12-May-2025 10:21:47 Europe/Berlin] Session already active in TokenHandler. Session ID: 0kpcqpq133luhqo0577f2kc8t0
[12-May-2025 10:21:47 Europe/Berlin] Current session data: {"csrf_token":"6a697ec4e60cfdfa69753b77fe48f94247b64fb5fc738bcd1a8bbbcad4a18418","csrf_token_time":1747037149,"student_id":1,"usertype":"admin","srcode":"21-00001","student_name":"Lourence Reguis","email":"admin@admin.com","course_id":1,"section":"2201","admin_id":1,"admin_name":"Admin User","is_super_admin":true}
[12-May-2025 10:21:47 Europe/Berlin] Session already active in TokenHandler. Session ID: 0kpcqpq133luhqo0577f2kc8t0
[12-May-2025 10:21:47 Europe/Berlin] Current session data: {"csrf_token":"6a697ec4e60cfdfa69753b77fe48f94247b64fb5fc738bcd1a8bbbcad4a18418","csrf_token_time":1747037149,"student_id":1,"usertype":"admin","srcode":"21-00001","student_name":"Lourence Reguis","email":"admin@admin.com","course_id":1,"section":"2201","admin_id":1,"admin_name":"Admin User","is_super_admin":true}
[12-May-2025 10:21:47 Europe/Berlin] Session already active in TokenHandler. Session ID: 0kpcqpq133luhqo0577f2kc8t0
[12-May-2025 10:21:47 Europe/Berlin] Current session data: {"csrf_token":"6a697ec4e60cfdfa69753b77fe48f94247b64fb5fc738bcd1a8bbbcad4a18418","csrf_token_time":1747037149,"student_id":1,"usertype":"admin","srcode":"21-00001","student_name":"Lourence Reguis","email":"admin@admin.com","course_id":1,"section":"2201","admin_id":1,"admin_name":"Admin User","is_super_admin":true}
[12-May-2025 10:25:56 Europe/Berlin] Session already active in TokenHandler. Session ID: 0kpcqpq133luhqo0577f2kc8t0
[12-May-2025 10:25:56 Europe/Berlin] Current session data: {"csrf_token":"6a697ec4e60cfdfa69753b77fe48f94247b64fb5fc738bcd1a8bbbcad4a18418","csrf_token_time":1747037149,"student_id":1,"usertype":"admin","srcode":"21-00001","student_name":"Lourence Reguis","email":"admin@admin.com","course_id":1,"section":"2201","admin_id":1,"admin_name":"Admin User","is_super_admin":true}
[12-May-2025 10:25:56 Europe/Berlin] Session already active in TokenHandler. Session ID: 0kpcqpq133luhqo0577f2kc8t0
[12-May-2025 10:25:56 Europe/Berlin] Current session data: {"csrf_token":"6a697ec4e60cfdfa69753b77fe48f94247b64fb5fc738bcd1a8bbbcad4a18418","csrf_token_time":1747037149,"student_id":1,"usertype":"admin","srcode":"21-00001","student_name":"Lourence Reguis","email":"admin@admin.com","course_id":1,"section":"2201","admin_id":1,"admin_name":"Admin User","is_super_admin":true}
[12-May-2025 10:25:56 Europe/Berlin] Session already active in TokenHandler. Session ID: 0kpcqpq133luhqo0577f2kc8t0
[12-May-2025 10:25:56 Europe/Berlin] Current session data: {"csrf_token":"6a697ec4e60cfdfa69753b77fe48f94247b64fb5fc738bcd1a8bbbcad4a18418","csrf_token_time":1747037149,"student_id":1,"usertype":"admin","srcode":"21-00001","student_name":"Lourence Reguis","email":"admin@admin.com","course_id":1,"section":"2201","admin_id":1,"admin_name":"Admin User","is_super_admin":true}
[12-May-2025 10:25:56 Europe/Berlin] Session already active in TokenHandler. Session ID: 0kpcqpq133luhqo0577f2kc8t0
[12-May-2025 10:25:56 Europe/Berlin] Current session data: {"csrf_token":"6a697ec4e60cfdfa69753b77fe48f94247b64fb5fc738bcd1a8bbbcad4a18418","csrf_token_time":1747037149,"student_id":1,"usertype":"admin","srcode":"21-00001","student_name":"Lourence Reguis","email":"admin@admin.com","course_id":1,"section":"2201","admin_id":1,"admin_name":"Admin User","is_super_admin":true}
[12-May-2025 10:25:59 Europe/Berlin] Session already active in TokenHandler. Session ID: 0kpcqpq133luhqo0577f2kc8t0
[12-May-2025 10:25:59 Europe/Berlin] Current session data: {"csrf_token":"6a697ec4e60cfdfa69753b77fe48f94247b64fb5fc738bcd1a8bbbcad4a18418","csrf_token_time":1747037149,"student_id":1,"usertype":"admin","srcode":"21-00001","student_name":"Lourence Reguis","email":"admin@admin.com","course_id":1,"section":"2201","admin_id":1,"admin_name":"Admin User","is_super_admin":true}
[12-May-2025 10:25:59 Europe/Berlin] Session already active in TokenHandler. Session ID: 0kpcqpq133luhqo0577f2kc8t0
[12-May-2025 10:25:59 Europe/Berlin] Current session data: {"csrf_token":"6a697ec4e60cfdfa69753b77fe48f94247b64fb5fc738bcd1a8bbbcad4a18418","csrf_token_time":1747037149,"student_id":1,"usertype":"admin","srcode":"21-00001","student_name":"Lourence Reguis","email":"admin@admin.com","course_id":1,"section":"2201","admin_id":1,"admin_name":"Admin User","is_super_admin":true}
[12-May-2025 10:26:00 Europe/Berlin] Session already active in TokenHandler. Session ID: 0kpcqpq133luhqo0577f2kc8t0
[12-May-2025 10:26:00 Europe/Berlin] Current session data: {"csrf_token":"6a697ec4e60cfdfa69753b77fe48f94247b64fb5fc738bcd1a8bbbcad4a18418","csrf_token_time":1747037149,"student_id":1,"usertype":"admin","srcode":"21-00001","student_name":"Lourence Reguis","email":"admin@admin.com","course_id":1,"section":"2201","admin_id":1,"admin_name":"Admin User","is_super_admin":true}
[12-May-2025 10:26:00 Europe/Berlin] Session already active in TokenHandler. Session ID: 0kpcqpq133luhqo0577f2kc8t0
[12-May-2025 10:26:00 Europe/Berlin] Current session data: {"csrf_token":"6a697ec4e60cfdfa69753b77fe48f94247b64fb5fc738bcd1a8bbbcad4a18418","csrf_token_time":1747037149,"student_id":1,"usertype":"admin","srcode":"21-00001","student_name":"Lourence Reguis","email":"admin@admin.com","course_id":1,"section":"2201","admin_id":1,"admin_name":"Admin User","is_super_admin":true}
[12-May-2025 10:26:02 Europe/Berlin] Session already active in TokenHandler. Session ID: 0kpcqpq133luhqo0577f2kc8t0
[12-May-2025 10:26:02 Europe/Berlin] Current session data: {"csrf_token":"6a697ec4e60cfdfa69753b77fe48f94247b64fb5fc738bcd1a8bbbcad4a18418","csrf_token_time":1747037149,"student_id":1,"usertype":"admin","srcode":"21-00001","student_name":"Lourence Reguis","email":"admin@admin.com","course_id":1,"section":"2201","admin_id":1,"admin_name":"Admin User","is_super_admin":true}
[12-May-2025 10:26:02 Europe/Berlin] Session already active in TokenHandler. Session ID: 0kpcqpq133luhqo0577f2kc8t0
[12-May-2025 10:26:02 Europe/Berlin] Current session data: {"csrf_token":"6a697ec4e60cfdfa69753b77fe48f94247b64fb5fc738bcd1a8bbbcad4a18418","csrf_token_time":1747037149,"student_id":1,"usertype":"admin","srcode":"21-00001","student_name":"Lourence Reguis","email":"admin@admin.com","course_id":1,"section":"2201","admin_id":1,"admin_name":"Admin User","is_super_admin":true}
[12-May-2025 10:26:02 Europe/Berlin] Session already active in TokenHandler. Session ID: 0kpcqpq133luhqo0577f2kc8t0
[12-May-2025 10:26:02 Europe/Berlin] Current session data: {"csrf_token":"6a697ec4e60cfdfa69753b77fe48f94247b64fb5fc738bcd1a8bbbcad4a18418","csrf_token_time":1747037149,"student_id":1,"usertype":"admin","srcode":"21-00001","student_name":"Lourence Reguis","email":"admin@admin.com","course_id":1,"section":"2201","admin_id":1,"admin_name":"Admin User","is_super_admin":true}
[12-May-2025 10:26:02 Europe/Berlin] Session already active in TokenHandler. Session ID: 0kpcqpq133luhqo0577f2kc8t0
[12-May-2025 10:26:02 Europe/Berlin] Current session data: {"csrf_token":"6a697ec4e60cfdfa69753b77fe48f94247b64fb5fc738bcd1a8bbbcad4a18418","csrf_token_time":1747037149,"student_id":1,"usertype":"admin","srcode":"21-00001","student_name":"Lourence Reguis","email":"admin@admin.com","course_id":1,"section":"2201","admin_id":1,"admin_name":"Admin User","is_super_admin":true}
[12-May-2025 10:26:04 Europe/Berlin] Session already active in TokenHandler. Session ID: 0kpcqpq133luhqo0577f2kc8t0
[12-May-2025 10:26:04 Europe/Berlin] Current session data: {"csrf_token":"6a697ec4e60cfdfa69753b77fe48f94247b64fb5fc738bcd1a8bbbcad4a18418","csrf_token_time":1747037149,"student_id":1,"usertype":"admin","srcode":"21-00001","student_name":"Lourence Reguis","email":"admin@admin.com","course_id":1,"section":"2201","admin_id":1,"admin_name":"Admin User","is_super_admin":true}
[12-May-2025 10:26:04 Europe/Berlin] Session already active in TokenHandler. Session ID: 0kpcqpq133luhqo0577f2kc8t0
[12-May-2025 10:26:04 Europe/Berlin] Current session data: {"csrf_token":"6a697ec4e60cfdfa69753b77fe48f94247b64fb5fc738bcd1a8bbbcad4a18418","csrf_token_time":1747037149,"student_id":1,"usertype":"admin","srcode":"21-00001","student_name":"Lourence Reguis","email":"admin@admin.com","course_id":1,"section":"2201","admin_id":1,"admin_name":"Admin User","is_super_admin":true}
[12-May-2025 10:26:04 Europe/Berlin] Session already active in TokenHandler. Session ID: 0kpcqpq133luhqo0577f2kc8t0
[12-May-2025 10:26:04 Europe/Berlin] Current session data: {"csrf_token":"6a697ec4e60cfdfa69753b77fe48f94247b64fb5fc738bcd1a8bbbcad4a18418","csrf_token_time":1747037149,"student_id":1,"usertype":"admin","srcode":"21-00001","student_name":"Lourence Reguis","email":"admin@admin.com","course_id":1,"section":"2201","admin_id":1,"admin_name":"Admin User","is_super_admin":true}
[12-May-2025 10:26:04 Europe/Berlin] Session already active in TokenHandler. Session ID: 0kpcqpq133luhqo0577f2kc8t0
[12-May-2025 10:26:04 Europe/Berlin] Current session data: {"csrf_token":"6a697ec4e60cfdfa69753b77fe48f94247b64fb5fc738bcd1a8bbbcad4a18418","csrf_token_time":1747037149,"student_id":1,"usertype":"admin","srcode":"21-00001","student_name":"Lourence Reguis","email":"admin@admin.com","course_id":1,"section":"2201","admin_id":1,"admin_name":"Admin User","is_super_admin":true}
[12-May-2025 10:26:07 Europe/Berlin] Session already active in TokenHandler. Session ID: 0kpcqpq133luhqo0577f2kc8t0
[12-May-2025 10:26:07 Europe/Berlin] Current session data: {"csrf_token":"6a697ec4e60cfdfa69753b77fe48f94247b64fb5fc738bcd1a8bbbcad4a18418","csrf_token_time":1747037149,"student_id":1,"usertype":"admin","srcode":"21-00001","student_name":"Lourence Reguis","email":"admin@admin.com","course_id":1,"section":"2201","admin_id":1,"admin_name":"Admin User","is_super_admin":true}
[12-May-2025 10:26:07 Europe/Berlin] Session already active in TokenHandler. Session ID: 0kpcqpq133luhqo0577f2kc8t0
[12-May-2025 10:26:07 Europe/Berlin] Current session data: {"csrf_token":"6a697ec4e60cfdfa69753b77fe48f94247b64fb5fc738bcd1a8bbbcad4a18418","csrf_token_time":1747037149,"student_id":1,"usertype":"admin","srcode":"21-00001","student_name":"Lourence Reguis","email":"admin@admin.com","course_id":1,"section":"2201","admin_id":1,"admin_name":"Admin User","is_super_admin":true}
[12-May-2025 10:26:07 Europe/Berlin] Session already active in TokenHandler. Session ID: 0kpcqpq133luhqo0577f2kc8t0
[12-May-2025 10:26:07 Europe/Berlin] Current session data: {"csrf_token":"6a697ec4e60cfdfa69753b77fe48f94247b64fb5fc738bcd1a8bbbcad4a18418","csrf_token_time":1747037149,"student_id":1,"usertype":"admin","srcode":"21-00001","student_name":"Lourence Reguis","email":"admin@admin.com","course_id":1,"section":"2201","admin_id":1,"admin_name":"Admin User","is_super_admin":true}
[12-May-2025 10:26:07 Europe/Berlin] Session already active in TokenHandler. Session ID: 0kpcqpq133luhqo0577f2kc8t0
[12-May-2025 10:26:07 Europe/Berlin] Current session data: {"csrf_token":"6a697ec4e60cfdfa69753b77fe48f94247b64fb5fc738bcd1a8bbbcad4a18418","csrf_token_time":1747037149,"student_id":1,"usertype":"admin","srcode":"21-00001","student_name":"Lourence Reguis","email":"admin@admin.com","course_id":1,"section":"2201","admin_id":1,"admin_name":"Admin User","is_super_admin":true}
[12-May-2025 10:26:09 Europe/Berlin] Session already active in TokenHandler. Session ID: 0kpcqpq133luhqo0577f2kc8t0
[12-May-2025 10:26:09 Europe/Berlin] Current session data: {"csrf_token":"6a697ec4e60cfdfa69753b77fe48f94247b64fb5fc738bcd1a8bbbcad4a18418","csrf_token_time":1747037149,"student_id":1,"usertype":"admin","srcode":"21-00001","student_name":"Lourence Reguis","email":"admin@admin.com","course_id":1,"section":"2201","admin_id":1,"admin_name":"Admin User","is_super_admin":true}
[12-May-2025 10:26:09 Europe/Berlin] Session already active in TokenHandler. Session ID: 0kpcqpq133luhqo0577f2kc8t0
[12-May-2025 10:26:09 Europe/Berlin] Current session data: {"csrf_token":"6a697ec4e60cfdfa69753b77fe48f94247b64fb5fc738bcd1a8bbbcad4a18418","csrf_token_time":1747037149,"student_id":1,"usertype":"admin","srcode":"21-00001","student_name":"Lourence Reguis","email":"admin@admin.com","course_id":1,"section":"2201","admin_id":1,"admin_name":"Admin User","is_super_admin":true}
[12-May-2025 10:26:09 Europe/Berlin] Session already active in TokenHandler. Session ID: 0kpcqpq133luhqo0577f2kc8t0
[12-May-2025 10:26:09 Europe/Berlin] Current session data: {"csrf_token":"6a697ec4e60cfdfa69753b77fe48f94247b64fb5fc738bcd1a8bbbcad4a18418","csrf_token_time":1747037149,"student_id":1,"usertype":"admin","srcode":"21-00001","student_name":"Lourence Reguis","email":"admin@admin.com","course_id":1,"section":"2201","admin_id":1,"admin_name":"Admin User","is_super_admin":true}
[12-May-2025 10:26:09 Europe/Berlin] Session already active in TokenHandler. Session ID: 0kpcqpq133luhqo0577f2kc8t0
[12-May-2025 10:26:09 Europe/Berlin] Current session data: {"csrf_token":"6a697ec4e60cfdfa69753b77fe48f94247b64fb5fc738bcd1a8bbbcad4a18418","csrf_token_time":1747037149,"student_id":1,"usertype":"admin","srcode":"21-00001","student_name":"Lourence Reguis","email":"admin@admin.com","course_id":1,"section":"2201","admin_id":1,"admin_name":"Admin User","is_super_admin":true}
[12-May-2025 10:26:12 Europe/Berlin] Session already active in TokenHandler. Session ID: 0kpcqpq133luhqo0577f2kc8t0
[12-May-2025 10:26:12 Europe/Berlin] Current session data: {"csrf_token":"6a697ec4e60cfdfa69753b77fe48f94247b64fb5fc738bcd1a8bbbcad4a18418","csrf_token_time":1747037149,"student_id":1,"usertype":"admin","srcode":"21-00001","student_name":"Lourence Reguis","email":"admin@admin.com","course_id":1,"section":"2201","admin_id":1,"admin_name":"Admin User","is_super_admin":true}
[12-May-2025 10:26:12 Europe/Berlin] Session already active in TokenHandler. Session ID: 0kpcqpq133luhqo0577f2kc8t0
[12-May-2025 10:26:12 Europe/Berlin] Current session data: {"csrf_token":"6a697ec4e60cfdfa69753b77fe48f94247b64fb5fc738bcd1a8bbbcad4a18418","csrf_token_time":1747037149,"student_id":1,"usertype":"admin","srcode":"21-00001","student_name":"Lourence Reguis","email":"admin@admin.com","course_id":1,"section":"2201","admin_id":1,"admin_name":"Admin User","is_super_admin":true}
[12-May-2025 10:26:12 Europe/Berlin] Session already active in TokenHandler. Session ID: 0kpcqpq133luhqo0577f2kc8t0
[12-May-2025 10:26:12 Europe/Berlin] Current session data: {"csrf_token":"6a697ec4e60cfdfa69753b77fe48f94247b64fb5fc738bcd1a8bbbcad4a18418","csrf_token_time":1747037149,"student_id":1,"usertype":"admin","srcode":"21-00001","student_name":"Lourence Reguis","email":"admin@admin.com","course_id":1,"section":"2201","admin_id":1,"admin_name":"Admin User","is_super_admin":true}
[12-May-2025 10:26:12 Europe/Berlin] Session already active in TokenHandler. Session ID: 0kpcqpq133luhqo0577f2kc8t0
[12-May-2025 10:26:12 Europe/Berlin] Current session data: {"csrf_token":"6a697ec4e60cfdfa69753b77fe48f94247b64fb5fc738bcd1a8bbbcad4a18418","csrf_token_time":1747037149,"student_id":1,"usertype":"admin","srcode":"21-00001","student_name":"Lourence Reguis","email":"admin@admin.com","course_id":1,"section":"2201","admin_id":1,"admin_name":"Admin User","is_super_admin":true}
[12-May-2025 10:26:27 Europe/Berlin] Session already active in TokenHandler. Session ID: 0kpcqpq133luhqo0577f2kc8t0
[12-May-2025 10:26:27 Europe/Berlin] Current session data: {"csrf_token":"6a697ec4e60cfdfa69753b77fe48f94247b64fb5fc738bcd1a8bbbcad4a18418","csrf_token_time":1747037149,"student_id":1,"usertype":"admin","srcode":"21-00001","student_name":"Lourence Reguis","email":"admin@admin.com","course_id":1,"section":"2201","admin_id":1,"admin_name":"Admin User","is_super_admin":true}
[12-May-2025 10:26:27 Europe/Berlin] Session already active in TokenHandler. Session ID: 0kpcqpq133luhqo0577f2kc8t0
[12-May-2025 10:26:27 Europe/Berlin] Current session data: {"csrf_token":"6a697ec4e60cfdfa69753b77fe48f94247b64fb5fc738bcd1a8bbbcad4a18418","csrf_token_time":1747037149,"student_id":1,"usertype":"admin","srcode":"21-00001","student_name":"Lourence Reguis","email":"admin@admin.com","course_id":1,"section":"2201","admin_id":1,"admin_name":"Admin User","is_super_admin":true}
[12-May-2025 10:27:14 Europe/Berlin] Session already active in TokenHandler. Session ID: 0kpcqpq133luhqo0577f2kc8t0
[12-May-2025 10:27:14 Europe/Berlin] Current session data: {"csrf_token":"6a697ec4e60cfdfa69753b77fe48f94247b64fb5fc738bcd1a8bbbcad4a18418","csrf_token_time":1747037149,"student_id":1,"usertype":"admin","srcode":"21-00001","student_name":"Lourence Reguis","email":"admin@admin.com","course_id":1,"section":"2201","admin_id":1,"admin_name":"Admin User","is_super_admin":true}
[12-May-2025 10:27:14 Europe/Berlin] Session already active in TokenHandler. Session ID: 0kpcqpq133luhqo0577f2kc8t0
[12-May-2025 10:27:14 Europe/Berlin] Current session data: {"csrf_token":"6a697ec4e60cfdfa69753b77fe48f94247b64fb5fc738bcd1a8bbbcad4a18418","csrf_token_time":1747037149,"student_id":1,"usertype":"admin","srcode":"21-00001","student_name":"Lourence Reguis","email":"admin@admin.com","course_id":1,"section":"2201","admin_id":1,"admin_name":"Admin User","is_super_admin":true}
[12-May-2025 10:27:16 Europe/Berlin] Session already active in TokenHandler. Session ID: 0kpcqpq133luhqo0577f2kc8t0
[12-May-2025 10:27:16 Europe/Berlin] Current session data: {"csrf_token":"6a697ec4e60cfdfa69753b77fe48f94247b64fb5fc738bcd1a8bbbcad4a18418","csrf_token_time":1747037149,"student_id":1,"usertype":"admin","srcode":"21-00001","student_name":"Lourence Reguis","email":"admin@admin.com","course_id":1,"section":"2201","admin_id":1,"admin_name":"Admin User","is_super_admin":true}
[12-May-2025 10:27:16 Europe/Berlin] Session already active in TokenHandler. Session ID: 0kpcqpq133luhqo0577f2kc8t0
[12-May-2025 10:27:16 Europe/Berlin] Current session data: {"csrf_token":"6a697ec4e60cfdfa69753b77fe48f94247b64fb5fc738bcd1a8bbbcad4a18418","csrf_token_time":1747037149,"student_id":1,"usertype":"admin","srcode":"21-00001","student_name":"Lourence Reguis","email":"admin@admin.com","course_id":1,"section":"2201","admin_id":1,"admin_name":"Admin User","is_super_admin":true}
[12-May-2025 10:27:18 Europe/Berlin] Session already active in TokenHandler. Session ID: 0kpcqpq133luhqo0577f2kc8t0
[12-May-2025 10:27:18 Europe/Berlin] Current session data: {"csrf_token":"6a697ec4e60cfdfa69753b77fe48f94247b64fb5fc738bcd1a8bbbcad4a18418","csrf_token_time":1747037149,"student_id":1,"usertype":"admin","srcode":"21-00001","student_name":"Lourence Reguis","email":"admin@admin.com","course_id":1,"section":"2201","admin_id":1,"admin_name":"Admin User","is_super_admin":true}
[12-May-2025 10:27:18 Europe/Berlin] Session already active in TokenHandler. Session ID: 0kpcqpq133luhqo0577f2kc8t0
[12-May-2025 10:27:18 Europe/Berlin] Current session data: {"csrf_token":"6a697ec4e60cfdfa69753b77fe48f94247b64fb5fc738bcd1a8bbbcad4a18418","csrf_token_time":1747037149,"student_id":1,"usertype":"admin","srcode":"21-00001","student_name":"Lourence Reguis","email":"admin@admin.com","course_id":1,"section":"2201","admin_id":1,"admin_name":"Admin User","is_super_admin":true}
[12-May-2025 10:27:19 Europe/Berlin] Session already active in TokenHandler. Session ID: 0kpcqpq133luhqo0577f2kc8t0
[12-May-2025 10:27:19 Europe/Berlin] Current session data: {"csrf_token":"6a697ec4e60cfdfa69753b77fe48f94247b64fb5fc738bcd1a8bbbcad4a18418","csrf_token_time":1747037149,"student_id":1,"usertype":"admin","srcode":"21-00001","student_name":"Lourence Reguis","email":"admin@admin.com","course_id":1,"section":"2201","admin_id":1,"admin_name":"Admin User","is_super_admin":true}
[12-May-2025 10:27:19 Europe/Berlin] Session already active in TokenHandler. Session ID: 0kpcqpq133luhqo0577f2kc8t0
[12-May-2025 10:27:19 Europe/Berlin] Current session data: {"csrf_token":"6a697ec4e60cfdfa69753b77fe48f94247b64fb5fc738bcd1a8bbbcad4a18418","csrf_token_time":1747037149,"student_id":1,"usertype":"admin","srcode":"21-00001","student_name":"Lourence Reguis","email":"admin@admin.com","course_id":1,"section":"2201","admin_id":1,"admin_name":"Admin User","is_super_admin":true}
[12-May-2025 10:29:06 Europe/Berlin] Session already active in TokenHandler. Session ID: 0kpcqpq133luhqo0577f2kc8t0
[12-May-2025 10:29:06 Europe/Berlin] Current session data: {"csrf_token":"6a697ec4e60cfdfa69753b77fe48f94247b64fb5fc738bcd1a8bbbcad4a18418","csrf_token_time":1747037149,"student_id":1,"usertype":"admin","srcode":"21-00001","student_name":"Lourence Reguis","email":"admin@admin.com","course_id":1,"section":"2201","admin_id":1,"admin_name":"Admin User","is_super_admin":true}
[12-May-2025 10:29:06 Europe/Berlin] Session already active in TokenHandler. Session ID: 0kpcqpq133luhqo0577f2kc8t0
[12-May-2025 10:29:06 Europe/Berlin] Current session data: {"csrf_token":"6a697ec4e60cfdfa69753b77fe48f94247b64fb5fc738bcd1a8bbbcad4a18418","csrf_token_time":1747037149,"student_id":1,"usertype":"admin","srcode":"21-00001","student_name":"Lourence Reguis","email":"admin@admin.com","course_id":1,"section":"2201","admin_id":1,"admin_name":"Admin User","is_super_admin":true}
[12-May-2025 10:29:08 Europe/Berlin] Session already active in TokenHandler. Session ID: 0kpcqpq133luhqo0577f2kc8t0
[12-May-2025 10:29:08 Europe/Berlin] Current session data: {"csrf_token":"6a697ec4e60cfdfa69753b77fe48f94247b64fb5fc738bcd1a8bbbcad4a18418","csrf_token_time":1747037149,"student_id":1,"usertype":"admin","srcode":"21-00001","student_name":"Lourence Reguis","email":"admin@admin.com","course_id":1,"section":"2201","admin_id":1,"admin_name":"Admin User","is_super_admin":true}
[12-May-2025 10:29:08 Europe/Berlin] Session already active in TokenHandler. Session ID: 0kpcqpq133luhqo0577f2kc8t0
[12-May-2025 10:29:08 Europe/Berlin] Current session data: {"csrf_token":"6a697ec4e60cfdfa69753b77fe48f94247b64fb5fc738bcd1a8bbbcad4a18418","csrf_token_time":1747037149,"student_id":1,"usertype":"admin","srcode":"21-00001","student_name":"Lourence Reguis","email":"admin@admin.com","course_id":1,"section":"2201","admin_id":1,"admin_name":"Admin User","is_super_admin":true}
[12-May-2025 10:29:08 Europe/Berlin] Session already active in TokenHandler. Session ID: 0kpcqpq133luhqo0577f2kc8t0
[12-May-2025 10:29:08 Europe/Berlin] Current session data: {"csrf_token":"6a697ec4e60cfdfa69753b77fe48f94247b64fb5fc738bcd1a8bbbcad4a18418","csrf_token_time":1747037149,"student_id":1,"usertype":"admin","srcode":"21-00001","student_name":"Lourence Reguis","email":"admin@admin.com","course_id":1,"section":"2201","admin_id":1,"admin_name":"Admin User","is_super_admin":true}
[12-May-2025 10:29:08 Europe/Berlin] Session already active in TokenHandler. Session ID: 0kpcqpq133luhqo0577f2kc8t0
[12-May-2025 10:29:08 Europe/Berlin] Current session data: {"csrf_token":"6a697ec4e60cfdfa69753b77fe48f94247b64fb5fc738bcd1a8bbbcad4a18418","csrf_token_time":1747037149,"student_id":1,"usertype":"admin","srcode":"21-00001","student_name":"Lourence Reguis","email":"admin@admin.com","course_id":1,"section":"2201","admin_id":1,"admin_name":"Admin User","is_super_admin":true}
[12-May-2025 10:29:15 Europe/Berlin] Session already active in TokenHandler. Session ID: 0kpcqpq133luhqo0577f2kc8t0
[12-May-2025 10:29:15 Europe/Berlin] Current session data: {"csrf_token":"6a697ec4e60cfdfa69753b77fe48f94247b64fb5fc738bcd1a8bbbcad4a18418","csrf_token_time":1747037149,"student_id":1,"usertype":"admin","srcode":"21-00001","student_name":"Lourence Reguis","email":"admin@admin.com","course_id":1,"section":"2201","admin_id":1,"admin_name":"Admin User","is_super_admin":true}
[12-May-2025 10:29:15 Europe/Berlin] Session already active in TokenHandler. Session ID: 0kpcqpq133luhqo0577f2kc8t0
[12-May-2025 10:29:15 Europe/Berlin] Current session data: {"csrf_token":"6a697ec4e60cfdfa69753b77fe48f94247b64fb5fc738bcd1a8bbbcad4a18418","csrf_token_time":1747037149,"student_id":1,"usertype":"admin","srcode":"21-00001","student_name":"Lourence Reguis","email":"admin@admin.com","course_id":1,"section":"2201","admin_id":1,"admin_name":"Admin User","is_super_admin":true}
[12-May-2025 10:29:15 Europe/Berlin] Session already active in TokenHandler. Session ID: 0kpcqpq133luhqo0577f2kc8t0
[12-May-2025 10:29:15 Europe/Berlin] Current session data: {"csrf_token":"6a697ec4e60cfdfa69753b77fe48f94247b64fb5fc738bcd1a8bbbcad4a18418","csrf_token_time":1747037149,"student_id":1,"usertype":"admin","srcode":"21-00001","student_name":"Lourence Reguis","email":"admin@admin.com","course_id":1,"section":"2201","admin_id":1,"admin_name":"Admin User","is_super_admin":true}
[12-May-2025 10:29:15 Europe/Berlin] Session already active in TokenHandler. Session ID: 0kpcqpq133luhqo0577f2kc8t0
[12-May-2025 10:29:15 Europe/Berlin] Current session data: {"csrf_token":"6a697ec4e60cfdfa69753b77fe48f94247b64fb5fc738bcd1a8bbbcad4a18418","csrf_token_time":1747037149,"student_id":1,"usertype":"admin","srcode":"21-00001","student_name":"Lourence Reguis","email":"admin@admin.com","course_id":1,"section":"2201","admin_id":1,"admin_name":"Admin User","is_super_admin":true}
[12-May-2025 10:29:17 Europe/Berlin] Session already active in TokenHandler. Session ID: 0kpcqpq133luhqo0577f2kc8t0
[12-May-2025 10:29:17 Europe/Berlin] Current session data: {"csrf_token":"6a697ec4e60cfdfa69753b77fe48f94247b64fb5fc738bcd1a8bbbcad4a18418","csrf_token_time":1747037149,"student_id":1,"usertype":"admin","srcode":"21-00001","student_name":"Lourence Reguis","email":"admin@admin.com","course_id":1,"section":"2201","admin_id":1,"admin_name":"Admin User","is_super_admin":true}
[12-May-2025 10:29:17 Europe/Berlin] Session already active in TokenHandler. Session ID: 0kpcqpq133luhqo0577f2kc8t0
[12-May-2025 10:29:17 Europe/Berlin] Current session data: {"csrf_token":"6a697ec4e60cfdfa69753b77fe48f94247b64fb5fc738bcd1a8bbbcad4a18418","csrf_token_time":1747037149,"student_id":1,"usertype":"admin","srcode":"21-00001","student_name":"Lourence Reguis","email":"admin@admin.com","course_id":1,"section":"2201","admin_id":1,"admin_name":"Admin User","is_super_admin":true}
[12-May-2025 10:29:17 Europe/Berlin] Session already active in TokenHandler. Session ID: 0kpcqpq133luhqo0577f2kc8t0
[12-May-2025 10:29:17 Europe/Berlin] Current session data: {"csrf_token":"6a697ec4e60cfdfa69753b77fe48f94247b64fb5fc738bcd1a8bbbcad4a18418","csrf_token_time":1747037149,"student_id":1,"usertype":"admin","srcode":"21-00001","student_name":"Lourence Reguis","email":"admin@admin.com","course_id":1,"section":"2201","admin_id":1,"admin_name":"Admin User","is_super_admin":true}
[12-May-2025 10:29:17 Europe/Berlin] Session already active in TokenHandler. Session ID: 0kpcqpq133luhqo0577f2kc8t0
[12-May-2025 10:29:17 Europe/Berlin] Current session data: {"csrf_token":"6a697ec4e60cfdfa69753b77fe48f94247b64fb5fc738bcd1a8bbbcad4a18418","csrf_token_time":1747037149,"student_id":1,"usertype":"admin","srcode":"21-00001","student_name":"Lourence Reguis","email":"admin@admin.com","course_id":1,"section":"2201","admin_id":1,"admin_name":"Admin User","is_super_admin":true}
[12-May-2025 10:29:39 Europe/Berlin] Session already active in TokenHandler. Session ID: 0kpcqpq133luhqo0577f2kc8t0
[12-May-2025 10:29:39 Europe/Berlin] Current session data: {"csrf_token":"6a697ec4e60cfdfa69753b77fe48f94247b64fb5fc738bcd1a8bbbcad4a18418","csrf_token_time":1747037149,"student_id":1,"usertype":"admin","srcode":"21-00001","student_name":"Lourence Reguis","email":"admin@admin.com","course_id":1,"section":"2201","admin_id":1,"admin_name":"Admin User","is_super_admin":true}
[12-May-2025 10:29:39 Europe/Berlin] Session already active in TokenHandler. Session ID: 0kpcqpq133luhqo0577f2kc8t0
[12-May-2025 10:29:39 Europe/Berlin] Current session data: {"csrf_token":"6a697ec4e60cfdfa69753b77fe48f94247b64fb5fc738bcd1a8bbbcad4a18418","csrf_token_time":1747037149,"student_id":1,"usertype":"admin","srcode":"21-00001","student_name":"Lourence Reguis","email":"admin@admin.com","course_id":1,"section":"2201","admin_id":1,"admin_name":"Admin User","is_super_admin":true}
[12-May-2025 10:29:39 Europe/Berlin] Session already active in TokenHandler. Session ID: 0kpcqpq133luhqo0577f2kc8t0
[12-May-2025 10:29:39 Europe/Berlin] Current session data: {"csrf_token":"6a697ec4e60cfdfa69753b77fe48f94247b64fb5fc738bcd1a8bbbcad4a18418","csrf_token_time":1747037149,"student_id":1,"usertype":"admin","srcode":"21-00001","student_name":"Lourence Reguis","email":"admin@admin.com","course_id":1,"section":"2201","admin_id":1,"admin_name":"Admin User","is_super_admin":true}
[12-May-2025 10:29:39 Europe/Berlin] Session already active in TokenHandler. Session ID: 0kpcqpq133luhqo0577f2kc8t0
[12-May-2025 10:29:39 Europe/Berlin] Current session data: {"csrf_token":"6a697ec4e60cfdfa69753b77fe48f94247b64fb5fc738bcd1a8bbbcad4a18418","csrf_token_time":1747037149,"student_id":1,"usertype":"admin","srcode":"21-00001","student_name":"Lourence Reguis","email":"admin@admin.com","course_id":1,"section":"2201","admin_id":1,"admin_name":"Admin User","is_super_admin":true}
[12-May-2025 10:29:51 Europe/Berlin] Session already active in TokenHandler. Session ID: 0kpcqpq133luhqo0577f2kc8t0
[12-May-2025 10:29:51 Europe/Berlin] Current session data: {"csrf_token":"6a697ec4e60cfdfa69753b77fe48f94247b64fb5fc738bcd1a8bbbcad4a18418","csrf_token_time":1747037149,"student_id":1,"usertype":"admin","srcode":"21-00001","student_name":"Lourence Reguis","email":"admin@admin.com","course_id":1,"section":"2201","admin_id":1,"admin_name":"Admin User","is_super_admin":true}
[12-May-2025 10:29:51 Europe/Berlin] Session already active in TokenHandler. Session ID: 0kpcqpq133luhqo0577f2kc8t0
[12-May-2025 10:29:51 Europe/Berlin] Current session data: {"csrf_token":"6a697ec4e60cfdfa69753b77fe48f94247b64fb5fc738bcd1a8bbbcad4a18418","csrf_token_time":1747037149,"student_id":1,"usertype":"admin","srcode":"21-00001","student_name":"Lourence Reguis","email":"admin@admin.com","course_id":1,"section":"2201","admin_id":1,"admin_name":"Admin User","is_super_admin":true}
[12-May-2025 10:29:51 Europe/Berlin] Session already active in TokenHandler. Session ID: 0kpcqpq133luhqo0577f2kc8t0
[12-May-2025 10:29:51 Europe/Berlin] Current session data: {"csrf_token":"6a697ec4e60cfdfa69753b77fe48f94247b64fb5fc738bcd1a8bbbcad4a18418","csrf_token_time":1747037149,"student_id":1,"usertype":"admin","srcode":"21-00001","student_name":"Lourence Reguis","email":"admin@admin.com","course_id":1,"section":"2201","admin_id":1,"admin_name":"Admin User","is_super_admin":true}
[12-May-2025 10:29:51 Europe/Berlin] Session already active in TokenHandler. Session ID: 0kpcqpq133luhqo0577f2kc8t0
[12-May-2025 10:29:51 Europe/Berlin] Current session data: {"csrf_token":"6a697ec4e60cfdfa69753b77fe48f94247b64fb5fc738bcd1a8bbbcad4a18418","csrf_token_time":1747037149,"student_id":1,"usertype":"admin","srcode":"21-00001","student_name":"Lourence Reguis","email":"admin@admin.com","course_id":1,"section":"2201","admin_id":1,"admin_name":"Admin User","is_super_admin":true}
[12-May-2025 10:30:15 Europe/Berlin] Session already active in TokenHandler. Session ID: 0kpcqpq133luhqo0577f2kc8t0
[12-May-2025 10:30:15 Europe/Berlin] Current session data: {"csrf_token":"6a697ec4e60cfdfa69753b77fe48f94247b64fb5fc738bcd1a8bbbcad4a18418","csrf_token_time":1747037149,"student_id":1,"usertype":"admin","srcode":"21-00001","student_name":"Lourence Reguis","email":"admin@admin.com","course_id":1,"section":"2201","admin_id":1,"admin_name":"Admin User","is_super_admin":true}
[12-May-2025 10:30:15 Europe/Berlin] Session already active in TokenHandler. Session ID: 0kpcqpq133luhqo0577f2kc8t0
[12-May-2025 10:30:15 Europe/Berlin] Current session data: {"csrf_token":"6a697ec4e60cfdfa69753b77fe48f94247b64fb5fc738bcd1a8bbbcad4a18418","csrf_token_time":1747037149,"student_id":1,"usertype":"admin","srcode":"21-00001","student_name":"Lourence Reguis","email":"admin@admin.com","course_id":1,"section":"2201","admin_id":1,"admin_name":"Admin User","is_super_admin":true}
[12-May-2025 10:30:15 Europe/Berlin] Session already active in TokenHandler. Session ID: 0kpcqpq133luhqo0577f2kc8t0
[12-May-2025 10:30:15 Europe/Berlin] Current session data: {"csrf_token":"6a697ec4e60cfdfa69753b77fe48f94247b64fb5fc738bcd1a8bbbcad4a18418","csrf_token_time":1747037149,"student_id":1,"usertype":"admin","srcode":"21-00001","student_name":"Lourence Reguis","email":"admin@admin.com","course_id":1,"section":"2201","admin_id":1,"admin_name":"Admin User","is_super_admin":true}
[12-May-2025 10:30:15 Europe/Berlin] Session already active in TokenHandler. Session ID: 0kpcqpq133luhqo0577f2kc8t0
[12-May-2025 10:30:15 Europe/Berlin] Current session data: {"csrf_token":"6a697ec4e60cfdfa69753b77fe48f94247b64fb5fc738bcd1a8bbbcad4a18418","csrf_token_time":1747037149,"student_id":1,"usertype":"admin","srcode":"21-00001","student_name":"Lourence Reguis","email":"admin@admin.com","course_id":1,"section":"2201","admin_id":1,"admin_name":"Admin User","is_super_admin":true}
[12-May-2025 10:31:13 Europe/Berlin] Session already active in TokenHandler. Session ID: 0kpcqpq133luhqo0577f2kc8t0
[12-May-2025 10:31:13 Europe/Berlin] Current session data: {"csrf_token":"6a697ec4e60cfdfa69753b77fe48f94247b64fb5fc738bcd1a8bbbcad4a18418","csrf_token_time":1747037149,"student_id":1,"usertype":"admin","srcode":"21-00001","student_name":"Lourence Reguis","email":"admin@admin.com","course_id":1,"section":"2201","admin_id":1,"admin_name":"Admin User","is_super_admin":true}
[12-May-2025 10:31:13 Europe/Berlin] Session already active in TokenHandler. Session ID: 0kpcqpq133luhqo0577f2kc8t0
[12-May-2025 10:31:13 Europe/Berlin] Current session data: {"csrf_token":"6a697ec4e60cfdfa69753b77fe48f94247b64fb5fc738bcd1a8bbbcad4a18418","csrf_token_time":1747037149,"student_id":1,"usertype":"admin","srcode":"21-00001","student_name":"Lourence Reguis","email":"admin@admin.com","course_id":1,"section":"2201","admin_id":1,"admin_name":"Admin User","is_super_admin":true}
[12-May-2025 10:31:13 Europe/Berlin] Session already active in TokenHandler. Session ID: 0kpcqpq133luhqo0577f2kc8t0
[12-May-2025 10:31:13 Europe/Berlin] Current session data: {"csrf_token":"6a697ec4e60cfdfa69753b77fe48f94247b64fb5fc738bcd1a8bbbcad4a18418","csrf_token_time":1747037149,"student_id":1,"usertype":"admin","srcode":"21-00001","student_name":"Lourence Reguis","email":"admin@admin.com","course_id":1,"section":"2201","admin_id":1,"admin_name":"Admin User","is_super_admin":true}
[12-May-2025 10:31:13 Europe/Berlin] Session already active in TokenHandler. Session ID: 0kpcqpq133luhqo0577f2kc8t0
[12-May-2025 10:31:13 Europe/Berlin] Current session data: {"csrf_token":"6a697ec4e60cfdfa69753b77fe48f94247b64fb5fc738bcd1a8bbbcad4a18418","csrf_token_time":1747037149,"student_id":1,"usertype":"admin","srcode":"21-00001","student_name":"Lourence Reguis","email":"admin@admin.com","course_id":1,"section":"2201","admin_id":1,"admin_name":"Admin User","is_super_admin":true}
[12-May-2025 10:31:15 Europe/Berlin] Session already active in TokenHandler. Session ID: 0kpcqpq133luhqo0577f2kc8t0
[12-May-2025 10:31:15 Europe/Berlin] Current session data: {"csrf_token":"6a697ec4e60cfdfa69753b77fe48f94247b64fb5fc738bcd1a8bbbcad4a18418","csrf_token_time":1747037149,"student_id":1,"usertype":"admin","srcode":"21-00001","student_name":"Lourence Reguis","email":"admin@admin.com","course_id":1,"section":"2201","admin_id":1,"admin_name":"Admin User","is_super_admin":true}
[12-May-2025 10:31:15 Europe/Berlin] Session already active in TokenHandler. Session ID: 0kpcqpq133luhqo0577f2kc8t0
[12-May-2025 10:31:15 Europe/Berlin] Current session data: {"csrf_token":"6a697ec4e60cfdfa69753b77fe48f94247b64fb5fc738bcd1a8bbbcad4a18418","csrf_token_time":1747037149,"student_id":1,"usertype":"admin","srcode":"21-00001","student_name":"Lourence Reguis","email":"admin@admin.com","course_id":1,"section":"2201","admin_id":1,"admin_name":"Admin User","is_super_admin":true}
[12-May-2025 10:31:17 Europe/Berlin] Session already active in TokenHandler. Session ID: 0kpcqpq133luhqo0577f2kc8t0
[12-May-2025 10:31:17 Europe/Berlin] Current session data: {"csrf_token":"6a697ec4e60cfdfa69753b77fe48f94247b64fb5fc738bcd1a8bbbcad4a18418","csrf_token_time":1747037149,"student_id":1,"usertype":"admin","srcode":"21-00001","student_name":"Lourence Reguis","email":"admin@admin.com","course_id":1,"section":"2201","admin_id":1,"admin_name":"Admin User","is_super_admin":true}
[12-May-2025 10:31:17 Europe/Berlin] Session already active in TokenHandler. Session ID: 0kpcqpq133luhqo0577f2kc8t0
[12-May-2025 10:31:17 Europe/Berlin] Current session data: {"csrf_token":"6a697ec4e60cfdfa69753b77fe48f94247b64fb5fc738bcd1a8bbbcad4a18418","csrf_token_time":1747037149,"student_id":1,"usertype":"admin","srcode":"21-00001","student_name":"Lourence Reguis","email":"admin@admin.com","course_id":1,"section":"2201","admin_id":1,"admin_name":"Admin User","is_super_admin":true}
[12-May-2025 10:31:17 Europe/Berlin] Session already active in TokenHandler. Session ID: 0kpcqpq133luhqo0577f2kc8t0
[12-May-2025 10:31:17 Europe/Berlin] Current session data: {"csrf_token":"6a697ec4e60cfdfa69753b77fe48f94247b64fb5fc738bcd1a8bbbcad4a18418","csrf_token_time":1747037149,"student_id":1,"usertype":"admin","srcode":"21-00001","student_name":"Lourence Reguis","email":"admin@admin.com","course_id":1,"section":"2201","admin_id":1,"admin_name":"Admin User","is_super_admin":true}
[12-May-2025 10:31:17 Europe/Berlin] Session already active in TokenHandler. Session ID: 0kpcqpq133luhqo0577f2kc8t0
[12-May-2025 10:31:17 Europe/Berlin] Current session data: {"csrf_token":"6a697ec4e60cfdfa69753b77fe48f94247b64fb5fc738bcd1a8bbbcad4a18418","csrf_token_time":1747037149,"student_id":1,"usertype":"admin","srcode":"21-00001","student_name":"Lourence Reguis","email":"admin@admin.com","course_id":1,"section":"2201","admin_id":1,"admin_name":"Admin User","is_super_admin":true}
[12-May-2025 10:31:18 Europe/Berlin] Session already active in TokenHandler. Session ID: 0kpcqpq133luhqo0577f2kc8t0
[12-May-2025 10:31:18 Europe/Berlin] Current session data: {"csrf_token":"6a697ec4e60cfdfa69753b77fe48f94247b64fb5fc738bcd1a8bbbcad4a18418","csrf_token_time":1747037149,"student_id":1,"usertype":"admin","srcode":"21-00001","student_name":"Lourence Reguis","email":"admin@admin.com","course_id":1,"section":"2201","admin_id":1,"admin_name":"Admin User","is_super_admin":true}
[12-May-2025 10:31:18 Europe/Berlin] Session already active in TokenHandler. Session ID: 0kpcqpq133luhqo0577f2kc8t0
[12-May-2025 10:31:18 Europe/Berlin] Current session data: {"csrf_token":"6a697ec4e60cfdfa69753b77fe48f94247b64fb5fc738bcd1a8bbbcad4a18418","csrf_token_time":1747037149,"student_id":1,"usertype":"admin","srcode":"21-00001","student_name":"Lourence Reguis","email":"admin@admin.com","course_id":1,"section":"2201","admin_id":1,"admin_name":"Admin User","is_super_admin":true}
[12-May-2025 10:31:18 Europe/Berlin] Session already active in TokenHandler. Session ID: 0kpcqpq133luhqo0577f2kc8t0
[12-May-2025 10:31:18 Europe/Berlin] Current session data: {"csrf_token":"6a697ec4e60cfdfa69753b77fe48f94247b64fb5fc738bcd1a8bbbcad4a18418","csrf_token_time":1747037149,"student_id":1,"usertype":"admin","srcode":"21-00001","student_name":"Lourence Reguis","email":"admin@admin.com","course_id":1,"section":"2201","admin_id":1,"admin_name":"Admin User","is_super_admin":true}
[12-May-2025 10:31:18 Europe/Berlin] Session already active in TokenHandler. Session ID: 0kpcqpq133luhqo0577f2kc8t0
[12-May-2025 10:31:18 Europe/Berlin] Current session data: {"csrf_token":"6a697ec4e60cfdfa69753b77fe48f94247b64fb5fc738bcd1a8bbbcad4a18418","csrf_token_time":1747037149,"student_id":1,"usertype":"admin","srcode":"21-00001","student_name":"Lourence Reguis","email":"admin@admin.com","course_id":1,"section":"2201","admin_id":1,"admin_name":"Admin User","is_super_admin":true}
[12-May-2025 10:31:19 Europe/Berlin] Session already active in TokenHandler. Session ID: 0kpcqpq133luhqo0577f2kc8t0
[12-May-2025 10:31:19 Europe/Berlin] Current session data: {"csrf_token":"6a697ec4e60cfdfa69753b77fe48f94247b64fb5fc738bcd1a8bbbcad4a18418","csrf_token_time":1747037149,"student_id":1,"usertype":"admin","srcode":"21-00001","student_name":"Lourence Reguis","email":"admin@admin.com","course_id":1,"section":"2201","admin_id":1,"admin_name":"Admin User","is_super_admin":true}
[12-May-2025 10:31:19 Europe/Berlin] Session already active in TokenHandler. Session ID: 0kpcqpq133luhqo0577f2kc8t0
[12-May-2025 10:31:19 Europe/Berlin] Current session data: {"csrf_token":"6a697ec4e60cfdfa69753b77fe48f94247b64fb5fc738bcd1a8bbbcad4a18418","csrf_token_time":1747037149,"student_id":1,"usertype":"admin","srcode":"21-00001","student_name":"Lourence Reguis","email":"admin@admin.com","course_id":1,"section":"2201","admin_id":1,"admin_name":"Admin User","is_super_admin":true}
[12-May-2025 10:31:19 Europe/Berlin] Session already active in TokenHandler. Session ID: 0kpcqpq133luhqo0577f2kc8t0
[12-May-2025 10:31:19 Europe/Berlin] Current session data: {"csrf_token":"6a697ec4e60cfdfa69753b77fe48f94247b64fb5fc738bcd1a8bbbcad4a18418","csrf_token_time":1747037149,"student_id":1,"usertype":"admin","srcode":"21-00001","student_name":"Lourence Reguis","email":"admin@admin.com","course_id":1,"section":"2201","admin_id":1,"admin_name":"Admin User","is_super_admin":true}
[12-May-2025 10:31:19 Europe/Berlin] Session already active in TokenHandler. Session ID: 0kpcqpq133luhqo0577f2kc8t0
[12-May-2025 10:31:19 Europe/Berlin] Current session data: {"csrf_token":"6a697ec4e60cfdfa69753b77fe48f94247b64fb5fc738bcd1a8bbbcad4a18418","csrf_token_time":1747037149,"student_id":1,"usertype":"admin","srcode":"21-00001","student_name":"Lourence Reguis","email":"admin@admin.com","course_id":1,"section":"2201","admin_id":1,"admin_name":"Admin User","is_super_admin":true}
[12-May-2025 10:31:20 Europe/Berlin] Session already active in TokenHandler. Session ID: 0kpcqpq133luhqo0577f2kc8t0
[12-May-2025 10:31:20 Europe/Berlin] Current session data: {"csrf_token":"6a697ec4e60cfdfa69753b77fe48f94247b64fb5fc738bcd1a8bbbcad4a18418","csrf_token_time":1747037149,"student_id":1,"usertype":"admin","srcode":"21-00001","student_name":"Lourence Reguis","email":"admin@admin.com","course_id":1,"section":"2201","admin_id":1,"admin_name":"Admin User","is_super_admin":true}
[12-May-2025 10:31:20 Europe/Berlin] Session already active in TokenHandler. Session ID: 0kpcqpq133luhqo0577f2kc8t0
[12-May-2025 10:31:20 Europe/Berlin] Current session data: {"csrf_token":"6a697ec4e60cfdfa69753b77fe48f94247b64fb5fc738bcd1a8bbbcad4a18418","csrf_token_time":1747037149,"student_id":1,"usertype":"admin","srcode":"21-00001","student_name":"Lourence Reguis","email":"admin@admin.com","course_id":1,"section":"2201","admin_id":1,"admin_name":"Admin User","is_super_admin":true}
[12-May-2025 10:31:21 Europe/Berlin] Session already active in TokenHandler. Session ID: 0kpcqpq133luhqo0577f2kc8t0
[12-May-2025 10:31:21 Europe/Berlin] Current session data: {"csrf_token":"6a697ec4e60cfdfa69753b77fe48f94247b64fb5fc738bcd1a8bbbcad4a18418","csrf_token_time":1747037149,"student_id":1,"usertype":"admin","srcode":"21-00001","student_name":"Lourence Reguis","email":"admin@admin.com","course_id":1,"section":"2201","admin_id":1,"admin_name":"Admin User","is_super_admin":true}
[12-May-2025 10:31:21 Europe/Berlin] Session already active in TokenHandler. Session ID: 0kpcqpq133luhqo0577f2kc8t0
[12-May-2025 10:31:21 Europe/Berlin] Current session data: {"csrf_token":"6a697ec4e60cfdfa69753b77fe48f94247b64fb5fc738bcd1a8bbbcad4a18418","csrf_token_time":1747037149,"student_id":1,"usertype":"admin","srcode":"21-00001","student_name":"Lourence Reguis","email":"admin@admin.com","course_id":1,"section":"2201","admin_id":1,"admin_name":"Admin User","is_super_admin":true}
